/*
MySQL Backup
Database: jqp
Backup Time: 2023-05-15 17:13:28
*/

SET FOREIGN_KEY_CHECKS=0;
DROP TABLE IF EXISTS `jqp`.`act_evt_log`;
DROP TABLE IF EXISTS `jqp`.`act_ge_bytearray`;
DROP TABLE IF EXISTS `jqp`.`act_ge_property`;
DROP TABLE IF EXISTS `jqp`.`act_hi_actinst`;
DROP TABLE IF EXISTS `jqp`.`act_hi_attachment`;
DROP TABLE IF EXISTS `jqp`.`act_hi_comment`;
DROP TABLE IF EXISTS `jqp`.`act_hi_detail`;
DROP TABLE IF EXISTS `jqp`.`act_hi_identitylink`;
DROP TABLE IF EXISTS `jqp`.`act_hi_procinst`;
DROP TABLE IF EXISTS `jqp`.`act_hi_taskinst`;
DROP TABLE IF EXISTS `jqp`.`act_hi_varinst`;
DROP TABLE IF EXISTS `jqp`.`act_id_group`;
DROP TABLE IF EXISTS `jqp`.`act_id_info`;
DROP TABLE IF EXISTS `jqp`.`act_id_membership`;
DROP TABLE IF EXISTS `jqp`.`act_id_user`;
DROP TABLE IF EXISTS `jqp`.`act_procdef_info`;
DROP TABLE IF EXISTS `jqp`.`act_re_deployment`;
DROP TABLE IF EXISTS `jqp`.`act_re_model`;
DROP TABLE IF EXISTS `jqp`.`act_re_procdef`;
DROP TABLE IF EXISTS `jqp`.`act_ru_event_subscr`;
DROP TABLE IF EXISTS `jqp`.`act_ru_execution`;
DROP TABLE IF EXISTS `jqp`.`act_ru_identitylink`;
DROP TABLE IF EXISTS `jqp`.`act_ru_job`;
DROP TABLE IF EXISTS `jqp`.`act_ru_task`;
DROP TABLE IF EXISTS `jqp`.`act_ru_variable`;
DROP TABLE IF EXISTS `jqp`.`address_code`;
DROP TABLE IF EXISTS `jqp`.`article`;
DROP TABLE IF EXISTS `jqp`.`audit_record`;
DROP TABLE IF EXISTS `jqp`.`chart`;
DROP TABLE IF EXISTS `jqp`.`chart_test_data1`;
DROP TABLE IF EXISTS `jqp`.`config`;
DROP TABLE IF EXISTS `jqp`.`custom_page`;
DROP TABLE IF EXISTS `jqp`.`customer`;
DROP TABLE IF EXISTS `jqp`.`customer_record`;
DROP TABLE IF EXISTS `jqp`.`customer_source`;
DROP TABLE IF EXISTS `jqp`.`data_import_task`;
DROP TABLE IF EXISTS `jqp`.`data_import_template`;
DROP TABLE IF EXISTS `jqp`.`data_import_template_field`;
DROP TABLE IF EXISTS `jqp`.`data_listener`;
DROP TABLE IF EXISTS `jqp`.`dept`;
DROP TABLE IF EXISTS `jqp`.`dept_manager`;
DROP TABLE IF EXISTS `jqp`.`dept_permission`;
DROP TABLE IF EXISTS `jqp`.`dic`;
DROP TABLE IF EXISTS `jqp`.`dic_item`;
DROP TABLE IF EXISTS `jqp`.`dynamic_task`;
DROP TABLE IF EXISTS `jqp`.`enterprise`;
DROP TABLE IF EXISTS `jqp`.`enterprise_manager`;
DROP TABLE IF EXISTS `jqp`.`enterprise_menu`;
DROP TABLE IF EXISTS `jqp`.`enterprise_user`;
DROP TABLE IF EXISTS `jqp`.`enterprise_user_position`;
DROP TABLE IF EXISTS `jqp`.`flow`;
DROP TABLE IF EXISTS `jqp`.`flow_deploy`;
DROP TABLE IF EXISTS `jqp`.`flow_instance`;
DROP TABLE IF EXISTS `jqp`.`flow_instance_task`;
DROP TABLE IF EXISTS `jqp`.`form`;
DROP TABLE IF EXISTS `jqp`.`form_button`;
DROP TABLE IF EXISTS `jqp`.`form_field`;
DROP TABLE IF EXISTS `jqp`.`form_ref`;
DROP TABLE IF EXISTS `jqp`.`global_log`;
DROP TABLE IF EXISTS `jqp`.`icon`;
DROP TABLE IF EXISTS `jqp`.`log_table`;
DROP TABLE IF EXISTS `jqp`.`magic_api_file`;
DROP TABLE IF EXISTS `jqp`.`menu_url`;
DROP TABLE IF EXISTS `jqp`.`page`;
DROP TABLE IF EXISTS `jqp`.`page_button`;
DROP TABLE IF EXISTS `jqp`.`page_query_field`;
DROP TABLE IF EXISTS `jqp`.`page_ref`;
DROP TABLE IF EXISTS `jqp`.`page_result_field`;
DROP TABLE IF EXISTS `jqp`.`permission`;
DROP TABLE IF EXISTS `jqp`.`position`;
DROP TABLE IF EXISTS `jqp`.`position_menu`;
DROP TABLE IF EXISTS `jqp`.`position_permission`;
DROP TABLE IF EXISTS `jqp`.`serial_number`;
DROP TABLE IF EXISTS `jqp`.`sql_api`;
DROP TABLE IF EXISTS `jqp`.`sql_info`;
DROP TABLE IF EXISTS `jqp`.`sql_param`;
DROP TABLE IF EXISTS `jqp`.`sql_result`;
DROP TABLE IF EXISTS `jqp`.`sys_file`;
DROP TABLE IF EXISTS `jqp`.`sys_menu`;
DROP TABLE IF EXISTS `jqp`.`t_order`;
DROP TABLE IF EXISTS `jqp`.`template`;
DROP TABLE IF EXISTS `jqp`.`test_data_import`;
DROP TABLE IF EXISTS `jqp`.`test_order`;
DROP TABLE IF EXISTS `jqp`.`timer_task`;
DROP TABLE IF EXISTS `jqp`.`timer_task_record`;
DROP TABLE IF EXISTS `jqp`.`user`;
DROP TABLE IF EXISTS `jqp`.`user_permission`;
CREATE TABLE `act_evt_log` (
  `LOG_NR_` bigint(20) NOT NULL AUTO_INCREMENT,
  `TYPE_` varchar(64) COLLATE utf8_bin DEFAULT NULL,
  `PROC_DEF_ID_` varchar(64) COLLATE utf8_bin DEFAULT NULL,
  `PROC_INST_ID_` varchar(64) COLLATE utf8_bin DEFAULT NULL,
  `EXECUTION_ID_` varchar(64) COLLATE utf8_bin DEFAULT NULL,
  `TASK_ID_` varchar(64) COLLATE utf8_bin DEFAULT NULL,
  `TIME_STAMP_` timestamp(3) NOT NULL,
  `USER_ID_` varchar(255) COLLATE utf8_bin DEFAULT NULL,
  `DATA_` longblob,
  `LOCK_OWNER_` varchar(255) COLLATE utf8_bin DEFAULT NULL,
  `LOCK_TIME_` timestamp(3) NULL DEFAULT NULL,
  `IS_PROCESSED_` tinyint(4) DEFAULT '0',
  PRIMARY KEY (`LOG_NR_`) USING BTREE
) ENGINE=InnoDB DEFAULT CHARSET=utf8 COLLATE=utf8_bin;
CREATE TABLE `act_ge_bytearray` (
  `ID_` varchar(64) COLLATE utf8_bin NOT NULL,
  `REV_` int(11) DEFAULT NULL,
  `NAME_` varchar(255) COLLATE utf8_bin DEFAULT NULL,
  `DEPLOYMENT_ID_` varchar(64) COLLATE utf8_bin DEFAULT NULL,
  `BYTES_` longblob,
  `GENERATED_` tinyint(4) DEFAULT NULL,
  PRIMARY KEY (`ID_`) USING BTREE,
  KEY `ACT_FK_BYTEARR_DEPL` (`DEPLOYMENT_ID_`) USING BTREE,
  CONSTRAINT `ACT_FK_BYTEARR_DEPL` FOREIGN KEY (`DEPLOYMENT_ID_`) REFERENCES `act_re_deployment` (`ID_`)
) ENGINE=InnoDB DEFAULT CHARSET=utf8 COLLATE=utf8_bin;
CREATE TABLE `act_ge_property` (
  `NAME_` varchar(64) COLLATE utf8_bin NOT NULL,
  `VALUE_` varchar(300) COLLATE utf8_bin DEFAULT NULL,
  `REV_` int(11) DEFAULT NULL,
  PRIMARY KEY (`NAME_`) USING BTREE
) ENGINE=InnoDB DEFAULT CHARSET=utf8 COLLATE=utf8_bin;
CREATE TABLE `act_hi_actinst` (
  `ID_` varchar(64) COLLATE utf8_bin NOT NULL,
  `PROC_DEF_ID_` varchar(64) COLLATE utf8_bin NOT NULL,
  `PROC_INST_ID_` varchar(64) COLLATE utf8_bin NOT NULL,
  `EXECUTION_ID_` varchar(64) COLLATE utf8_bin NOT NULL,
  `ACT_ID_` varchar(255) COLLATE utf8_bin NOT NULL,
  `TASK_ID_` varchar(64) COLLATE utf8_bin DEFAULT NULL,
  `CALL_PROC_INST_ID_` varchar(64) COLLATE utf8_bin DEFAULT NULL,
  `ACT_NAME_` varchar(255) COLLATE utf8_bin DEFAULT NULL,
  `ACT_TYPE_` varchar(255) COLLATE utf8_bin NOT NULL,
  `ASSIGNEE_` varchar(255) COLLATE utf8_bin DEFAULT NULL,
  `START_TIME_` datetime(3) NOT NULL,
  `END_TIME_` datetime(3) DEFAULT NULL,
  `DURATION_` bigint(20) DEFAULT NULL,
  `TENANT_ID_` varchar(255) COLLATE utf8_bin DEFAULT '',
  PRIMARY KEY (`ID_`) USING BTREE,
  KEY `ACT_IDX_HI_ACT_INST_START` (`START_TIME_`) USING BTREE,
  KEY `ACT_IDX_HI_ACT_INST_END` (`END_TIME_`) USING BTREE,
  KEY `ACT_IDX_HI_ACT_INST_PROCINST` (`PROC_INST_ID_`,`ACT_ID_`) USING BTREE,
  KEY `ACT_IDX_HI_ACT_INST_EXEC` (`EXECUTION_ID_`,`ACT_ID_`) USING BTREE
) ENGINE=InnoDB DEFAULT CHARSET=utf8 COLLATE=utf8_bin;
CREATE TABLE `act_hi_attachment` (
  `ID_` varchar(64) COLLATE utf8_bin NOT NULL,
  `REV_` int(11) DEFAULT NULL,
  `USER_ID_` varchar(255) COLLATE utf8_bin DEFAULT NULL,
  `NAME_` varchar(255) COLLATE utf8_bin DEFAULT NULL,
  `DESCRIPTION_` varchar(4000) COLLATE utf8_bin DEFAULT NULL,
  `TYPE_` varchar(255) COLLATE utf8_bin DEFAULT NULL,
  `TASK_ID_` varchar(64) COLLATE utf8_bin DEFAULT NULL,
  `PROC_INST_ID_` varchar(64) COLLATE utf8_bin DEFAULT NULL,
  `URL_` varchar(4000) COLLATE utf8_bin DEFAULT NULL,
  `CONTENT_ID_` varchar(64) COLLATE utf8_bin DEFAULT NULL,
  `TIME_` datetime(3) DEFAULT NULL,
  PRIMARY KEY (`ID_`) USING BTREE
) ENGINE=InnoDB DEFAULT CHARSET=utf8 COLLATE=utf8_bin;
CREATE TABLE `act_hi_comment` (
  `ID_` varchar(64) COLLATE utf8_bin NOT NULL,
  `TYPE_` varchar(255) COLLATE utf8_bin DEFAULT NULL,
  `TIME_` datetime(3) NOT NULL,
  `USER_ID_` varchar(255) COLLATE utf8_bin DEFAULT NULL,
  `TASK_ID_` varchar(64) COLLATE utf8_bin DEFAULT NULL,
  `PROC_INST_ID_` varchar(64) COLLATE utf8_bin DEFAULT NULL,
  `ACTION_` varchar(255) COLLATE utf8_bin DEFAULT NULL,
  `MESSAGE_` varchar(4000) COLLATE utf8_bin DEFAULT NULL,
  `FULL_MSG_` longblob,
  PRIMARY KEY (`ID_`) USING BTREE
) ENGINE=InnoDB DEFAULT CHARSET=utf8 COLLATE=utf8_bin;
CREATE TABLE `act_hi_detail` (
  `ID_` varchar(64) COLLATE utf8_bin NOT NULL,
  `TYPE_` varchar(255) COLLATE utf8_bin NOT NULL,
  `PROC_INST_ID_` varchar(64) COLLATE utf8_bin DEFAULT NULL,
  `EXECUTION_ID_` varchar(64) COLLATE utf8_bin DEFAULT NULL,
  `TASK_ID_` varchar(64) COLLATE utf8_bin DEFAULT NULL,
  `ACT_INST_ID_` varchar(64) COLLATE utf8_bin DEFAULT NULL,
  `NAME_` varchar(255) COLLATE utf8_bin NOT NULL,
  `VAR_TYPE_` varchar(255) COLLATE utf8_bin DEFAULT NULL,
  `REV_` int(11) DEFAULT NULL,
  `TIME_` datetime(3) NOT NULL,
  `BYTEARRAY_ID_` varchar(64) COLLATE utf8_bin DEFAULT NULL,
  `DOUBLE_` double DEFAULT NULL,
  `LONG_` bigint(20) DEFAULT NULL,
  `TEXT_` varchar(4000) COLLATE utf8_bin DEFAULT NULL,
  `TEXT2_` varchar(4000) COLLATE utf8_bin DEFAULT NULL,
  PRIMARY KEY (`ID_`) USING BTREE,
  KEY `ACT_IDX_HI_DETAIL_PROC_INST` (`PROC_INST_ID_`) USING BTREE,
  KEY `ACT_IDX_HI_DETAIL_ACT_INST` (`ACT_INST_ID_`) USING BTREE,
  KEY `ACT_IDX_HI_DETAIL_TIME` (`TIME_`) USING BTREE,
  KEY `ACT_IDX_HI_DETAIL_NAME` (`NAME_`) USING BTREE,
  KEY `ACT_IDX_HI_DETAIL_TASK_ID` (`TASK_ID_`) USING BTREE
) ENGINE=InnoDB DEFAULT CHARSET=utf8 COLLATE=utf8_bin;
CREATE TABLE `act_hi_identitylink` (
  `ID_` varchar(64) COLLATE utf8_bin NOT NULL,
  `GROUP_ID_` varchar(255) COLLATE utf8_bin DEFAULT NULL,
  `TYPE_` varchar(255) COLLATE utf8_bin DEFAULT NULL,
  `USER_ID_` varchar(255) COLLATE utf8_bin DEFAULT NULL,
  `TASK_ID_` varchar(64) COLLATE utf8_bin DEFAULT NULL,
  `PROC_INST_ID_` varchar(64) COLLATE utf8_bin DEFAULT NULL,
  PRIMARY KEY (`ID_`) USING BTREE,
  KEY `ACT_IDX_HI_IDENT_LNK_USER` (`USER_ID_`) USING BTREE,
  KEY `ACT_IDX_HI_IDENT_LNK_TASK` (`TASK_ID_`) USING BTREE,
  KEY `ACT_IDX_HI_IDENT_LNK_PROCINST` (`PROC_INST_ID_`) USING BTREE
) ENGINE=InnoDB DEFAULT CHARSET=utf8 COLLATE=utf8_bin;
CREATE TABLE `act_hi_procinst` (
  `ID_` varchar(64) COLLATE utf8_bin NOT NULL,
  `PROC_INST_ID_` varchar(64) COLLATE utf8_bin NOT NULL,
  `BUSINESS_KEY_` varchar(255) COLLATE utf8_bin DEFAULT NULL,
  `PROC_DEF_ID_` varchar(64) COLLATE utf8_bin NOT NULL,
  `START_TIME_` datetime(3) NOT NULL,
  `END_TIME_` datetime(3) DEFAULT NULL,
  `DURATION_` bigint(20) DEFAULT NULL,
  `START_USER_ID_` varchar(255) COLLATE utf8_bin DEFAULT NULL,
  `START_ACT_ID_` varchar(255) COLLATE utf8_bin DEFAULT NULL,
  `END_ACT_ID_` varchar(255) COLLATE utf8_bin DEFAULT NULL,
  `SUPER_PROCESS_INSTANCE_ID_` varchar(64) COLLATE utf8_bin DEFAULT NULL,
  `DELETE_REASON_` varchar(4000) COLLATE utf8_bin DEFAULT NULL,
  `TENANT_ID_` varchar(255) COLLATE utf8_bin DEFAULT '',
  `NAME_` varchar(255) COLLATE utf8_bin DEFAULT NULL,
  PRIMARY KEY (`ID_`) USING BTREE,
  UNIQUE KEY `PROC_INST_ID_` (`PROC_INST_ID_`) USING BTREE,
  KEY `ACT_IDX_HI_PRO_INST_END` (`END_TIME_`) USING BTREE,
  KEY `ACT_IDX_HI_PRO_I_BUSKEY` (`BUSINESS_KEY_`) USING BTREE
) ENGINE=InnoDB DEFAULT CHARSET=utf8 COLLATE=utf8_bin;
CREATE TABLE `act_hi_taskinst` (
  `ID_` varchar(64) COLLATE utf8_bin NOT NULL,
  `PROC_DEF_ID_` varchar(64) COLLATE utf8_bin DEFAULT NULL,
  `TASK_DEF_KEY_` varchar(255) COLLATE utf8_bin DEFAULT NULL,
  `PROC_INST_ID_` varchar(64) COLLATE utf8_bin DEFAULT NULL,
  `EXECUTION_ID_` varchar(64) COLLATE utf8_bin DEFAULT NULL,
  `NAME_` varchar(255) COLLATE utf8_bin DEFAULT NULL,
  `PARENT_TASK_ID_` varchar(64) COLLATE utf8_bin DEFAULT NULL,
  `DESCRIPTION_` varchar(4000) COLLATE utf8_bin DEFAULT NULL,
  `OWNER_` varchar(255) COLLATE utf8_bin DEFAULT NULL,
  `ASSIGNEE_` varchar(255) COLLATE utf8_bin DEFAULT NULL,
  `START_TIME_` datetime(3) NOT NULL,
  `CLAIM_TIME_` datetime(3) DEFAULT NULL,
  `END_TIME_` datetime(3) DEFAULT NULL,
  `DURATION_` bigint(20) DEFAULT NULL,
  `DELETE_REASON_` varchar(4000) COLLATE utf8_bin DEFAULT NULL,
  `PRIORITY_` int(11) DEFAULT NULL,
  `DUE_DATE_` datetime(3) DEFAULT NULL,
  `FORM_KEY_` varchar(255) COLLATE utf8_bin DEFAULT NULL,
  `CATEGORY_` varchar(255) COLLATE utf8_bin DEFAULT NULL,
  `TENANT_ID_` varchar(255) COLLATE utf8_bin DEFAULT '',
  PRIMARY KEY (`ID_`) USING BTREE,
  KEY `ACT_IDX_HI_TASK_INST_PROCINST` (`PROC_INST_ID_`) USING BTREE
) ENGINE=InnoDB DEFAULT CHARSET=utf8 COLLATE=utf8_bin;
CREATE TABLE `act_hi_varinst` (
  `ID_` varchar(64) COLLATE utf8_bin NOT NULL,
  `PROC_INST_ID_` varchar(64) COLLATE utf8_bin DEFAULT NULL,
  `EXECUTION_ID_` varchar(64) COLLATE utf8_bin DEFAULT NULL,
  `TASK_ID_` varchar(64) COLLATE utf8_bin DEFAULT NULL,
  `NAME_` varchar(255) COLLATE utf8_bin NOT NULL,
  `VAR_TYPE_` varchar(100) COLLATE utf8_bin DEFAULT NULL,
  `REV_` int(11) DEFAULT NULL,
  `BYTEARRAY_ID_` varchar(64) COLLATE utf8_bin DEFAULT NULL,
  `DOUBLE_` double DEFAULT NULL,
  `LONG_` bigint(20) DEFAULT NULL,
  `TEXT_` varchar(4000) COLLATE utf8_bin DEFAULT NULL,
  `TEXT2_` varchar(4000) COLLATE utf8_bin DEFAULT NULL,
  `CREATE_TIME_` datetime(3) DEFAULT NULL,
  `LAST_UPDATED_TIME_` datetime(3) DEFAULT NULL,
  PRIMARY KEY (`ID_`) USING BTREE,
  KEY `ACT_IDX_HI_PROCVAR_PROC_INST` (`PROC_INST_ID_`) USING BTREE,
  KEY `ACT_IDX_HI_PROCVAR_NAME_TYPE` (`NAME_`,`VAR_TYPE_`) USING BTREE,
  KEY `ACT_IDX_HI_PROCVAR_TASK_ID` (`TASK_ID_`) USING BTREE
) ENGINE=InnoDB DEFAULT CHARSET=utf8 COLLATE=utf8_bin;
CREATE TABLE `act_id_group` (
  `ID_` varchar(64) COLLATE utf8_bin NOT NULL,
  `REV_` int(11) DEFAULT NULL,
  `NAME_` varchar(255) COLLATE utf8_bin DEFAULT NULL,
  `TYPE_` varchar(255) COLLATE utf8_bin DEFAULT NULL,
  PRIMARY KEY (`ID_`) USING BTREE
) ENGINE=InnoDB DEFAULT CHARSET=utf8 COLLATE=utf8_bin;
CREATE TABLE `act_id_info` (
  `ID_` varchar(64) COLLATE utf8_bin NOT NULL,
  `REV_` int(11) DEFAULT NULL,
  `USER_ID_` varchar(64) COLLATE utf8_bin DEFAULT NULL,
  `TYPE_` varchar(64) COLLATE utf8_bin DEFAULT NULL,
  `KEY_` varchar(255) COLLATE utf8_bin DEFAULT NULL,
  `VALUE_` varchar(255) COLLATE utf8_bin DEFAULT NULL,
  `PASSWORD_` longblob,
  `PARENT_ID_` varchar(255) COLLATE utf8_bin DEFAULT NULL,
  PRIMARY KEY (`ID_`) USING BTREE
) ENGINE=InnoDB DEFAULT CHARSET=utf8 COLLATE=utf8_bin;
CREATE TABLE `act_id_membership` (
  `USER_ID_` varchar(64) COLLATE utf8_bin NOT NULL,
  `GROUP_ID_` varchar(64) COLLATE utf8_bin NOT NULL,
  PRIMARY KEY (`USER_ID_`,`GROUP_ID_`) USING BTREE,
  KEY `ACT_FK_MEMB_GROUP` (`GROUP_ID_`) USING BTREE,
  CONSTRAINT `ACT_FK_MEMB_GROUP` FOREIGN KEY (`GROUP_ID_`) REFERENCES `act_id_group` (`ID_`),
  CONSTRAINT `ACT_FK_MEMB_USER` FOREIGN KEY (`USER_ID_`) REFERENCES `act_id_user` (`ID_`)
) ENGINE=InnoDB DEFAULT CHARSET=utf8 COLLATE=utf8_bin;
CREATE TABLE `act_id_user` (
  `ID_` varchar(64) COLLATE utf8_bin NOT NULL,
  `REV_` int(11) DEFAULT NULL,
  `FIRST_` varchar(255) COLLATE utf8_bin DEFAULT NULL,
  `LAST_` varchar(255) COLLATE utf8_bin DEFAULT NULL,
  `EMAIL_` varchar(255) COLLATE utf8_bin DEFAULT NULL,
  `PWD_` varchar(255) COLLATE utf8_bin DEFAULT NULL,
  `PICTURE_ID_` varchar(64) COLLATE utf8_bin DEFAULT NULL,
  PRIMARY KEY (`ID_`) USING BTREE
) ENGINE=InnoDB DEFAULT CHARSET=utf8 COLLATE=utf8_bin;
CREATE TABLE `act_procdef_info` (
  `ID_` varchar(64) COLLATE utf8_bin NOT NULL,
  `PROC_DEF_ID_` varchar(64) COLLATE utf8_bin NOT NULL,
  `REV_` int(11) DEFAULT NULL,
  `INFO_JSON_ID_` varchar(64) COLLATE utf8_bin DEFAULT NULL,
  PRIMARY KEY (`ID_`) USING BTREE,
  UNIQUE KEY `ACT_UNIQ_INFO_PROCDEF` (`PROC_DEF_ID_`) USING BTREE,
  KEY `ACT_IDX_INFO_PROCDEF` (`PROC_DEF_ID_`) USING BTREE,
  KEY `ACT_FK_INFO_JSON_BA` (`INFO_JSON_ID_`) USING BTREE,
  CONSTRAINT `ACT_FK_INFO_JSON_BA` FOREIGN KEY (`INFO_JSON_ID_`) REFERENCES `act_ge_bytearray` (`ID_`),
  CONSTRAINT `ACT_FK_INFO_PROCDEF` FOREIGN KEY (`PROC_DEF_ID_`) REFERENCES `act_re_procdef` (`ID_`)
) ENGINE=InnoDB DEFAULT CHARSET=utf8 COLLATE=utf8_bin;
CREATE TABLE `act_re_deployment` (
  `ID_` varchar(64) COLLATE utf8_bin NOT NULL,
  `NAME_` varchar(255) COLLATE utf8_bin DEFAULT NULL,
  `CATEGORY_` varchar(255) COLLATE utf8_bin DEFAULT NULL,
  `TENANT_ID_` varchar(255) COLLATE utf8_bin DEFAULT '',
  `DEPLOY_TIME_` timestamp(3) NULL DEFAULT NULL,
  PRIMARY KEY (`ID_`) USING BTREE
) ENGINE=InnoDB DEFAULT CHARSET=utf8 COLLATE=utf8_bin;
CREATE TABLE `act_re_model` (
  `ID_` varchar(64) COLLATE utf8_bin NOT NULL,
  `REV_` int(11) DEFAULT NULL,
  `NAME_` varchar(255) COLLATE utf8_bin DEFAULT NULL,
  `KEY_` varchar(255) COLLATE utf8_bin DEFAULT NULL,
  `CATEGORY_` varchar(255) COLLATE utf8_bin DEFAULT NULL,
  `CREATE_TIME_` timestamp(3) NULL DEFAULT NULL,
  `LAST_UPDATE_TIME_` timestamp(3) NULL DEFAULT NULL,
  `VERSION_` int(11) DEFAULT NULL,
  `META_INFO_` varchar(4000) COLLATE utf8_bin DEFAULT NULL,
  `DEPLOYMENT_ID_` varchar(64) COLLATE utf8_bin DEFAULT NULL,
  `EDITOR_SOURCE_VALUE_ID_` varchar(64) COLLATE utf8_bin DEFAULT NULL,
  `EDITOR_SOURCE_EXTRA_VALUE_ID_` varchar(64) COLLATE utf8_bin DEFAULT NULL,
  `TENANT_ID_` varchar(255) COLLATE utf8_bin DEFAULT '',
  PRIMARY KEY (`ID_`) USING BTREE,
  KEY `ACT_FK_MODEL_SOURCE` (`EDITOR_SOURCE_VALUE_ID_`) USING BTREE,
  KEY `ACT_FK_MODEL_SOURCE_EXTRA` (`EDITOR_SOURCE_EXTRA_VALUE_ID_`) USING BTREE,
  KEY `ACT_FK_MODEL_DEPLOYMENT` (`DEPLOYMENT_ID_`) USING BTREE,
  CONSTRAINT `ACT_FK_MODEL_DEPLOYMENT` FOREIGN KEY (`DEPLOYMENT_ID_`) REFERENCES `act_re_deployment` (`ID_`),
  CONSTRAINT `ACT_FK_MODEL_SOURCE` FOREIGN KEY (`EDITOR_SOURCE_VALUE_ID_`) REFERENCES `act_ge_bytearray` (`ID_`),
  CONSTRAINT `ACT_FK_MODEL_SOURCE_EXTRA` FOREIGN KEY (`EDITOR_SOURCE_EXTRA_VALUE_ID_`) REFERENCES `act_ge_bytearray` (`ID_`)
) ENGINE=InnoDB DEFAULT CHARSET=utf8 COLLATE=utf8_bin;
CREATE TABLE `act_re_procdef` (
  `ID_` varchar(64) COLLATE utf8_bin NOT NULL,
  `REV_` int(11) DEFAULT NULL,
  `CATEGORY_` varchar(255) COLLATE utf8_bin DEFAULT NULL,
  `NAME_` varchar(255) COLLATE utf8_bin DEFAULT NULL,
  `KEY_` varchar(255) COLLATE utf8_bin NOT NULL,
  `VERSION_` int(11) NOT NULL,
  `DEPLOYMENT_ID_` varchar(64) COLLATE utf8_bin DEFAULT NULL,
  `RESOURCE_NAME_` varchar(4000) COLLATE utf8_bin DEFAULT NULL,
  `DGRM_RESOURCE_NAME_` varchar(4000) COLLATE utf8_bin DEFAULT NULL,
  `DESCRIPTION_` varchar(4000) COLLATE utf8_bin DEFAULT NULL,
  `HAS_START_FORM_KEY_` tinyint(4) DEFAULT NULL,
  `HAS_GRAPHICAL_NOTATION_` tinyint(4) DEFAULT NULL,
  `SUSPENSION_STATE_` int(11) DEFAULT NULL,
  `TENANT_ID_` varchar(255) COLLATE utf8_bin DEFAULT '',
  PRIMARY KEY (`ID_`) USING BTREE,
  UNIQUE KEY `ACT_UNIQ_PROCDEF` (`KEY_`,`VERSION_`,`TENANT_ID_`) USING BTREE
) ENGINE=InnoDB DEFAULT CHARSET=utf8 COLLATE=utf8_bin;
CREATE TABLE `act_ru_event_subscr` (
  `ID_` varchar(64) COLLATE utf8_bin NOT NULL,
  `REV_` int(11) DEFAULT NULL,
  `EVENT_TYPE_` varchar(255) COLLATE utf8_bin NOT NULL,
  `EVENT_NAME_` varchar(255) COLLATE utf8_bin DEFAULT NULL,
  `EXECUTION_ID_` varchar(64) COLLATE utf8_bin DEFAULT NULL,
  `PROC_INST_ID_` varchar(64) COLLATE utf8_bin DEFAULT NULL,
  `ACTIVITY_ID_` varchar(64) COLLATE utf8_bin DEFAULT NULL,
  `CONFIGURATION_` varchar(255) COLLATE utf8_bin DEFAULT NULL,
  `CREATED_` timestamp(3) NOT NULL DEFAULT CURRENT_TIMESTAMP(3),
  `PROC_DEF_ID_` varchar(64) COLLATE utf8_bin DEFAULT NULL,
  `TENANT_ID_` varchar(255) COLLATE utf8_bin DEFAULT '',
  PRIMARY KEY (`ID_`) USING BTREE,
  KEY `ACT_IDX_EVENT_SUBSCR_CONFIG_` (`CONFIGURATION_`) USING BTREE,
  KEY `ACT_FK_EVENT_EXEC` (`EXECUTION_ID_`) USING BTREE,
  CONSTRAINT `ACT_FK_EVENT_EXEC` FOREIGN KEY (`EXECUTION_ID_`) REFERENCES `act_ru_execution` (`ID_`)
) ENGINE=InnoDB DEFAULT CHARSET=utf8 COLLATE=utf8_bin;
CREATE TABLE `act_ru_execution` (
  `ID_` varchar(64) COLLATE utf8_bin NOT NULL,
  `REV_` int(11) DEFAULT NULL,
  `PROC_INST_ID_` varchar(64) COLLATE utf8_bin DEFAULT NULL,
  `BUSINESS_KEY_` varchar(255) COLLATE utf8_bin DEFAULT NULL,
  `PARENT_ID_` varchar(64) COLLATE utf8_bin DEFAULT NULL,
  `PROC_DEF_ID_` varchar(64) COLLATE utf8_bin DEFAULT NULL,
  `SUPER_EXEC_` varchar(64) COLLATE utf8_bin DEFAULT NULL,
  `ACT_ID_` varchar(255) COLLATE utf8_bin DEFAULT NULL,
  `IS_ACTIVE_` tinyint(4) DEFAULT NULL,
  `IS_CONCURRENT_` tinyint(4) DEFAULT NULL,
  `IS_SCOPE_` tinyint(4) DEFAULT NULL,
  `IS_EVENT_SCOPE_` tinyint(4) DEFAULT NULL,
  `SUSPENSION_STATE_` int(11) DEFAULT NULL,
  `CACHED_ENT_STATE_` int(11) DEFAULT NULL,
  `TENANT_ID_` varchar(255) COLLATE utf8_bin DEFAULT '',
  `NAME_` varchar(255) COLLATE utf8_bin DEFAULT NULL,
  `LOCK_TIME_` timestamp(3) NULL DEFAULT NULL,
  PRIMARY KEY (`ID_`) USING BTREE,
  KEY `ACT_IDX_EXEC_BUSKEY` (`BUSINESS_KEY_`) USING BTREE,
  KEY `ACT_FK_EXE_PROCINST` (`PROC_INST_ID_`) USING BTREE,
  KEY `ACT_FK_EXE_PARENT` (`PARENT_ID_`) USING BTREE,
  KEY `ACT_FK_EXE_SUPER` (`SUPER_EXEC_`) USING BTREE,
  KEY `ACT_FK_EXE_PROCDEF` (`PROC_DEF_ID_`) USING BTREE,
  CONSTRAINT `ACT_FK_EXE_PARENT` FOREIGN KEY (`PARENT_ID_`) REFERENCES `act_ru_execution` (`ID_`),
  CONSTRAINT `ACT_FK_EXE_PROCDEF` FOREIGN KEY (`PROC_DEF_ID_`) REFERENCES `act_re_procdef` (`ID_`),
  CONSTRAINT `ACT_FK_EXE_PROCINST` FOREIGN KEY (`PROC_INST_ID_`) REFERENCES `act_ru_execution` (`ID_`) ON DELETE CASCADE ON UPDATE CASCADE,
  CONSTRAINT `ACT_FK_EXE_SUPER` FOREIGN KEY (`SUPER_EXEC_`) REFERENCES `act_ru_execution` (`ID_`)
) ENGINE=InnoDB DEFAULT CHARSET=utf8 COLLATE=utf8_bin;
CREATE TABLE `act_ru_identitylink` (
  `ID_` varchar(64) COLLATE utf8_bin NOT NULL,
  `REV_` int(11) DEFAULT NULL,
  `GROUP_ID_` varchar(255) COLLATE utf8_bin DEFAULT NULL,
  `TYPE_` varchar(255) COLLATE utf8_bin DEFAULT NULL,
  `USER_ID_` varchar(255) COLLATE utf8_bin DEFAULT NULL,
  `TASK_ID_` varchar(64) COLLATE utf8_bin DEFAULT NULL,
  `PROC_INST_ID_` varchar(64) COLLATE utf8_bin DEFAULT NULL,
  `PROC_DEF_ID_` varchar(64) COLLATE utf8_bin DEFAULT NULL,
  PRIMARY KEY (`ID_`) USING BTREE,
  KEY `ACT_IDX_IDENT_LNK_USER` (`USER_ID_`) USING BTREE,
  KEY `ACT_IDX_IDENT_LNK_GROUP` (`GROUP_ID_`) USING BTREE,
  KEY `ACT_IDX_ATHRZ_PROCEDEF` (`PROC_DEF_ID_`) USING BTREE,
  KEY `ACT_FK_TSKASS_TASK` (`TASK_ID_`) USING BTREE,
  KEY `ACT_FK_IDL_PROCINST` (`PROC_INST_ID_`) USING BTREE,
  CONSTRAINT `ACT_FK_ATHRZ_PROCEDEF` FOREIGN KEY (`PROC_DEF_ID_`) REFERENCES `act_re_procdef` (`ID_`),
  CONSTRAINT `ACT_FK_IDL_PROCINST` FOREIGN KEY (`PROC_INST_ID_`) REFERENCES `act_ru_execution` (`ID_`),
  CONSTRAINT `ACT_FK_TSKASS_TASK` FOREIGN KEY (`TASK_ID_`) REFERENCES `act_ru_task` (`ID_`)
) ENGINE=InnoDB DEFAULT CHARSET=utf8 COLLATE=utf8_bin;
CREATE TABLE `act_ru_job` (
  `ID_` varchar(64) COLLATE utf8_bin NOT NULL,
  `REV_` int(11) DEFAULT NULL,
  `TYPE_` varchar(255) COLLATE utf8_bin NOT NULL,
  `LOCK_EXP_TIME_` timestamp(3) NULL DEFAULT NULL,
  `LOCK_OWNER_` varchar(255) COLLATE utf8_bin DEFAULT NULL,
  `EXCLUSIVE_` tinyint(1) DEFAULT NULL,
  `EXECUTION_ID_` varchar(64) COLLATE utf8_bin DEFAULT NULL,
  `PROCESS_INSTANCE_ID_` varchar(64) COLLATE utf8_bin DEFAULT NULL,
  `PROC_DEF_ID_` varchar(64) COLLATE utf8_bin DEFAULT NULL,
  `RETRIES_` int(11) DEFAULT NULL,
  `EXCEPTION_STACK_ID_` varchar(64) COLLATE utf8_bin DEFAULT NULL,
  `EXCEPTION_MSG_` varchar(4000) COLLATE utf8_bin DEFAULT NULL,
  `DUEDATE_` timestamp(3) NULL DEFAULT NULL,
  `REPEAT_` varchar(255) COLLATE utf8_bin DEFAULT NULL,
  `HANDLER_TYPE_` varchar(255) COLLATE utf8_bin DEFAULT NULL,
  `HANDLER_CFG_` varchar(4000) COLLATE utf8_bin DEFAULT NULL,
  `TENANT_ID_` varchar(255) COLLATE utf8_bin DEFAULT '',
  PRIMARY KEY (`ID_`) USING BTREE,
  KEY `ACT_FK_JOB_EXCEPTION` (`EXCEPTION_STACK_ID_`) USING BTREE,
  CONSTRAINT `ACT_FK_JOB_EXCEPTION` FOREIGN KEY (`EXCEPTION_STACK_ID_`) REFERENCES `act_ge_bytearray` (`ID_`)
) ENGINE=InnoDB DEFAULT CHARSET=utf8 COLLATE=utf8_bin;
CREATE TABLE `act_ru_task` (
  `ID_` varchar(64) COLLATE utf8_bin NOT NULL,
  `REV_` int(11) DEFAULT NULL,
  `EXECUTION_ID_` varchar(64) COLLATE utf8_bin DEFAULT NULL,
  `PROC_INST_ID_` varchar(64) COLLATE utf8_bin DEFAULT NULL,
  `PROC_DEF_ID_` varchar(64) COLLATE utf8_bin DEFAULT NULL,
  `NAME_` varchar(255) COLLATE utf8_bin DEFAULT NULL,
  `PARENT_TASK_ID_` varchar(64) COLLATE utf8_bin DEFAULT NULL,
  `DESCRIPTION_` varchar(4000) COLLATE utf8_bin DEFAULT NULL,
  `TASK_DEF_KEY_` varchar(255) COLLATE utf8_bin DEFAULT NULL,
  `OWNER_` varchar(255) COLLATE utf8_bin DEFAULT NULL,
  `ASSIGNEE_` varchar(255) COLLATE utf8_bin DEFAULT NULL,
  `DELEGATION_` varchar(64) COLLATE utf8_bin DEFAULT NULL,
  `PRIORITY_` int(11) DEFAULT NULL,
  `CREATE_TIME_` timestamp(3) NULL DEFAULT NULL,
  `DUE_DATE_` datetime(3) DEFAULT NULL,
  `CATEGORY_` varchar(255) COLLATE utf8_bin DEFAULT NULL,
  `SUSPENSION_STATE_` int(11) DEFAULT NULL,
  `TENANT_ID_` varchar(255) COLLATE utf8_bin DEFAULT '',
  `FORM_KEY_` varchar(255) COLLATE utf8_bin DEFAULT NULL,
  PRIMARY KEY (`ID_`) USING BTREE,
  KEY `ACT_IDX_TASK_CREATE` (`CREATE_TIME_`) USING BTREE,
  KEY `ACT_FK_TASK_EXE` (`EXECUTION_ID_`) USING BTREE,
  KEY `ACT_FK_TASK_PROCINST` (`PROC_INST_ID_`) USING BTREE,
  KEY `ACT_FK_TASK_PROCDEF` (`PROC_DEF_ID_`) USING BTREE,
  CONSTRAINT `ACT_FK_TASK_EXE` FOREIGN KEY (`EXECUTION_ID_`) REFERENCES `act_ru_execution` (`ID_`),
  CONSTRAINT `ACT_FK_TASK_PROCDEF` FOREIGN KEY (`PROC_DEF_ID_`) REFERENCES `act_re_procdef` (`ID_`),
  CONSTRAINT `ACT_FK_TASK_PROCINST` FOREIGN KEY (`PROC_INST_ID_`) REFERENCES `act_ru_execution` (`ID_`)
) ENGINE=InnoDB DEFAULT CHARSET=utf8 COLLATE=utf8_bin;
CREATE TABLE `act_ru_variable` (
  `ID_` varchar(64) COLLATE utf8_bin NOT NULL,
  `REV_` int(11) DEFAULT NULL,
  `TYPE_` varchar(255) COLLATE utf8_bin NOT NULL,
  `NAME_` varchar(255) COLLATE utf8_bin NOT NULL,
  `EXECUTION_ID_` varchar(64) COLLATE utf8_bin DEFAULT NULL,
  `PROC_INST_ID_` varchar(64) COLLATE utf8_bin DEFAULT NULL,
  `TASK_ID_` varchar(64) COLLATE utf8_bin DEFAULT NULL,
  `BYTEARRAY_ID_` varchar(64) COLLATE utf8_bin DEFAULT NULL,
  `DOUBLE_` double DEFAULT NULL,
  `LONG_` bigint(20) DEFAULT NULL,
  `TEXT_` varchar(4000) COLLATE utf8_bin DEFAULT NULL,
  `TEXT2_` varchar(4000) COLLATE utf8_bin DEFAULT NULL,
  PRIMARY KEY (`ID_`) USING BTREE,
  KEY `ACT_IDX_VARIABLE_TASK_ID` (`TASK_ID_`) USING BTREE,
  KEY `ACT_FK_VAR_EXE` (`EXECUTION_ID_`) USING BTREE,
  KEY `ACT_FK_VAR_PROCINST` (`PROC_INST_ID_`) USING BTREE,
  KEY `ACT_FK_VAR_BYTEARRAY` (`BYTEARRAY_ID_`) USING BTREE,
  CONSTRAINT `ACT_FK_VAR_BYTEARRAY` FOREIGN KEY (`BYTEARRAY_ID_`) REFERENCES `act_ge_bytearray` (`ID_`),
  CONSTRAINT `ACT_FK_VAR_EXE` FOREIGN KEY (`EXECUTION_ID_`) REFERENCES `act_ru_execution` (`ID_`),
  CONSTRAINT `ACT_FK_VAR_PROCINST` FOREIGN KEY (`PROC_INST_ID_`) REFERENCES `act_ru_execution` (`ID_`)
) ENGINE=InnoDB DEFAULT CHARSET=utf8 COLLATE=utf8_bin;
CREATE TABLE `address_code` (
  `id` bigint(20) NOT NULL AUTO_INCREMENT COMMENT '主键',
  `code` varchar(20) DEFAULT NULL COMMENT '编号',
  `name` varchar(256) DEFAULT NULL COMMENT '名称',
  PRIMARY KEY (`id`) USING BTREE,
  KEY `address_code` (`code`) USING BTREE COMMENT '地址编号索引'
) ENGINE=InnoDB AUTO_INCREMENT=3476 DEFAULT CHARSET=utf8 COMMENT='地址编码';
CREATE TABLE `article` (
  `id` bigint(20) NOT NULL AUTO_INCREMENT COMMENT '主键',
  `title` varchar(256) NOT NULL COMMENT '标题',
  `content` longtext NOT NULL COMMENT '内容',
  `update_time` datetime NOT NULL COMMENT '更新日期',
  PRIMARY KEY (`id`) USING BTREE
) ENGINE=InnoDB AUTO_INCREMENT=2 DEFAULT CHARSET=utf8 COMMENT='文章';
CREATE TABLE `audit_record` (
  `id` bigint(20) NOT NULL AUTO_INCREMENT COMMENT '主键',
  `table_name` varchar(64) NOT NULL COMMENT '表名',
  `ref_id` bigint(20) NOT NULL COMMENT '关联id',
  `process_instance_id` varchar(64) NOT NULL COMMENT '流程实例id',
  `process_instance_name` varchar(256) NOT NULL COMMENT '流程实例名称',
  `deployment_id` varchar(64) NOT NULL COMMENT '流程部署id',
  `process_definition_id` varchar(64) NOT NULL COMMENT '流程定义id',
  `task_id` varchar(64) NOT NULL COMMENT '任务id',
  `task_name` varchar(256) NOT NULL COMMENT '任务名称',
  `process_key` varchar(64) NOT NULL COMMENT '流程编号',
  `result_name` varchar(64) NOT NULL COMMENT '审核结果',
  `imgs` varchar(1024) DEFAULT NULL COMMENT '图片',
  `files` varchar(1024) DEFAULT NULL COMMENT '附件',
  `remark` varchar(1024) DEFAULT NULL COMMENT '审核备注',
  `prev_status` varchar(20) DEFAULT NULL COMMENT '上一个状态',
  `prev_status_name` varchar(64) DEFAULT NULL COMMENT '上一个状态名称',
  `next_status` varchar(20) NOT NULL COMMENT '下一个状态',
  `next_status_name` varchar(64) NOT NULL COMMENT '下一个状态名称',
  `status_dic` varchar(64) NOT NULL COMMENT '状态字典',
  `start_time` datetime NOT NULL COMMENT '开始时间',
  `end_time` datetime NOT NULL COMMENT '结束时间',
  `audit_user_id` bigint(20) DEFAULT NULL COMMENT '审核人id',
  `audit_user_name` varchar(256) DEFAULT NULL COMMENT '审核人姓名',
  `enterprise_id` bigint(20) NOT NULL COMMENT '企业id',
  PRIMARY KEY (`id`) USING BTREE,
  KEY `audit_record_index` (`table_name`,`ref_id`) USING BTREE COMMENT '审核记录索引'
) ENGINE=InnoDB AUTO_INCREMENT=20 DEFAULT CHARSET=utf8 COMMENT='审核记录';
CREATE TABLE `chart` (
  `id` bigint(20) NOT NULL AUTO_INCREMENT COMMENT '主键',
  `name` varchar(64) NOT NULL COMMENT '名称',
  `config` longtext NOT NULL COMMENT '配置',
  `querySql` longtext COMMENT '查询sql',
  `code` varchar(64) NOT NULL COMMENT '编号',
  PRIMARY KEY (`id`) USING BTREE,
  KEY `chart_code_idx` (`code`) COMMENT '图表编号索引'
) ENGINE=InnoDB AUTO_INCREMENT=6 DEFAULT CHARSET=utf8 COMMENT='图表';
CREATE TABLE `chart_test_data1` (
  `id` bigint(20) NOT NULL AUTO_INCREMENT COMMENT '主键',
  `name` varchar(64) COLLATE utf8_bin NOT NULL COMMENT '姓名',
  `year` varchar(20) COLLATE utf8_bin NOT NULL COMMENT '年份',
  `salary` bigint(20) NOT NULL COMMENT '工资',
  PRIMARY KEY (`id`)
) ENGINE=InnoDB AUTO_INCREMENT=10 DEFAULT CHARSET=utf8 COLLATE=utf8_bin COMMENT='图表测试数据1';
CREATE TABLE `config` (
  `id` bigint(20) NOT NULL AUTO_INCREMENT COMMENT '主键',
  `code` varchar(20) DEFAULT NULL COMMENT '编号',
  `name` varchar(64) DEFAULT NULL COMMENT '名称',
  `value` longtext COMMENT '值',
  PRIMARY KEY (`id`) USING BTREE
) ENGINE=InnoDB AUTO_INCREMENT=3 DEFAULT CHARSET=utf8 COMMENT='配置';
CREATE TABLE `custom_page` (
  `id` bigint(20) NOT NULL AUTO_INCREMENT COMMENT '主键',
  `code` varchar(64) NOT NULL COMMENT '编号',
  `name` varchar(64) NOT NULL COMMENT '名称',
  `content` longtext NOT NULL COMMENT '内容',
  PRIMARY KEY (`id`)
) ENGINE=InnoDB AUTO_INCREMENT=6 DEFAULT CHARSET=utf8 COMMENT='自定义页面';
CREATE TABLE `customer` (
  `id` bigint(20) NOT NULL AUTO_INCREMENT COMMENT '主键',
  `enterprise_id` bigint(20) DEFAULT NULL COMMENT '企业id',
  `user_id` bigint(20) DEFAULT NULL COMMENT '创建人',
  `dept_id` bigint(20) DEFAULT NULL COMMENT '创建人部门id',
  `customer_source_id` bigint(20) DEFAULT NULL COMMENT '客户来源id',
  `name` varchar(64) DEFAULT NULL COMMENT '客户姓名',
  `mobile` varchar(20) DEFAULT NULL COMMENT '手机号',
  `decoration_type` varchar(64) DEFAULT NULL COMMENT '装修类型',
  `address` varchar(1024) DEFAULT NULL COMMENT '客户地址',
  `area` float DEFAULT NULL COMMENT '面积',
  `customer_status` varchar(20) DEFAULT NULL COMMENT '客户状态',
  PRIMARY KEY (`id`) USING BTREE
) ENGINE=InnoDB AUTO_INCREMENT=16 DEFAULT CHARSET=utf8 COMMENT='客户';
CREATE TABLE `customer_record` (
  `id` bigint(20) NOT NULL AUTO_INCREMENT COMMENT '主键',
  `customer_id` bigint(20) DEFAULT NULL COMMENT '客户id',
  `customer_status` varchar(20) DEFAULT NULL COMMENT '客户状态',
  `create_time` datetime DEFAULT NULL COMMENT '审核时间',
  `audit_user_id` bigint(20) DEFAULT NULL COMMENT '审核人id',
  `audit_result` varchar(20) DEFAULT NULL COMMENT '审核结果',
  `audit_remark` varchar(1024) DEFAULT NULL COMMENT '备注',
  `audit_imgs` varchar(1024) DEFAULT NULL COMMENT '图片',
  `audit_files` varchar(1024) DEFAULT NULL COMMENT '附件',
  PRIMARY KEY (`id`) USING BTREE
) ENGINE=InnoDB AUTO_INCREMENT=7 DEFAULT CHARSET=utf8 COMMENT='客户审核记录';
CREATE TABLE `customer_source` (
  `id` bigint(20) NOT NULL AUTO_INCREMENT COMMENT '主键',
  `code` varchar(64) DEFAULT NULL COMMENT '来源编码',
  `name` varchar(64) DEFAULT NULL COMMENT '来源名称',
  `parent_id` bigint(20) DEFAULT NULL COMMENT '父id',
  PRIMARY KEY (`id`) USING BTREE
) ENGINE=InnoDB AUTO_INCREMENT=7 DEFAULT CHARSET=utf8 COMMENT='客户来源';
CREATE TABLE `data_import_task` (
  `id` bigint(20) NOT NULL AUTO_INCREMENT COMMENT '主键',
  `user_id` bigint(20) NOT NULL COMMENT '用户id',
  `enterprise_id` bigint(20) NOT NULL COMMENT '企业id',
  `create_time` datetime NOT NULL COMMENT '创建时间',
  `plan_time` datetime NOT NULL COMMENT '计划时间',
  `start_time` datetime DEFAULT NULL COMMENT '开始时间',
  `end_time` datetime DEFAULT NULL COMMENT '结束时间',
  `data_import_task_status` varchar(20) DEFAULT NULL COMMENT '任务状态',
  `src_file` varchar(1024) NOT NULL COMMENT '源文件',
  `error_file` varchar(1024) DEFAULT NULL COMMENT '错误文件',
  `error_msg` varchar(1024) DEFAULT NULL COMMENT '错误提示',
  `template_code` varchar(64) NOT NULL COMMENT '模板编号',
  `dynamic_task_id` bigint(20) DEFAULT NULL COMMENT '动态任务id',
  PRIMARY KEY (`id`) USING BTREE
) ENGINE=InnoDB AUTO_INCREMENT=17 DEFAULT CHARSET=utf8 COMMENT='数据导入任务';
CREATE TABLE `data_import_template` (
  `id` bigint(20) NOT NULL AUTO_INCREMENT COMMENT '主键',
  `table_name` varchar(64) NOT NULL COMMENT '表',
  `code` varchar(64) NOT NULL COMMENT '模板编号',
  `name` varchar(64) NOT NULL COMMENT '模板名称',
  `repeat_fields` varchar(1024) DEFAULT NULL COMMENT '判重字段列表',
  `repeat_strategy` varchar(20) DEFAULT NULL COMMENT '判重处理策略',
  PRIMARY KEY (`id`) USING BTREE
) ENGINE=InnoDB AUTO_INCREMENT=2 DEFAULT CHARSET=utf8 COMMENT='数据导入配置';
CREATE TABLE `data_import_template_field` (
  `id` bigint(20) NOT NULL AUTO_INCREMENT COMMENT '主键',
  `template_id` bigint(20) NOT NULL COMMENT '模板id',
  `column_name` varchar(64) NOT NULL COMMENT '字段名',
  `column_comment` varchar(64) NOT NULL COMMENT '字段备注',
  `column_type` varchar(64) NOT NULL COMMENT '字段类型',
  `column_format` varchar(64) DEFAULT NULL COMMENT '格式化',
  `fields_mapping` varchar(1024) DEFAULT NULL COMMENT '字段映射',
  `must` varchar(20) DEFAULT NULL COMMENT '是否必填',
  `regex` varchar(1024) DEFAULT NULL COMMENT '正则表达式',
  `seq` int(11) NOT NULL COMMENT '序号',
  `width` int(11) NOT NULL COMMENT '宽度',
  PRIMARY KEY (`id`) USING BTREE,
  KEY `data_import_template_field_template_id_fk` (`template_id`) USING BTREE,
  CONSTRAINT `data_import_template_field_template_id_fk` FOREIGN KEY (`template_id`) REFERENCES `data_import_template` (`id`) ON DELETE CASCADE ON UPDATE CASCADE
) ENGINE=InnoDB AUTO_INCREMENT=11 DEFAULT CHARSET=utf8 COMMENT='数据导入配置字段';
CREATE TABLE `data_listener` (
  `id` bigint(20) NOT NULL AUTO_INCREMENT COMMENT '主键',
  `table_name` varchar(64) NOT NULL COMMENT '表名称',
  `event_type` varchar(64) NOT NULL COMMENT '事件类型',
  `column_name` varchar(64) DEFAULT NULL COMMENT '字段名称',
  `after_api` varchar(1024) DEFAULT NULL COMMENT '接口',
  `seq` int(11) NOT NULL COMMENT '序号',
  `java_bean` varchar(64) DEFAULT NULL COMMENT 'java接口',
  PRIMARY KEY (`id`)
) ENGINE=InnoDB AUTO_INCREMENT=11 DEFAULT CHARSET=utf8 COMMENT='数据监听';
CREATE TABLE `dept` (
  `id` bigint(20) NOT NULL AUTO_INCREMENT COMMENT '主键',
  `code` varchar(64) DEFAULT NULL COMMENT '部门编号',
  `name` varchar(64) DEFAULT NULL COMMENT '部门名称',
  `enterprise_id` bigint(20) DEFAULT NULL COMMENT '企业id',
  `parent_id` bigint(20) DEFAULT NULL COMMENT '父部门id',
  `dept_type` varchar(20) DEFAULT NULL COMMENT '部门类型',
  PRIMARY KEY (`id`) USING BTREE,
  KEY `dept_enterprise_id` (`enterprise_id`) USING BTREE COMMENT '部门-企业id索引',
  KEY `parent_id` (`parent_id`) USING BTREE COMMENT '部门-父部门索引',
  CONSTRAINT `dept_enterprise_id_fk` FOREIGN KEY (`enterprise_id`) REFERENCES `enterprise` (`id`) ON DELETE CASCADE ON UPDATE CASCADE,
  CONSTRAINT `dept_parent_id_fk` FOREIGN KEY (`parent_id`) REFERENCES `dept` (`id`) ON DELETE CASCADE ON UPDATE CASCADE
) ENGINE=InnoDB AUTO_INCREMENT=7 DEFAULT CHARSET=utf8 COMMENT='部门';
CREATE TABLE `dept_manager` (
  `id` bigint(20) NOT NULL AUTO_INCREMENT COMMENT '主键',
  `dept_id` bigint(20) DEFAULT NULL COMMENT '部门id',
  `enterprise_user_id` bigint(20) DEFAULT NULL COMMENT '企业人员id',
  PRIMARY KEY (`id`) USING BTREE,
  KEY `dept_manager_dept_id_fk` (`dept_id`) USING BTREE,
  KEY `dept_manager_enterprise_user_id_fk` (`enterprise_user_id`) USING BTREE,
  CONSTRAINT `dept_manager_dept_id_fk` FOREIGN KEY (`dept_id`) REFERENCES `dept` (`id`) ON DELETE CASCADE ON UPDATE CASCADE,
  CONSTRAINT `dept_manager_enterprise_user_id_fk` FOREIGN KEY (`enterprise_user_id`) REFERENCES `enterprise_user` (`id`) ON DELETE CASCADE ON UPDATE CASCADE
) ENGINE=InnoDB AUTO_INCREMENT=10 DEFAULT CHARSET=utf8 COMMENT='部门负责人';
CREATE TABLE `dept_permission` (
  `id` bigint(20) NOT NULL AUTO_INCREMENT COMMENT '主键',
  `dept_id` bigint(20) DEFAULT NULL COMMENT '部门id',
  `permission_id` bigint(20) DEFAULT NULL COMMENT '权限id',
  `config_value` varchar(256) DEFAULT NULL COMMENT '配置值',
  PRIMARY KEY (`id`) USING BTREE,
  KEY `dept_permission_dept_id_fk` (`dept_id`) USING BTREE,
  KEY `dept_permission_permission_id_fk` (`permission_id`) USING BTREE,
  CONSTRAINT `dept_permission_dept_id_fk` FOREIGN KEY (`dept_id`) REFERENCES `dept` (`id`) ON DELETE CASCADE ON UPDATE CASCADE,
  CONSTRAINT `dept_permission_permission_id_fk` FOREIGN KEY (`permission_id`) REFERENCES `permission` (`id`) ON DELETE CASCADE ON UPDATE CASCADE
) ENGINE=InnoDB AUTO_INCREMENT=7 DEFAULT CHARSET=utf8 COMMENT='部门数据权限';
CREATE TABLE `dic` (
  `id` bigint(20) NOT NULL AUTO_INCREMENT COMMENT '主键',
  `dic_code` varchar(64) DEFAULT NULL COMMENT '字典编号',
  `dic_name` varchar(64) DEFAULT NULL COMMENT '字典名称',
  PRIMARY KEY (`id`) USING BTREE
) ENGINE=InnoDB AUTO_INCREMENT=30 DEFAULT CHARSET=utf8 COMMENT='数据字典';
CREATE TABLE `dic_item` (
  `id` bigint(20) NOT NULL AUTO_INCREMENT COMMENT '主键',
  `parent_id` bigint(20) DEFAULT NULL COMMENT '字典id',
  `label` varchar(64) DEFAULT NULL COMMENT '字典标签',
  `value` varchar(64) DEFAULT NULL COMMENT '字典值',
  `seq` int(11) DEFAULT NULL COMMENT '排序',
  `color` varchar(64) DEFAULT NULL COMMENT '字体颜色',
  `bg_color` varchar(64) DEFAULT NULL COMMENT '背景颜色',
  PRIMARY KEY (`id`) USING BTREE,
  KEY `dic_item_parent_id_fk` (`parent_id`) USING BTREE,
  CONSTRAINT `dic_item_parent_id_fk` FOREIGN KEY (`parent_id`) REFERENCES `dic` (`id`) ON DELETE CASCADE ON UPDATE CASCADE
) ENGINE=InnoDB AUTO_INCREMENT=148 DEFAULT CHARSET=utf8 COMMENT='字典明细';
CREATE TABLE `dynamic_task` (
  `id` bigint(20) NOT NULL AUTO_INCREMENT COMMENT '主键',
  `name` varchar(256) NOT NULL COMMENT '任务名称',
  `ref_id` bigint(20) NOT NULL COMMENT '关联id',
  `params` varchar(1024) DEFAULT NULL COMMENT '参数',
  `timer_task_status` varchar(20) DEFAULT NULL COMMENT '任务状态',
  `msg` varchar(1024) DEFAULT NULL COMMENT '提示信息',
  `plan_time` datetime NOT NULL COMMENT '计划执行时间',
  `start_time` datetime DEFAULT NULL COMMENT '开始时间',
  `end_time` datetime DEFAULT NULL COMMENT '结束时间',
  `api` varchar(1024) DEFAULT NULL COMMENT '接口',
  `create_time` datetime NOT NULL COMMENT '创建时间',
  `java_service` varchar(256) DEFAULT NULL COMMENT 'java接口',
  PRIMARY KEY (`id`) USING BTREE
) ENGINE=InnoDB AUTO_INCREMENT=18 DEFAULT CHARSET=utf8 COMMENT='动态任务';
CREATE TABLE `enterprise` (
  `id` bigint(20) NOT NULL AUTO_INCREMENT COMMENT '主键',
  `code` varchar(64) DEFAULT NULL COMMENT '编号',
  `name` varchar(1024) DEFAULT NULL COMMENT '名称',
  `logo` varchar(1024) DEFAULT NULL COMMENT 'logo',
  `address` varchar(1024) DEFAULT NULL COMMENT '地址',
  PRIMARY KEY (`id`) USING BTREE,
  KEY `enterprise_code` (`code`) USING BTREE COMMENT '企业编号'
) ENGINE=InnoDB AUTO_INCREMENT=5 DEFAULT CHARSET=utf8 COMMENT='企业';
CREATE TABLE `enterprise_manager` (
  `id` bigint(20) NOT NULL AUTO_INCREMENT COMMENT '主键',
  `enterprise_id` bigint(20) DEFAULT NULL COMMENT '企业id',
  `user_id` bigint(20) DEFAULT NULL COMMENT '人员id',
  PRIMARY KEY (`id`) USING BTREE,
  KEY `enterprise_manager_enterprise_id` (`enterprise_id`) USING BTREE COMMENT '企业负责人-企业id',
  KEY `enterprise_manager_user_id` (`user_id`) USING BTREE COMMENT '企业负责人-企业人员id',
  CONSTRAINT `enterprise_manager_enterprise_id_fk` FOREIGN KEY (`enterprise_id`) REFERENCES `enterprise` (`id`) ON DELETE CASCADE ON UPDATE CASCADE,
  CONSTRAINT `enterprise_manager_user_id_fk` FOREIGN KEY (`user_id`) REFERENCES `user` (`id`) ON DELETE CASCADE ON UPDATE CASCADE
) ENGINE=InnoDB AUTO_INCREMENT=8 DEFAULT CHARSET=utf8 COMMENT='企业负责人';
CREATE TABLE `enterprise_menu` (
  `id` bigint(20) NOT NULL AUTO_INCREMENT COMMENT '主键',
  `enterprise_id` bigint(20) DEFAULT NULL COMMENT '企业id',
  `menu_id` bigint(20) DEFAULT NULL COMMENT '菜单id',
  PRIMARY KEY (`id`) USING BTREE,
  KEY `enterprise_menu_enterprise_id` (`enterprise_id`) USING BTREE COMMENT '企业菜单_企业id索引',
  KEY `enterprise_menu_menu_id` (`menu_id`) USING BTREE COMMENT '企业菜单_菜单id索引',
  CONSTRAINT `enterprise_menu_enterprise_id_fk` FOREIGN KEY (`enterprise_id`) REFERENCES `enterprise` (`id`) ON DELETE CASCADE ON UPDATE CASCADE,
  CONSTRAINT `enterprise_menu_menu_id_fk` FOREIGN KEY (`menu_id`) REFERENCES `sys_menu` (`id`) ON DELETE CASCADE ON UPDATE CASCADE
) ENGINE=InnoDB AUTO_INCREMENT=2031 DEFAULT CHARSET=utf8 COMMENT='企业菜单';
CREATE TABLE `enterprise_user` (
  `id` bigint(20) NOT NULL AUTO_INCREMENT COMMENT '主键',
  `enterprise_id` bigint(20) DEFAULT NULL COMMENT '企业id',
  `user_id` bigint(20) DEFAULT NULL COMMENT '用户id',
  `dept_id` bigint(20) DEFAULT NULL COMMENT '部门id',
  PRIMARY KEY (`id`) USING BTREE,
  KEY `enterprise_user_enterprise_id` (`enterprise_id`) USING BTREE COMMENT '企业用户-企业id索引',
  KEY `enterprise_user_user_id` (`user_id`) USING BTREE COMMENT '企业用户-用户id索引',
  KEY `enterprise_user_org_id` (`dept_id`) USING BTREE COMMENT '企业用户-部门id索引',
  CONSTRAINT `enterprise_user_enterprise_id_fk` FOREIGN KEY (`enterprise_id`) REFERENCES `enterprise` (`id`) ON DELETE CASCADE ON UPDATE CASCADE,
  CONSTRAINT `enterprise_user_user_id_fk` FOREIGN KEY (`user_id`) REFERENCES `user` (`id`) ON DELETE CASCADE ON UPDATE CASCADE
) ENGINE=InnoDB AUTO_INCREMENT=3 DEFAULT CHARSET=utf8 COMMENT='企业用户';
CREATE TABLE `enterprise_user_position` (
  `id` bigint(20) NOT NULL AUTO_INCREMENT COMMENT '主键',
  `enterprise_user_id` bigint(20) DEFAULT NULL COMMENT '企业用户id',
  `position_id` bigint(20) DEFAULT NULL COMMENT '岗位id',
  PRIMARY KEY (`id`) USING BTREE,
  KEY `enterprise_user_position_user_id` (`enterprise_user_id`) USING BTREE COMMENT '企业用户岗位-用户id索引',
  KEY `enterprise_user_position_position_id` (`position_id`) USING BTREE COMMENT '企业用户岗位-岗位id索引',
  CONSTRAINT `enterprise_user_position_enterprise_user_id_fk` FOREIGN KEY (`enterprise_user_id`) REFERENCES `enterprise_user` (`id`) ON DELETE CASCADE ON UPDATE CASCADE,
  CONSTRAINT `enterprise_user_position_position_id_fk` FOREIGN KEY (`position_id`) REFERENCES `position` (`id`) ON DELETE CASCADE ON UPDATE CASCADE
) ENGINE=InnoDB AUTO_INCREMENT=4 DEFAULT CHARSET=utf8 COMMENT='企业用户岗位';
CREATE TABLE `flow` (
  `id` bigint(20) NOT NULL AUTO_INCREMENT COMMENT '主键',
  `code` varchar(64) DEFAULT NULL COMMENT '编号',
  `name` varchar(64) DEFAULT NULL COMMENT '名称',
  `last_version` int(11) DEFAULT NULL COMMENT '最新版本',
  `graph_data` longtext COMMENT '流程数据',
  `table_name` varchar(64) DEFAULT NULL COMMENT '表名称',
  `status_field` varchar(64) DEFAULT NULL COMMENT '状态字段',
  `status_dic` varchar(64) DEFAULT NULL COMMENT '状态字典',
  `extra_json` longtext COMMENT '扩展配置',
  `view_form` varchar(256) DEFAULT NULL COMMENT '查看表单',
  `before_api` varchar(1024) DEFAULT NULL COMMENT '前置接口',
  `after_api` varchar(1024) DEFAULT NULL COMMENT '后置接口',
  PRIMARY KEY (`id`)
) ENGINE=InnoDB AUTO_INCREMENT=3 DEFAULT CHARSET=utf8 COMMENT='流程';
CREATE TABLE `flow_deploy` (
  `id` bigint(20) NOT NULL AUTO_INCREMENT COMMENT '主键',
  `code` varchar(64) DEFAULT NULL COMMENT '编号',
  `name` varchar(64) DEFAULT NULL COMMENT '名称',
  `version` int(11) DEFAULT NULL COMMENT '当前版本',
  `graph_data` longtext COMMENT '流程数据',
  `table_name` varchar(64) DEFAULT NULL COMMENT '表名称',
  `status_field` varchar(64) DEFAULT NULL COMMENT '状态字段',
  `status_dic` varchar(64) DEFAULT NULL COMMENT '状态字典',
  `extra_json` longtext COMMENT '扩展配置',
  `flow_id` bigint(20) DEFAULT NULL COMMENT '流程id',
  `view_form` varchar(256) DEFAULT NULL COMMENT '查看表单',
  `before_api` varchar(1024) DEFAULT NULL COMMENT '前置接口',
  `after_api` varchar(1024) DEFAULT NULL COMMENT '后置接口',
  PRIMARY KEY (`id`)
) ENGINE=InnoDB AUTO_INCREMENT=11 DEFAULT CHARSET=utf8 COMMENT='流程部署';
CREATE TABLE `flow_instance` (
  `id` bigint(20) NOT NULL AUTO_INCREMENT COMMENT '主键',
  `flow_deploy_id` bigint(20) DEFAULT NULL COMMENT '流程部署id',
  `flow_id` bigint(20) DEFAULT NULL COMMENT '流程id',
  `ref_id` bigint(20) DEFAULT NULL COMMENT '关联id',
  `name` varchar(1024) DEFAULT NULL COMMENT '流程实例名称',
  `start_time` datetime DEFAULT NULL COMMENT '开始时间',
  `end_time` datetime DEFAULT NULL COMMENT '结束时间',
  `current_task_id` varchar(64) DEFAULT NULL COMMENT '当前任务id',
  `flow_code` varchar(64) DEFAULT NULL COMMENT '流程编码',
  `flow_name` varchar(1024) DEFAULT NULL COMMENT '流程名称',
  `create_user_id` bigint(20) DEFAULT NULL COMMENT '发起人id',
  `create_user_name` varchar(64) DEFAULT NULL COMMENT '发起人姓名',
  `enterprise_id` bigint(20) DEFAULT NULL COMMENT '企业id',
  `view_form` varchar(256) DEFAULT NULL COMMENT '查看表单',
  `current_task_name` varchar(64) DEFAULT NULL COMMENT '当前任务名称',
  PRIMARY KEY (`id`)
) ENGINE=InnoDB AUTO_INCREMENT=14 DEFAULT CHARSET=utf8 COMMENT='流程实例';
CREATE TABLE `flow_instance_task` (
  `id` bigint(20) NOT NULL AUTO_INCREMENT COMMENT '主键',
  `flow_instance_id` bigint(20) DEFAULT NULL COMMENT '流程实例id',
  `task_name` varchar(1024) DEFAULT NULL COMMENT '任务名称',
  `task_id` varchar(64) DEFAULT NULL COMMENT '任务id',
  `start_time` datetime DEFAULT NULL COMMENT '开始时间',
  `end_time` datetime DEFAULT NULL COMMENT '结束时间',
  `edge_id` varchar(64) DEFAULT NULL COMMENT '流转id',
  `edge_name` varchar(64) DEFAULT NULL COMMENT '流转名称',
  `candidate_user_ids` varchar(1024) DEFAULT NULL COMMENT '候选人列表',
  `candidate_position_codes` varchar(1024) DEFAULT NULL COMMENT '候选岗位列表',
  `audit_user_id` bigint(20) DEFAULT NULL COMMENT '审核人id',
  `audit_user_name` varchar(64) DEFAULT NULL COMMENT '审核人姓名',
  `order_status` varchar(64) DEFAULT NULL COMMENT '单据状态',
  `order_status_name` varchar(64) DEFAULT NULL COMMENT '单据状态名称',
  `order_status_dic` varchar(64) DEFAULT NULL COMMENT '状态字典',
  `table_name` varchar(64) DEFAULT NULL COMMENT '表名',
  `ref_id` bigint(20) DEFAULT NULL COMMENT '关联id',
  `flow_code` varchar(64) DEFAULT NULL COMMENT '流程编码',
  `flow_name` varchar(1024) DEFAULT NULL COMMENT '流程名称',
  `flow_instance_name` varchar(1024) DEFAULT NULL COMMENT '流程实例名称',
  `audit_remark` varchar(1024) DEFAULT NULL COMMENT '审核备注',
  `audit_files` longtext COMMENT '审核附件',
  `audit_imgs` longtext COMMENT '审核图片',
  `enterprise_id` bigint(20) DEFAULT NULL COMMENT '企业id',
  `view_form` varchar(256) DEFAULT NULL COMMENT '查看表单',
  `pass` varchar(20) DEFAULT NULL COMMENT '是否通过',
  `create_user_id` bigint(20) DEFAULT NULL COMMENT '创建人id',
  `create_user_name` varchar(64) DEFAULT NULL COMMENT '创建人姓名',
  PRIMARY KEY (`id`)
) ENGINE=InnoDB AUTO_INCREMENT=45 DEFAULT CHARSET=utf8 COMMENT='流程实例任务';
CREATE TABLE `form` (
  `id` bigint(20) NOT NULL AUTO_INCREMENT COMMENT '主键',
  `code` varchar(64) NOT NULL COMMENT '编号',
  `name` varchar(64) NOT NULL COMMENT '名称',
  `table_name` varchar(64) DEFAULT NULL COMMENT '主表',
  `init_api` varchar(1024) DEFAULT NULL COMMENT '初始化接口',
  `api` varchar(1024) DEFAULT NULL COMMENT '保存接口',
  `size` varchar(20) DEFAULT NULL COMMENT '窗口大小',
  `field_width` int(11) DEFAULT NULL COMMENT '字段宽度',
  `disabled` varchar(20) NOT NULL COMMENT '是否只读',
  `init_sql` longtext COMMENT '初始化sql',
  `before_api` varchar(1024) DEFAULT NULL COMMENT '前置接口',
  `after_api` varchar(1024) DEFAULT NULL COMMENT '后置接口',
  `form_event` varchar(1024) DEFAULT NULL COMMENT '表单事件',
  `form_type` varchar(64) DEFAULT NULL COMMENT '表单类型',
  `custom_form` varchar(64) DEFAULT NULL COMMENT '自定义表单',
  `extra_json` longtext COMMENT '扩展json',
  PRIMARY KEY (`id`) USING BTREE,
  KEY `form_code` (`code`) USING BTREE COMMENT '表单编号索引',
  KEY `form_table_name` (`table_name`) USING BTREE COMMENT '表单主表索引'
) ENGINE=InnoDB AUTO_INCREMENT=67 DEFAULT CHARSET=utf8 COMMENT='表单';
CREATE TABLE `form_button` (
  `id` bigint(20) NOT NULL AUTO_INCREMENT COMMENT '主键',
  `form_id` bigint(20) DEFAULT NULL COMMENT '表单id',
  `label` varchar(20) DEFAULT NULL COMMENT '按钮名称',
  `option_type` varchar(20) DEFAULT NULL COMMENT '操作类型',
  `option_value` varchar(1024) DEFAULT NULL COMMENT '操作配置',
  `level` varchar(20) DEFAULT NULL COMMENT '按钮级别',
  `confirm_text` varchar(64) DEFAULT NULL COMMENT '二次确认提示',
  `seq` int(11) DEFAULT NULL COMMENT '序号',
  `js_rule` varchar(1024) DEFAULT NULL COMMENT '按钮禁用规则',
  `close` varchar(20) DEFAULT NULL COMMENT '关闭弹出层',
  `code` varchar(256) DEFAULT NULL COMMENT '按钮编号',
  `icon` varchar(256) DEFAULT NULL COMMENT '图标',
  `whether_confirm` varchar(20) DEFAULT NULL COMMENT '是否提示',
  `before_pop_api` varchar(1024) DEFAULT NULL COMMENT '弹出前接口',
  `extra_json` longtext COMMENT '扩展json',
  PRIMARY KEY (`id`) USING BTREE,
  KEY `form_button_form_id_fk` (`form_id`) USING BTREE,
  CONSTRAINT `form_button_form_id_fk` FOREIGN KEY (`form_id`) REFERENCES `form` (`id`) ON DELETE CASCADE ON UPDATE CASCADE
) ENGINE=InnoDB AUTO_INCREMENT=72 DEFAULT CHARSET=utf8 COMMENT='表单按钮';
CREATE TABLE `form_field` (
  `id` bigint(20) NOT NULL AUTO_INCREMENT COMMENT '主键',
  `form_id` bigint(20) DEFAULT NULL COMMENT '表单id',
  `field` varchar(64) DEFAULT NULL COMMENT '字段',
  `label` varchar(64) DEFAULT NULL COMMENT '注释',
  `width` int(11) DEFAULT NULL COMMENT '宽度',
  `type` varchar(20) DEFAULT NULL COMMENT '类型',
  `format` varchar(256) DEFAULT NULL COMMENT '格式化',
  `hidden` varchar(20) DEFAULT NULL COMMENT '是否隐藏',
  `seq` int(11) DEFAULT NULL COMMENT '序号',
  `value` varchar(64) DEFAULT NULL COMMENT '默认值',
  `multi` varchar(20) DEFAULT NULL COMMENT '是否多选',
  `must` varchar(20) DEFAULT NULL COMMENT '是否必填',
  `disabled` varchar(20) DEFAULT NULL COMMENT '是否只读',
  `component_type` varchar(64) DEFAULT NULL COMMENT '组件类型',
  `check_repeat_type` varchar(20) DEFAULT NULL COMMENT '校验重复类型',
  `check_repeat_config` varchar(1024) DEFAULT NULL COMMENT '校验重复配置',
  `check_repeat_tip` varchar(1024) DEFAULT NULL COMMENT '校验重复提示',
  `validations` varchar(1024) DEFAULT NULL COMMENT '表单项校验',
  `option_sql` longtext COMMENT '选项sql',
  `label_remark` varchar(256) DEFAULT NULL COMMENT '标签提示',
  `group_name` varchar(64) DEFAULT NULL COMMENT '分组名称',
  `extra_json` longtext COMMENT '扩展json',
  PRIMARY KEY (`id`) USING BTREE,
  KEY `form_field_form_id_fk` (`form_id`) USING BTREE,
  CONSTRAINT `form_field_form_id_fk` FOREIGN KEY (`form_id`) REFERENCES `form` (`id`) ON DELETE CASCADE ON UPDATE CASCADE
) ENGINE=InnoDB AUTO_INCREMENT=2152 DEFAULT CHARSET=utf8 COMMENT='表单字段';
CREATE TABLE `form_ref` (
  `id` bigint(20) NOT NULL AUTO_INCREMENT COMMENT '主键',
  `form_id` bigint(20) DEFAULT NULL COMMENT '表单id',
  `ref_page_code` varchar(64) DEFAULT NULL COMMENT '关联页面编号',
  `ref_field` varchar(64) DEFAULT NULL COMMENT '关联字段',
  `seq` int(11) DEFAULT NULL COMMENT '序号',
  PRIMARY KEY (`id`) USING BTREE,
  KEY `form_ref_form_id_fk` (`form_id`) USING BTREE,
  CONSTRAINT `form_ref_form_id_fk` FOREIGN KEY (`form_id`) REFERENCES `form` (`id`) ON DELETE CASCADE ON UPDATE CASCADE
) ENGINE=InnoDB AUTO_INCREMENT=41 DEFAULT CHARSET=utf8 COMMENT='表单关联';
CREATE TABLE `global_log` (
  `id` bigint(20) NOT NULL AUTO_INCREMENT COMMENT '主键',
  `table_name` varchar(64) NOT NULL COMMENT '表',
  `user_id` bigint(20) DEFAULT NULL COMMENT '操作人',
  `create_time` datetime NOT NULL COMMENT '操作时间',
  `option_type` varchar(64) NOT NULL COMMENT '操作类型',
  `field` varchar(64) DEFAULT NULL COMMENT '字段',
  `before_value` longtext COMMENT '操作前值',
  `after_value` longtext COMMENT '操作后值',
  `user_name` varchar(64) DEFAULT NULL COMMENT '操作人姓名',
  `remark` longtext NOT NULL COMMENT '说明',
  `ref_id` bigint(20) NOT NULL COMMENT '关联id',
  PRIMARY KEY (`id`) USING BTREE
) ENGINE=InnoDB AUTO_INCREMENT=366 DEFAULT CHARSET=utf8 COMMENT='全局操作日志';
CREATE TABLE `icon` (
  `id` bigint(20) NOT NULL AUTO_INCREMENT,
  `icon` varchar(256) DEFAULT NULL COMMENT '图标',
  `name` varchar(256) DEFAULT NULL COMMENT '名称',
  `whether_common` varchar(20) DEFAULT NULL COMMENT '常见图标',
  PRIMARY KEY (`id`)
) ENGINE=InnoDB AUTO_INCREMENT=1845 DEFAULT CHARSET=utf8 COMMENT='图标';
CREATE TABLE `log_table` (
  `id` bigint(20) NOT NULL AUTO_INCREMENT COMMENT '主键',
  `table_name` varchar(64) NOT NULL COMMENT '表名',
  `table_comment` varchar(64) NOT NULL COMMENT '注释',
  `open_cache` varchar(20) DEFAULT NULL COMMENT '开启缓存',
  `cache_key_fields` varchar(1024) DEFAULT NULL COMMENT '缓存key字段列表',
  `save_log` varchar(20) DEFAULT NULL COMMENT '保存日志',
  PRIMARY KEY (`id`) USING BTREE
) ENGINE=InnoDB AUTO_INCREMENT=6 DEFAULT CHARSET=utf8 COMMENT='记录日志的表';
CREATE TABLE `magic_api_file` (
  `file_path` varchar(512) NOT NULL COMMENT '路径',
  `file_content` mediumtext COMMENT '内容',
  PRIMARY KEY (`file_path`) USING BTREE
) ENGINE=InnoDB DEFAULT CHARSET=utf8 COMMENT='magic-api存储';
CREATE TABLE `menu_url` (
  `id` bigint(20) NOT NULL AUTO_INCREMENT COMMENT '主键',
  `menu_id` bigint(20) DEFAULT NULL COMMENT '菜单id',
  `url` varchar(1024) NOT NULL COMMENT 'url',
  `name` varchar(64) DEFAULT NULL COMMENT '名称',
  PRIMARY KEY (`id`) USING BTREE
) ENGINE=InnoDB AUTO_INCREMENT=559 DEFAULT CHARSET=utf8 COMMENT='菜单url';
CREATE TABLE `page` (
  `id` bigint(20) NOT NULL AUTO_INCREMENT COMMENT '主键',
  `code` varchar(64) DEFAULT NULL COMMENT '编码',
  `query_sql` longtext COMMENT '查询sql',
  `page_type` varchar(20) DEFAULT NULL COMMENT '页面类型',
  `order_by` varchar(256) DEFAULT NULL COMMENT '排序',
  `js` longtext COMMENT 'js脚本',
  `name` varchar(20) NOT NULL COMMENT '名称',
  `label_field` varchar(64) DEFAULT NULL COMMENT '名称字段',
  `value_field` varchar(64) DEFAULT NULL COMMENT '值字段',
  `width` int(11) DEFAULT NULL COMMENT '宽度',
  `before_api` varchar(1024) DEFAULT NULL COMMENT '前置接口',
  `open_page` varchar(20) DEFAULT NULL COMMENT '是否开启分页',
  `introduce` longtext COMMENT '页面介绍',
  `open_row_num` varchar(20) DEFAULT NULL COMMENT '是否开启序号',
  `per_page` int(11) DEFAULT NULL COMMENT '每页数量',
  `extra_json` longtext COMMENT '扩展json',
  `after_query_api` varchar(1024) DEFAULT NULL COMMENT '查询后接口',
  PRIMARY KEY (`id`) USING BTREE,
  KEY `code` (`code`) USING BTREE COMMENT '编码索引'
) ENGINE=InnoDB AUTO_INCREMENT=70 DEFAULT CHARSET=utf8 COMMENT='页面';
CREATE TABLE `page_button` (
  `id` bigint(20) NOT NULL AUTO_INCREMENT COMMENT '主键',
  `page_id` bigint(20) DEFAULT NULL COMMENT '页面id',
  `label` varchar(20) DEFAULT NULL COMMENT '按钮名称',
  `button_location` varchar(20) DEFAULT NULL COMMENT '按钮位置',
  `option_type` varchar(20) DEFAULT NULL COMMENT '操作类型',
  `option_value` varchar(1024) DEFAULT NULL COMMENT '操作配置',
  `level` varchar(20) DEFAULT NULL COMMENT '按钮级别',
  `confirm_text` varchar(64) DEFAULT NULL COMMENT '二次确认提示',
  `seq` int(11) DEFAULT NULL COMMENT '序号',
  `js_rule` varchar(1024) DEFAULT NULL COMMENT '按钮禁用规则',
  `code` varchar(256) DEFAULT NULL COMMENT '按钮编号',
  `add_to_more` varchar(20) DEFAULT NULL COMMENT '添加到更多',
  `icon` varchar(256) DEFAULT NULL COMMENT '图标',
  `whether_confirm` varchar(20) DEFAULT NULL COMMENT '是否提示',
  `before_pop_api` varchar(1024) DEFAULT NULL COMMENT '弹出前接口',
  `extra_json` longtext COMMENT '扩展json',
  PRIMARY KEY (`id`) USING BTREE,
  KEY `page_button_page_id` (`page_id`) USING BTREE COMMENT '页面id索引',
  CONSTRAINT `page_button_page_id_fk` FOREIGN KEY (`page_id`) REFERENCES `page` (`id`) ON DELETE CASCADE ON UPDATE CASCADE
) ENGINE=InnoDB AUTO_INCREMENT=1149 DEFAULT CHARSET=utf8 COMMENT='页面按钮';
CREATE TABLE `page_query_field` (
  `id` bigint(20) NOT NULL AUTO_INCREMENT COMMENT '主键',
  `page_id` bigint(20) DEFAULT NULL COMMENT '页面id',
  `field` varchar(64) DEFAULT NULL COMMENT '字段',
  `label` varchar(64) DEFAULT NULL COMMENT '标签',
  `value` varchar(1024) DEFAULT NULL COMMENT '默认值',
  `opt` varchar(20) DEFAULT NULL COMMENT '操作符',
  `hidden` varchar(20) DEFAULT NULL COMMENT '是否隐藏',
  `must` varchar(20) DEFAULT NULL COMMENT '是否必填',
  `type` varchar(20) DEFAULT NULL COMMENT '类型',
  `format` varchar(64) DEFAULT NULL COMMENT '格式化',
  `date_express` varchar(64) DEFAULT NULL COMMENT '日期表达式',
  `option_sql` longtext COMMENT '选项查询sql',
  `seq` bigint(20) DEFAULT NULL COMMENT '序号',
  `width` int(11) DEFAULT NULL COMMENT '宽度',
  `component_type` varchar(20) DEFAULT NULL COMMENT '组件类型',
  `multi` varchar(20) DEFAULT NULL COMMENT '是否多选',
  `ref` varchar(20) DEFAULT NULL COMMENT '是否关联字段',
  `label_remark` varchar(256) DEFAULT NULL COMMENT '标签提示',
  PRIMARY KEY (`id`) USING BTREE,
  KEY `page_query_field_page_id_fk` (`page_id`) USING BTREE,
  CONSTRAINT `page_query_field_page_id_fk` FOREIGN KEY (`page_id`) REFERENCES `page` (`id`) ON DELETE CASCADE ON UPDATE CASCADE
) ENGINE=InnoDB AUTO_INCREMENT=1012 DEFAULT CHARSET=utf8 COMMENT='页面查询字段';
CREATE TABLE `page_ref` (
  `id` bigint(20) NOT NULL AUTO_INCREMENT COMMENT '主键',
  `ref_type` varchar(64) NOT NULL COMMENT '关联类型',
  `ref_field` varchar(64) NOT NULL COMMENT '关联字段',
  `ref_page_code` varchar(1024) NOT NULL COMMENT '关联页面编号',
  `seq` int(11) NOT NULL COMMENT '序号',
  `page_id` bigint(20) NOT NULL COMMENT '页面id',
  `ref_name` varchar(64) DEFAULT NULL COMMENT '名称',
  PRIMARY KEY (`id`) USING BTREE,
  KEY `page_ref_page_id_fk` (`page_id`) USING BTREE,
  CONSTRAINT `page_ref_page_id_fk` FOREIGN KEY (`page_id`) REFERENCES `page` (`id`) ON DELETE CASCADE ON UPDATE CASCADE
) ENGINE=InnoDB AUTO_INCREMENT=42 DEFAULT CHARSET=utf8 COMMENT='页面关联';
CREATE TABLE `page_result_field` (
  `id` bigint(20) NOT NULL AUTO_INCREMENT COMMENT '主键',
  `page_id` bigint(20) DEFAULT NULL COMMENT '页面id',
  `field` varchar(64) DEFAULT NULL COMMENT '字段',
  `label` varchar(64) DEFAULT NULL COMMENT '注释',
  `width` int(11) DEFAULT NULL COMMENT '宽度',
  `type` varchar(20) DEFAULT NULL COMMENT '类型',
  `format` varchar(1024) DEFAULT NULL COMMENT '格式化',
  `hidden` varchar(20) DEFAULT NULL COMMENT '是否隐藏',
  `seq` int(11) NOT NULL COMMENT '序号',
  `extra_json` varchar(1024) DEFAULT NULL COMMENT '扩展json',
  `statistics_sql` varchar(1024) DEFAULT NULL COMMENT '统计sql',
  `statistics_label` varchar(1024) DEFAULT NULL COMMENT '统计标签tpl',
  `fixed` varchar(20) DEFAULT NULL COMMENT '冻结位置',
  `toggled` varchar(20) DEFAULT NULL COMMENT '是否展示',
  PRIMARY KEY (`id`) USING BTREE,
  KEY `page_result_field_page_id_fk` (`page_id`) USING BTREE,
  CONSTRAINT `page_result_field_page_id_fk` FOREIGN KEY (`page_id`) REFERENCES `page` (`id`) ON DELETE CASCADE ON UPDATE CASCADE
) ENGINE=InnoDB AUTO_INCREMENT=3062 DEFAULT CHARSET=utf8 COMMENT='页面查询结果';
CREATE TABLE `permission` (
  `id` bigint(20) NOT NULL AUTO_INCREMENT COMMENT '主键',
  `code` varchar(64) DEFAULT NULL COMMENT '权限编码',
  `name` varchar(64) DEFAULT NULL COMMENT '权限名称',
  `permission_type` varchar(20) DEFAULT NULL COMMENT '权限类型',
  `permission_value` varchar(1024) DEFAULT NULL COMMENT '配置值',
  `component_type` varchar(64) DEFAULT NULL COMMENT '组件类型',
  `muiti` varchar(20) DEFAULT NULL COMMENT '是否多选',
  `remark` varchar(1024) DEFAULT NULL COMMENT '备注',
  PRIMARY KEY (`id`) USING BTREE,
  KEY `permission_code` (`code`) USING BTREE COMMENT '权限编码索引'
) ENGINE=InnoDB AUTO_INCREMENT=11 DEFAULT CHARSET=utf8 COMMENT='权限';
CREATE TABLE `position` (
  `id` bigint(20) NOT NULL AUTO_INCREMENT COMMENT '主键',
  `code` varchar(64) NOT NULL COMMENT '岗位编号',
  `name` varchar(64) NOT NULL COMMENT '岗位名称',
  `position_type` varchar(20) NOT NULL COMMENT '岗位类型',
  `enterprise_id` bigint(20) DEFAULT NULL COMMENT '企业id',
  PRIMARY KEY (`id`) USING BTREE,
  KEY `position_code` (`code`) USING BTREE COMMENT '岗位编号索引',
  KEY `position_enterprise_id` (`enterprise_id`) USING BTREE COMMENT '企业id索引',
  KEY `position_type` (`position_type`) USING BTREE COMMENT '岗位类型索引',
  CONSTRAINT `position_enterprise_id_fk` FOREIGN KEY (`enterprise_id`) REFERENCES `enterprise` (`id`) ON DELETE CASCADE ON UPDATE CASCADE
) ENGINE=InnoDB AUTO_INCREMENT=6 DEFAULT CHARSET=utf8 COMMENT='岗位';
CREATE TABLE `position_menu` (
  `id` bigint(20) NOT NULL AUTO_INCREMENT COMMENT '主键',
  `position_id` bigint(20) DEFAULT NULL COMMENT '岗位id',
  `enterprise_id` bigint(20) DEFAULT NULL COMMENT '企业id',
  `menu_id` bigint(20) DEFAULT NULL COMMENT '菜单id',
  PRIMARY KEY (`id`) USING BTREE,
  KEY `position_menu_position_id` (`position_id`) USING BTREE COMMENT '岗位菜单_岗位id索引',
  KEY `position_menu_enterprise_id` (`enterprise_id`) USING BTREE COMMENT '岗位菜单_企业id索引',
  KEY `position_menu_menu_id` (`menu_id`) USING BTREE COMMENT '岗位菜单_菜单id索引',
  CONSTRAINT `position_menu_enterprise_id_fk` FOREIGN KEY (`enterprise_id`) REFERENCES `enterprise` (`id`) ON DELETE CASCADE ON UPDATE CASCADE,
  CONSTRAINT `position_menu_menu_id_fk` FOREIGN KEY (`menu_id`) REFERENCES `sys_menu` (`id`) ON DELETE CASCADE ON UPDATE CASCADE,
  CONSTRAINT `position_menu_position_id_fk` FOREIGN KEY (`position_id`) REFERENCES `position` (`id`) ON DELETE CASCADE ON UPDATE CASCADE
) ENGINE=InnoDB AUTO_INCREMENT=167 DEFAULT CHARSET=utf8 COMMENT='岗位菜单';
CREATE TABLE `position_permission` (
  `id` bigint(20) NOT NULL AUTO_INCREMENT COMMENT '主键',
  `position_id` bigint(20) DEFAULT NULL COMMENT '岗位id',
  `enterprise_id` bigint(20) DEFAULT NULL COMMENT '企业id',
  `permission_id` bigint(20) DEFAULT NULL COMMENT '权限id',
  `config_value` varchar(64) DEFAULT NULL COMMENT '配置值',
  PRIMARY KEY (`id`) USING BTREE,
  KEY `position_permission_position_id_fk` (`position_id`) USING BTREE,
  KEY `position_permission_permission_id_fk` (`permission_id`) USING BTREE,
  KEY `position_permission_enterprise_id_fk` (`enterprise_id`) USING BTREE,
  CONSTRAINT `position_permission_enterprise_id_fk` FOREIGN KEY (`enterprise_id`) REFERENCES `enterprise` (`id`) ON DELETE CASCADE ON UPDATE CASCADE,
  CONSTRAINT `position_permission_permission_id_fk` FOREIGN KEY (`permission_id`) REFERENCES `permission` (`id`) ON DELETE CASCADE ON UPDATE CASCADE,
  CONSTRAINT `position_permission_position_id_fk` FOREIGN KEY (`position_id`) REFERENCES `position` (`id`) ON DELETE CASCADE ON UPDATE CASCADE
) ENGINE=InnoDB AUTO_INCREMENT=30 DEFAULT CHARSET=utf8 COMMENT='岗位数据权限';
CREATE TABLE `serial_number` (
  `id` bigint(20) NOT NULL AUTO_INCREMENT COMMENT '主键',
  `code` varchar(64) DEFAULT NULL COMMENT '编号',
  `name` varchar(64) DEFAULT NULL COMMENT '名称',
  `prefix` varchar(64) DEFAULT NULL COMMENT '前缀',
  `date_format` varchar(20) DEFAULT NULL COMMENT '日期格式',
  `cur_date` varchar(64) DEFAULT NULL COMMENT '当前日期',
  `cur_serial` int(11) DEFAULT NULL COMMENT '当前顺序号',
  `serial_lenth` int(11) DEFAULT NULL COMMENT '顺序号长度',
  PRIMARY KEY (`id`) USING BTREE,
  KEY `serial_number_code` (`code`) USING BTREE COMMENT '序号编码索引'
) ENGINE=InnoDB AUTO_INCREMENT=2 DEFAULT CHARSET=utf8 COMMENT='序号';
CREATE TABLE `sql_api` (
  `id` bigint(20) NOT NULL AUTO_INCREMENT COMMENT '主键',
  `name` varchar(64) DEFAULT NULL COMMENT '名称',
  `code` varchar(64) DEFAULT NULL COMMENT '编号',
  `sql_api_prefix` varchar(64) DEFAULT NULL COMMENT '前缀',
  `content` longtext COMMENT '内容',
  `sql_api_type` varchar(20) DEFAULT NULL COMMENT '类型',
  PRIMARY KEY (`id`)
) ENGINE=InnoDB AUTO_INCREMENT=7 DEFAULT CHARSET=utf8 COMMENT='sql接口';
CREATE TABLE `sql_info` (
  `id` bigint(20) NOT NULL AUTO_INCREMENT COMMENT '主键',
  `code` varchar(64) NOT NULL COMMENT '编号',
  `name` varchar(256) NOT NULL COMMENT '名称',
  `sql_info` longtext NOT NULL COMMENT 'sql语句',
  `sql_type` varchar(20) NOT NULL COMMENT 'sql类型',
  `ref_sql_codes` longtext COMMENT '关联sql',
  PRIMARY KEY (`id`),
  KEY `sql_code_idx` (`code`) COMMENT 'sql编号索引'
) ENGINE=InnoDB AUTO_INCREMENT=7 DEFAULT CHARSET=utf8 COMMENT='sql语句';
CREATE TABLE `sql_param` (
  `id` bigint(20) NOT NULL AUTO_INCREMENT COMMENT '主键',
  `sql_info_id` bigint(20) NOT NULL COMMENT 'sql主键',
  `seq` int(11) NOT NULL COMMENT '序号',
  `name` varchar(64) NOT NULL COMMENT '参数名称',
  `label` varchar(64) NOT NULL COMMENT '参数标签',
  `must` varchar(20) NOT NULL COMMENT '是否必填',
  `param_type` varchar(20) NOT NULL COMMENT '参数类型',
  `format` varchar(1024) DEFAULT NULL COMMENT '格式化',
  `default_value` varchar(256) DEFAULT NULL COMMENT '默认值',
  PRIMARY KEY (`id`),
  KEY `sql_param_sql_info_id` (`sql_info_id`),
  CONSTRAINT `sql_param_sql_info_id` FOREIGN KEY (`sql_info_id`) REFERENCES `sql_info` (`id`) ON DELETE CASCADE ON UPDATE CASCADE
) ENGINE=InnoDB AUTO_INCREMENT=11 DEFAULT CHARSET=utf8 COMMENT='sql参数';
CREATE TABLE `sql_result` (
  `id` bigint(20) NOT NULL AUTO_INCREMENT COMMENT '主键',
  `sql_info_id` bigint(20) NOT NULL COMMENT 'sql主键',
  `field` varchar(64) NOT NULL COMMENT '字段',
  `label` varchar(64) NOT NULL COMMENT '名称',
  `type` varchar(20) NOT NULL COMMENT '类型',
  `format` varchar(64) DEFAULT NULL COMMENT '格式化',
  `seq` int(11) NOT NULL COMMENT '序号',
  PRIMARY KEY (`id`),
  KEY `sql_result_sql_info_id_fk` (`sql_info_id`),
  CONSTRAINT `sql_result_sql_info_id_fk` FOREIGN KEY (`sql_info_id`) REFERENCES `sql_info` (`id`) ON DELETE CASCADE ON UPDATE CASCADE
) ENGINE=InnoDB AUTO_INCREMENT=54 DEFAULT CHARSET=utf8 COMMENT='sql结果';
CREATE TABLE `sys_file` (
  `id` bigint(20) NOT NULL AUTO_INCREMENT COMMENT '主键',
  `file_name` varchar(256) DEFAULT NULL COMMENT '文件名',
  `suffix` varchar(20) DEFAULT NULL COMMENT '文件后缀',
  `size` bigint(20) DEFAULT NULL COMMENT '文件大小',
  `path` varchar(1024) DEFAULT NULL COMMENT '路径',
  `upload_time` datetime DEFAULT NULL COMMENT '上传时间',
  `content_type` varchar(256) DEFAULT NULL COMMENT '文件类型',
  PRIMARY KEY (`id`) USING BTREE
) ENGINE=InnoDB AUTO_INCREMENT=51 DEFAULT CHARSET=utf8 COMMENT='系统文件';
CREATE TABLE `sys_menu` (
  `id` bigint(20) NOT NULL AUTO_INCREMENT COMMENT '主键',
  `parent_id` bigint(20) DEFAULT NULL COMMENT '父菜单',
  `menu_code` varchar(64) DEFAULT NULL COMMENT '菜单编号',
  `menu_name` varchar(256) DEFAULT NULL COMMENT '菜单名称',
  `menu_type` varchar(20) DEFAULT NULL COMMENT '菜单类型',
  `url` varchar(1024) DEFAULT NULL COMMENT '菜单地址',
  `seq` int(11) DEFAULT NULL COMMENT '序号',
  `icon` varchar(64) DEFAULT NULL COMMENT '图标',
  `whether_button` varchar(20) DEFAULT NULL COMMENT '是否按钮',
  PRIMARY KEY (`id`) USING BTREE,
  KEY `sys_menu_parent_id_fk` (`parent_id`) USING BTREE,
  CONSTRAINT `sys_menu_parent_id_fk` FOREIGN KEY (`parent_id`) REFERENCES `sys_menu` (`id`) ON DELETE CASCADE ON UPDATE CASCADE
) ENGINE=InnoDB AUTO_INCREMENT=195 DEFAULT CHARSET=utf8 COMMENT='系统菜单';
CREATE TABLE `t_order` (
  `id` bigint(20) NOT NULL AUTO_INCREMENT COMMENT '主键',
  `order_num` varchar(20) NOT NULL COMMENT '订单编号',
  `order_name` varchar(20) DEFAULT NULL COMMENT '订单名称',
  PRIMARY KEY (`id`)
) ENGINE=InnoDB DEFAULT CHARSET=utf8 COMMENT='订单测试33';
CREATE TABLE `template` (
  `id` bigint(20) NOT NULL AUTO_INCREMENT COMMENT '主键',
  `code` varchar(256) DEFAULT NULL COMMENT '编号',
  `name` varchar(256) DEFAULT NULL COMMENT '名称',
  `seq` int(11) DEFAULT NULL COMMENT '序号',
  `parent_id` bigint(20) DEFAULT NULL COMMENT '父id',
  `content` longtext COMMENT '内容',
  `params` longtext COMMENT '测试参数',
  `template_type` varchar(64) DEFAULT NULL COMMENT '模板类型',
  PRIMARY KEY (`id`),
  KEY `fk_template_parent_id` (`parent_id`),
  KEY `idx_template_code` (`code`) COMMENT 'null',
  CONSTRAINT `fk_template_parent_id` FOREIGN KEY (`parent_id`) REFERENCES `template` (`id`) ON DELETE CASCADE ON UPDATE CASCADE
) ENGINE=InnoDB AUTO_INCREMENT=6 DEFAULT CHARSET=utf8 COMMENT='模板';
CREATE TABLE `test_data_import` (
  `id` bigint(20) NOT NULL AUTO_INCREMENT COMMENT '主键',
  `user_id` bigint(20) NOT NULL COMMENT '用户id',
  `enterprise_id` bigint(20) NOT NULL COMMENT '企业id',
  `birthday` datetime NOT NULL COMMENT '生日',
  `age` int(11) NOT NULL COMMENT '年龄',
  `gender` varchar(20) NOT NULL COMMENT '性别',
  PRIMARY KEY (`id`) USING BTREE
) ENGINE=InnoDB AUTO_INCREMENT=2 DEFAULT CHARSET=utf8 COMMENT='测试数据导入';
CREATE TABLE `test_order` (
  `id` bigint(20) NOT NULL AUTO_INCREMENT COMMENT '主键',
  `order_code` varchar(64) NOT NULL COMMENT '订单号',
  `customer_manager_id` bigint(20) NOT NULL COMMENT '客户经理id',
  `designer_id` bigint(20) DEFAULT NULL COMMENT '设计师id',
  `test_order_status` varchar(20) NOT NULL COMMENT '订单状态',
  `create_time` datetime NOT NULL COMMENT '创建时间',
  `amount` float(19,2) DEFAULT NULL COMMENT '订单金额',
  PRIMARY KEY (`id`) USING BTREE
) ENGINE=InnoDB AUTO_INCREMENT=20 DEFAULT CHARSET=utf8 COMMENT='测试订单';
CREATE TABLE `timer_task` (
  `id` bigint(20) NOT NULL AUTO_INCREMENT COMMENT '主键',
  `name` varchar(64) DEFAULT NULL COMMENT '任务名称',
  `api` varchar(1024) DEFAULT NULL COMMENT '接口',
  `scheduling_pattern` varchar(1024) DEFAULT NULL COMMENT '执行频率',
  `data_status` varchar(1024) DEFAULT NULL COMMENT '状态',
  `params` longtext COMMENT '参数',
  PRIMARY KEY (`id`) USING BTREE
) ENGINE=InnoDB AUTO_INCREMENT=2 DEFAULT CHARSET=utf8 COMMENT='定时任务';
CREATE TABLE `timer_task_record` (
  `id` bigint(20) NOT NULL AUTO_INCREMENT COMMENT '主键',
  `timer_task_id` bigint(20) NOT NULL COMMENT '定时任务id',
  `timer_task_record_status` varchar(20) NOT NULL COMMENT '执行状态',
  `start_time` datetime NOT NULL COMMENT '开始时间',
  `end_time` datetime DEFAULT NULL COMMENT '结束时间',
  `params` longtext COMMENT '参数',
  `msg` varchar(1024) DEFAULT NULL COMMENT '提示信息',
  PRIMARY KEY (`id`) USING BTREE
) ENGINE=InnoDB AUTO_INCREMENT=4 DEFAULT CHARSET=utf8 COMMENT='定时任务记录';
CREATE TABLE `user` (
  `id` bigint(20) NOT NULL AUTO_INCREMENT COMMENT '主键',
  `user_code` varchar(64) DEFAULT NULL COMMENT '用户编号',
  `name` varchar(64) DEFAULT NULL COMMENT '姓名',
  `mobile` varchar(64) DEFAULT NULL COMMENT '手机号',
  `password` varchar(64) DEFAULT NULL COMMENT '密码',
  `salt` varchar(64) DEFAULT NULL COMMENT '密码盐',
  `create_time` datetime DEFAULT NULL COMMENT '创建时间',
  `update_time` datetime DEFAULT NULL COMMENT '更新时间',
  `avatar` varchar(1024) DEFAULT NULL COMMENT '头像',
  `user_type` varchar(20) DEFAULT NULL COMMENT '用户类型',
  `user_status` varchar(20) DEFAULT NULL COMMENT '用户状态',
  `other_files` varchar(1024) DEFAULT NULL COMMENT '附件列表',
  PRIMARY KEY (`id`) USING BTREE,
  KEY `user_user_code` (`user_code`) USING BTREE COMMENT '用户编号'
) ENGINE=InnoDB AUTO_INCREMENT=4 DEFAULT CHARSET=utf8 COMMENT='用户';
CREATE TABLE `user_permission` (
  `id` bigint(20) NOT NULL AUTO_INCREMENT COMMENT '主键',
  `enterprise_user_id` bigint(20) DEFAULT NULL COMMENT '部门id',
  `permission_id` bigint(20) DEFAULT NULL COMMENT '权限id',
  `config_value` varchar(256) DEFAULT NULL COMMENT '配置值',
  PRIMARY KEY (`id`) USING BTREE,
  KEY `user_permission_enterprise_user_id_fk` (`enterprise_user_id`) USING BTREE,
  KEY `user_permission_permission_id_fk` (`permission_id`) USING BTREE,
  CONSTRAINT `user_permission_enterprise_user_id_fk` FOREIGN KEY (`enterprise_user_id`) REFERENCES `enterprise_user` (`id`) ON DELETE CASCADE ON UPDATE CASCADE,
  CONSTRAINT `user_permission_permission_id_fk` FOREIGN KEY (`permission_id`) REFERENCES `permission` (`id`) ON DELETE CASCADE ON UPDATE CASCADE
) ENGINE=InnoDB AUTO_INCREMENT=13 DEFAULT CHARSET=utf8 COMMENT='用户数据权限';
BEGIN;
LOCK TABLES `jqp`.`act_evt_log` WRITE;
DELETE FROM `jqp`.`act_evt_log`;
UNLOCK TABLES;
COMMIT;
BEGIN;
LOCK TABLES `jqp`.`act_ge_bytearray` WRITE;
DELETE FROM `jqp`.`act_ge_bytearray`;
INSERT INTO `jqp`.`act_ge_bytearray` (`ID_`,`REV_`,`NAME_`,`DEPLOYMENT_ID_`,`BYTES_`,`GENERATED_`) VALUES ('10002', 1, 'metaInfo', '10001', 0x7B226E616D65223A22E6B58BE8AF95E8AEA2E58D95E5AEA1E6A0B8222C226465736372697074696F6E223A22E6B58BE8AF95222C227265766973696F6E223A312C22696E697453716C223A22222C226265666F7265417069223A6E756C6C2C226166746572417069223A6E756C6C2C227461626C654E616D65223A22746573745F6F72646572222C227374617475734669656C64223A22746573745F6F726465725F737461747573222C22737461747573446963223A22746573744F72646572537461747573222C2276696577466F726D223A22746573744F7264657256696577227D, 0),('10003', 1, '测试订单审核.bpmn20.xml', '10001', 0x3C3F786D6C2076657273696F6E3D22312E302220656E636F64696E673D225554462D38223F3E0A3C646566696E6974696F6E7320786D6C6E733D22687474703A2F2F7777772E6F6D672E6F72672F737065632F42504D4E2F32303130303532342F4D4F44454C2220786D6C6E733A7873693D22687474703A2F2F7777772E77332E6F72672F323030312F584D4C536368656D612D696E7374616E63652220786D6C6E733A7873643D22687474703A2F2F7777772E77332E6F72672F323030312F584D4C536368656D612220786D6C6E733A61637469766974693D22687474703A2F2F61637469766974692E6F72672F62706D6E2220786D6C6E733A62706D6E64693D22687474703A2F2F7777772E6F6D672E6F72672F737065632F42504D4E2F32303130303532342F44492220786D6C6E733A6F6D6764633D22687474703A2F2F7777772E6F6D672E6F72672F737065632F44442F32303130303532342F44432220786D6C6E733A6F6D6764693D22687474703A2F2F7777772E6F6D672E6F72672F737065632F44442F32303130303532342F44492220747970654C616E67756167653D22687474703A2F2F7777772E77332E6F72672F323030312F584D4C536368656D61222065787072657373696F6E4C616E67756167653D22687474703A2F2F7777772E77332E6F72672F313939392F585061746822207461726765744E616D6573706163653D22687474703A2F2F7777772E61637469766974692E6F72672F70726F63657373646566223E0A20203C70726F636573732069643D22746573744F7264657222206E616D653D22E6B58BE8AF95E8AEA2E58D95E5AEA1E6A0B82220697345786563757461626C653D2274727565223E0A202020203C646F63756D656E746174696F6E3EE6B58BE8AF953C2F646F63756D656E746174696F6E3E0A202020203C73746172744576656E742069643D227369642D37443230303942322D374244432D343234322D414430372D42343146383643433631413722206E616D653D22E5BC80E5A78B223E3C2F73746172744576656E743E0A202020203C757365725461736B2069643D227369642D39464231353733442D324333412D344530452D413332342D41464645363146463033303622206E616D653D22E5AEA2E688B7E7BB8FE79086E4B88BE58D95223E0A2020202020203C646F63756D656E746174696F6E3E313C2F646F63756D656E746174696F6E3E0A202020203C2F757365725461736B3E0A202020203C757365725461736B2069643D227369642D41413630453445302D433544432D343038362D413937312D42464335353639393130453722206E616D653D22E8AEBEE8AEA1E5B888E5AEA1E6A0B8223E0A2020202020203C646F63756D656E746174696F6E3E323C2F646F63756D656E746174696F6E3E0A202020203C2F757365725461736B3E0A202020203C656E644576656E742069643D227369642D36373343353539352D434445322D343341332D393333312D41324338364338383033393322206E616D653D22E7BB93E69D9F223E3C2F656E644576656E743E0A202020203C73657175656E6365466C6F772069643D227369642D33444445383234312D443742412D344535332D423931332D4144364645393838353544382220736F757263655265663D227369642D37443230303942322D374244432D343234322D414430372D42343146383643433631413722207461726765745265663D227369642D39464231353733442D324333412D344530452D413332342D414646453631464630333036223E3C2F73657175656E6365466C6F773E0A202020203C73657175656E6365466C6F772069643D227369642D41394143363346322D323146412D343643412D413032342D35464332393233424641343722206E616D653D22E5AEA1E6A0B8E9809AE8BF872220736F757263655265663D227369642D41413630453445302D433544432D343038362D413937312D42464335353639393130453722207461726765745265663D227369642D36373343353539352D434445322D343341332D393333312D413243383643383830333933223E0A2020202020203C646F63756D656E746174696F6E3E333C2F646F63756D656E746174696F6E3E0A2020202020203C636F6E646974696F6E45787072657373696F6E207873693A747970653D2274466F726D616C45787072657373696F6E223E3C215B43444154415B247B726573756C743D3D337D5D5D3E3C2F636F6E646974696F6E45787072657373696F6E3E0A202020203C2F73657175656E6365466C6F773E0A202020203C73657175656E6365466C6F772069643D227369642D42303036383341332D433846392D343638432D424346462D41394436443536433946324522206E616D653D22E68F90E4BAA42220736F757263655265663D227369642D39464231353733442D324333412D344530452D413332342D41464645363146463033303622207461726765745265663D227369642D41413630453445302D433544432D343038362D413937312D424643353536393931304537223E0A2020202020203C646F63756D656E746174696F6E3E323C2F646F63756D656E746174696F6E3E0A202020203C2F73657175656E6365466C6F773E0A202020203C73657175656E6365466C6F772069643D227369642D39343633334236392D313743372D343546302D384343352D31363238363638333044383122206E616D653D22E5AEA1E6A0B8E4B88DE9809AE8BF872220736F757263655265663D227369642D41413630453445302D433544432D343038362D413937312D42464335353639393130453722207461726765745265663D227369642D39464231353733442D324333412D344530452D413332342D414646453631464630333036223E0A2020202020203C646F63756D656E746174696F6E3E313C2F646F63756D656E746174696F6E3E0A2020202020203C636F6E646974696F6E45787072657373696F6E207873693A747970653D2274466F726D616C45787072657373696F6E223E3C215B43444154415B247B726573756C743D3D317D5D5D3E3C2F636F6E646974696F6E45787072657373696F6E3E0A202020203C2F73657175656E6365466C6F773E0A20203C2F70726F636573733E0A20203C62706D6E64693A42504D4E4469616772616D2069643D2242504D4E4469616772616D5F746573744F72646572223E0A202020203C62706D6E64693A42504D4E506C616E652062706D6E456C656D656E743D22746573744F72646572222069643D2242504D4E506C616E655F746573744F72646572223E0A2020202020203C62706D6E64693A42504D4E53686170652062706D6E456C656D656E743D227369642D37443230303942322D374244432D343234322D414430372D423431463836434336314137222069643D2242504D4E53686170655F7369642D37443230303942322D374244432D343234322D414430372D423431463836434336314137223E0A20202020202020203C6F6D6764633A426F756E6473206865696768743D2233302E30222077696474683D2233302E302220783D2236302E302220793D223132312E30223E3C2F6F6D6764633A426F756E64733E0A2020202020203C2F62706D6E64693A42504D4E53686170653E0A2020202020203C62706D6E64693A42504D4E53686170652062706D6E456C656D656E743D227369642D39464231353733442D324333412D344530452D413332342D414646453631464630333036222069643D2242504D4E53686170655F7369642D39464231353733442D324333412D344530452D413332342D414646453631464630333036223E0A20202020202020203C6F6D6764633A426F756E6473206865696768743D2238302E30222077696474683D223130302E302220783D223139392E352220793D2239362E30223E3C2F6F6D6764633A426F756E64733E0A2020202020203C2F62706D6E64693A42504D4E53686170653E0A2020202020203C62706D6E64693A42504D4E53686170652062706D6E456C656D656E743D227369642D41413630453445302D433544432D343038362D413937312D424643353536393931304537222069643D2242504D4E53686170655F7369642D41413630453445302D433544432D343038362D413937312D424643353536393931304537223E0A20202020202020203C6F6D6764633A426F756E6473206865696768743D2238302E30222077696474683D223130302E302220783D223430352E302220793D2239362E30223E3C2F6F6D6764633A426F756E64733E0A2020202020203C2F62706D6E64693A42504D4E53686170653E0A2020202020203C62706D6E64693A42504D4E53686170652062706D6E456C656D656E743D227369642D36373343353539352D434445322D343341332D393333312D413243383643383830333933222069643D2242504D4E53686170655F7369642D36373343353539352D434445322D343341332D393333312D413243383643383830333933223E0A20202020202020203C6F6D6764633A426F756E6473206865696768743D2232382E30222077696474683D2232382E302220783D223636302E302220793D223132322E30223E3C2F6F6D6764633A426F756E64733E0A2020202020203C2F62706D6E64693A42504D4E53686170653E0A2020202020203C62706D6E64693A42504D4E456467652062706D6E456C656D656E743D227369642D33444445383234312D443742412D344535332D423931332D414436464539383835354438222069643D2242504D4E456467655F7369642D33444445383234312D443742412D344535332D423931332D414436464539383835354438223E0A20202020202020203C6F6D6764693A776179706F696E7420783D2239302E302220793D223133362E30223E3C2F6F6D6764693A776179706F696E743E0A20202020202020203C6F6D6764693A776179706F696E7420783D223139392E352220793D223133362E30223E3C2F6F6D6764693A776179706F696E743E0A2020202020203C2F62706D6E64693A42504D4E456467653E0A2020202020203C62706D6E64693A42504D4E456467652062706D6E456C656D656E743D227369642D41394143363346322D323146412D343643412D413032342D354643323932334246413437222069643D2242504D4E456467655F7369642D41394143363346322D323146412D343643412D413032342D354643323932334246413437223E0A20202020202020203C6F6D6764693A776179706F696E7420783D223530352E302220793D223133362E30223E3C2F6F6D6764693A776179706F696E743E0A20202020202020203C6F6D6764693A776179706F696E7420783D223636302E302220793D223133362E30223E3C2F6F6D6764693A776179706F696E743E0A2020202020203C2F62706D6E64693A42504D4E456467653E0A2020202020203C62706D6E64693A42504D4E456467652062706D6E456C656D656E743D227369642D39343633334236392D313743372D343546302D384343352D313632383636383330443831222069643D2242504D4E456467655F7369642D39343633334236392D313743372D343546302D384343352D313632383636383330443831223E0A20202020202020203C6F6D6764693A776179706F696E7420783D223435352E302220793D223137362E30223E3C2F6F6D6764693A776179706F696E743E0A20202020202020203C6F6D6764693A776179706F696E7420783D223435352E302220793D223236372E30223E3C2F6F6D6764693A776179706F696E743E0A20202020202020203C6F6D6764693A776179706F696E7420783D223234392E352220793D223236372E30223E3C2F6F6D6764693A776179706F696E743E0A20202020202020203C6F6D6764693A776179706F696E7420783D223234392E352220793D223137362E30223E3C2F6F6D6764693A776179706F696E743E0A2020202020203C2F62706D6E64693A42504D4E456467653E0A2020202020203C62706D6E64693A42504D4E456467652062706D6E456C656D656E743D227369642D42303036383341332D433846392D343638432D424346462D413944364435364339463245222069643D2242504D4E456467655F7369642D42303036383341332D433846392D343638432D424346462D413944364435364339463245223E0A20202020202020203C6F6D6764693A776179706F696E7420783D223239392E352220793D223133362E30223E3C2F6F6D6764693A776179706F696E743E0A20202020202020203C6F6D6764693A776179706F696E7420783D223430352E302220793D223133362E30223E3C2F6F6D6764693A776179706F696E743E0A2020202020203C2F62706D6E64693A42504D4E456467653E0A202020203C2F62706D6E64693A42504D4E506C616E653E0A20203C2F62706D6E64693A42504D4E4469616772616D3E0A3C2F646566696E6974696F6E733E, 0),('10004', 1, '测试订单审核.testOrder.png', '10001', 0x89504E470D0A1A0A0000000D49484452000002BA0000011508060000000F5F46BF000010B84944415478DAEDDD5D4C9D759E07702FBCF0622FE6622FE6622F4C66929D642FE6662EE6622F9ABD9A0B27EB8584C2417B8206D4BE58E89A98DA8A6F44B431CD309B28D96E26CE74864E4C435DEC8A422B6D2D6DDAAD51A6A6B1EDD25AA0A5380AB59503A5F0ECF367399323E59D033CA77C3EC92FCE40ABE6E17CFDFECED3E73CCF7DF70100000000000000000000000000000000000000000000000000000000000000000000000000000000000000000000000000000000000000000000000000000000000000000000000000000000000000000000000000000000000000000000000000000000000000000000000000000000000000000000000000000000000000000000000000000000000000000000000000000000000000000000000000000000000000000000000000000000000000000000000000000000000000000000000000000000000000000000000000000000000000000000000000000000000000000000000000000000000000000000000000000000000000000000000000000000000000C03289A2E8FEAEAEAE774F9E3C3976E8D0A1A8B5B5D5ACF0B4B5B545478F1EFD6B3C655E917263E406803C09657DECD8B1A8BFBF3F1A191931AB345F7FFD7574E4C8911B71793FE2552937466E00C88370464A5927A6B4475A5B5BCF7955CA8D911B00F220FCB1ABB24CCEC4853DEA552937466E00C88370AD9BA24C5461475E957263E40680152CEC5B83D7A2AED3BF8BBE687B7962C2FF0E5F53B20A5B6EE4466E0028D8C2BE39D01B9DFD7067F4F9C1677F30E16BE17B8A5661CB8DDCC80D000559D8DD5FFCD75D659D9D9E2F9A15ADC2961BB9911B000AB3B0CF7DFCFA8C851DBEA76815B6DCC88DDC005090857DB6F5C5190B3B7C4FD12A6CB9911BB90140611B852D377223370024A5B0C3A7C5672AECF03D45ABB0E5466EE40680822CEC0BC7FF7DC6C20EDF53B40A5B6EE4466E0028C8C2FEA6B7333AFB51CDDD7FFC1A7F2D7C4FD12A6CB9911BB901A0200B3BCCA5FFF9FD5D851DBEA66415B6DCC88DDC0050B8853D3C1C5DE878EBEE3F7E8DBF16BEA76815B6DCC88DDC005070851D9EE074FEF86F67BCD6307CCF539E14B6DCC88DDC005038853D3C1C5DBB7038FA4BCBF619CB3A3BE1D7845FEB2C95C2961BB9911B00125DD8739D8D72964A61CB8DDCC80D000559D8F3391B35DB592AC5ABB0E5466EE406804416F662CB3A3B8A5761CB8DDCC80D00892C6CA3B0911BB90140611B852D37466E0050D84661CB8D911B0014B6C2466E8CDC008B1345D1039D9D9D95EFBCF3CE91BABABA1B5BB66C194DA7D3D1FAF5EBA3B2B2B2F1A79E7A6AE4F9E79FEF7AFDF5D7F7C6F38F8E98C2360A1BB9911B985D2A95FA87E2E2E24DF13EF56E3C17E2B91976AB7832F15C8ABFD714FFF5DFC2AF73B49669C1DDBF7FFFEF5F79E595D1AD5BB7460D0D0DD1C99327A3DEDEDE2893C94441F86B7F7F7F74E6CC99285E84A3679E7966BCAAAAEA724545C5138EA0C2360A5B6EE4466EE0874A4A4A1E8EA7359E91C9C5763EF371FCEBCB1CBD3C8917DAF2575F7D75F8D9679F9D5862EFDCB913CDD7679F7D163DF7DC73772A2B2BCF151515FDD4D154D84661CB8D911BD6BA78597D305E565B16B0DC4E37C7EC564B3B8B7BFF7BEFBD77F8C9279F8C9A9B9B17B4E04ED5D2D2129597970F39BBABB08DC2961B2337AC65C5C5C5EB4B4B4BBFCD5D5A53A954F4DA6BAF45870F1F8EAE5CB9127DF7DD7713FBD3F7DF7F3FF1A7E7C78F1F8F76EFDE1D3DFAE8A35397DD9BCEEE2E72C96D6F6F3FB579F3E6E8FCF9F3513E5CBE7C398A97E6A1279E7862A323ACB08DC2961B2337ACC125F7A17831BD93BBE0EEDDBB77E2D2CFF918181898F8F5E1F7E52EBCF1DFD389C485086772C3923BDF033F5FE1EF575151E1DD87C2360A5B6E8CDCB0E6CEE4E62EB9D5D5D513676F1723FCBE7049E99465D76E351FE19ADC70B942BECEE44E7766F7B1C71E1B887F203F73B415B651D87263E4867B5DB82637F772859A9A9ABF5D9EB058E1B286DADADAA99731D8AD6613EEAEF0F2CB2F8F846B7297D3C183078752A9D409475C611B852D37466EB8D7C54B6E5BEE99DCA52EB9B9CBEE9433BBC71CED59343535FD311CB0DBB76F47CBEDE9A79FEE739A5D611B852D37466EB897855B88E55E93BBD8CB1566BB8C21F79A5DBBD52C6773C37D72C32DC456C2E79F7F3EE2ACAEC2360A5B6E4C1273B36EDDBAFBBD6AC9D3A2DB9A5D42C307C996436363A3B3BA73094F3C0B1F405BCA6DC416AABCBCBC2F5CB7E2E8272B90F1FCB3C2B6E892BFCCC84DE1E426AEA61FF7F4F49C08B773DAB163C7360B2F4BC97E789259F60368E1ACEB37DF7CB32CFB54B81BC3945B8FD9ADA60A8FF5DDB3674FB49276EFDEFD5978A49DA39F1C397FF4D15A5C5CFC4B856DD165E999919BC2C8CD952B5776663299D16C470D0F0FDFDEB76FDF858D1B37FE93573A8BC9FEE4637D277EDD1B6FBCB1DC3B55EEA26BB79AAAAEAEEE4678ACEF4AEAE8E8B81CFF309A1DFDE40537673E98FA8E55615B74595866E426D9B9B975EBD6CFAF5FBF7E79A6AEBA74E95226EEC8B7D3E9F4035EF12C24FBF1D7DECD7EBFBDBD7D5977AAF0A71039FF2E76ABA9B66CD9327AEDDAB5155D74FBFAFAFAE31F46B7A39FE8E0FEED1D6B36C00ADBA2CBC2322337C9CC4DF86C4A7777F71FC6C6C6C6E7EAABF1F1F1B1969696BF565555FDDAAB9EF9663FFEFF17B25FCFF787D0A60A4F50CBF9F7B05B4D15BF538D3299CC8A2EBAE19F17FF30328E7EF2839BFB8E55615B74595866C21F6BCA4DB2E6D4A953D1E0E0E08D455C0B39FCD65B6F1D8A1799BFF7EA97FDB9B21FCF50F6FFE7EB9662B3DD6A2CE79F6DB79AEE07B61AE6F14231091B859DBC45D7EB526ECCFC279CF9AAAFAF9FF800CF623EF4137EAFD7B459E8ACF44E65B39D62C3860DE32B7D46776868A8CFBB8E8279877A3A3CA33B7C0259613BA3CBC232E3D285E4CD810307C223E9DFEFE8E8B8363E3E3EAFDB0D0D0E0EFEA9B2B2F2E3F8E7DAE453EDCC27FBE16965CEE826C4E6CD9B4756FA1ADDAB57AF7EE93A92C407F70765BD1A851DFF23A79D42F9BE45576692B0E8AEF59CCC949B7033FF975E7AA97B6060A07F96EB73CF363434FC47B8DE32FC7AAF7AE69B7DD7E826C8CE9D3B2FACF45D173EFCF0C3FFF6C9C0C406F744F80FFA74F7905C8D4577B6AF25FDFB165D9949CAA2BB9673325B6E8A8A8AFE2E954AFD66FFFEFDFD63636343B91F25B978F1E2DBF1F7CEC60BCCEE743AFD23AF7816927D775D48905DBB76ED59E9FBE8D6D4D41C74AFB7C40577DAB351165D8B2E8BCF8C4537D98B6ECECFF2175555559D5D5D5DBD43434347B66FDFFEE7B0C484AF7BA5B398ECBB8F6E82ECD8B1E3279B366D1A5BC127A3654A4B4BFFD7754E85C7A26BD125F9B9B1E82E2E376169292929D93A799BA8AD9E8CC6528427A3C5AFA5D19578325A5959D9B827A3CDA1BABAFAE299336756EAB285BD9EC7ACB02DBA165DB991A3247E88D3824BBE84FBEA6617D0BD7BF72ECB4ED5D8D8987B36D76E3593C71F7FBC68DBB66DA32B705677A0B4B4F4D3F8875FE6A82B6C8BAE45576EE4C8DD4AB88717DD87B34B6838AB9BEF0FA585BF5FBC538DE73CB0C26E359BCACACACEE6E6E665DD72C3F5C0E11D8777CC0ADBA2ABB0E5468E2CBADCEBE29DE7E3EC225A5D5D9DB75B8D855B8A6DDBB6ED4EEED95CBBD5DC3F8C07CBCBCB87CE9F3FBF2C4B6E6767E77BF13FE35AFC8EE3678EB6C2767B31852D377264D1652DEC56F17C9D5D486B6A6A96BCEC8625B7B6B636F7BADC9B76AB792A2B2B4B5556567EDFDFDF9FD725B7A7A7E793D2D2D2AF9C5657D84661CB8D911BD692E2E2E2F5D90FA665CFEC2EF63286F0FBA69CC975C9C242A552A9F28A8A8A9BF93AB31BCEE4862537FE413FE7E82A6CA3B0E5C6C80D6BF0CC6E3A77D90DD7EC860FA8CDF771D4E1D7850F9EE55E931BC66EB584771F656565370E1C38706B091F501B78F3CD377F172E57083F604755611B852D37466E58CBBB553C03B98B6A5878C37D76C34325C2D9DAEC650DE1F284F0C4B3F03088FAFAFA68C3860D63539EC676D36EB5F4771F0FC6EF1C0E555656F67DFAE9A7430BB94FEE471F7DD4182FCAA7C3C5D1AE1B51D84661CB8DD7ABDCC0FFEF56B9B71D5BE4D8ADF2FC4379242CBCE974BABFAEAEEE8B4F3EF9E4ABF85DC6B54C2633B1D50E0D0DF55DBD7AF5CBB6B6B6F75F7CF1C50FE277275DE18710DE69F804A0C2360A5B6EE4466EE0EEDD6A72E11D5DC8826BB75A46E1291F934F8D09CF6FBE144F66F2C087BF7687E72B8747CF792A87C2360A1BB9911BB05B81C2360A5B6E8CDC00A0B08DC2961B233700286C858DDC18B90140612B6CE4466E0050D846612337720380C2360A5B6EE4466E0050D84661CB8D911B0014B651D87263E4060085ADB0911B233700286C858DDCC80D000ADB286CE4466E0050D84661CB8D911B0014B651D87263E4060085ADB0911B233700286C858DDCC80D00286C858DDCC80D000ADB286CE4466E0050D84661CB8D911B0014B651D87263E4060085ADB0911B233700286C858DDCC80D00DC77DFA14387146572261317F6A857A5DC18B901200F8E1E3D7AADBFBF5F5926607A7B7BF7C5857DCEAB526E8CDC009007870F1FFED7F6F6F6C1EBD7AF0F29CDD53B2315CABAADADEDAB781EF1AA949B155C12E506807B5B5C120FB5B6B69E0E7FFC17AE752BB4696C6C8CD6AF5F1F15E2BFFBE484E37E4E59CBCD4ACEA953A7A2FAFAFAA8A9A9496E0020A9E225B7392CBAEBD6ADBBDFD180B94551F4C0B7DF7E3B108B2A2A2ADE77440020818A8B8B7F192FB9A361D12D2929F995230273EBEEEEFE4334A9A3A3A337CECEC38E0A00246FD16D0A4BEEE49C76446076B76EDDFAF9D8D8D87894A3B6B6B63B9D4EFFC8D10180848817DB5F64CFE666275E7C1F726460667D7D7D5DD1148383837DA954EA378E0E002467D16DCE5D72B367755DAB0BD3BB72E5CACE68064D4D4D7DE1CDA3A30400ABBFE4DE7536373BAE3784BBC5BBEC8F8787876FCFB4E88E8F8F8F545555757AA30800ABBFE87E30DD923B39271C21F8A19E9E9E13D11CBABABABAE3378A5B1D2D0058BD2577C6B3B9AED585E91D3F7E7CAE3D37CA6432ED213FE974FA01470C005667D16D9E6DC9750706B8DB0B2FBCB071B64B17C29EBB7DFBF63F3BA30B00C95B7E23470166B76FDFBE2F67DA722F5EBCF876B8ECC735BA0060D18582535454F4D378A1CD4CF341B4B3A954EAACBB2E008045170AD6AE5DBB7E1B2FB663B98BEE9E3D7BFEB3B8B878B7A30300165D2858E1D284969696FE9C8745FC29CECF054F4603008B2E14BC4D9B36FDCBC0C0C0703C514545459B7B4F03804517EE190D0D0D1FD4D7D7875BF135391A0060D1857B46B85421E4267C40CDD100008B2EC80D00A0B0416E0000850D720300286C901B0050D880DC0080C206B901001436C80D00A0B0416E0000850D720300286C901B0050D880DC0080C206B901001436C80D00A0B0416E0000850D7203000ADB5100B90100850DC80D00286C901B00406183DC00000A1BE4060050D8203700A0B001B90100850D720300286C901B00406183DC00000A1BE4060050D8203700A0B001B90100850D720300286C901B00406183DC00000A1BE4060050D8203700A0B001B90100850D720300286C901B00406183DC00000A1BE406001436203700A0B0416EE406001436C80D00A0B0416E0000850D720300286C901B0050D880DC0080C206B901001436C80D00A0B0416E0000850D720300286C901B0050D880DC0080C206B901001436C80D00A0B0416E0000850D720300286C901B0050D880DC0080C206B901001436C80D00A0B0416E0000850D7203000A1B901B0050D820370080C206B901001436C80D00A0B0416E0000850D7203000A1B901B0050D820370080C206B901001436C80D00A0B0416E0000850D7203000A1B901B0028D0C236C62C7CFCD7030000000000000000000000000000000000000000000000006081FE0F2A1E6D3F908DF1BB0000000049454E44AE426082, 1),('12502', 1, 'metaInfo', '12501', 0x7B226E616D65223A22E6B58BE8AF95E8AEA2E58D95E5AEA1E6A0B8222C226465736372697074696F6E223A22E6B58BE8AF95222C227265766973696F6E223A312C22696E697453716C223A22222C226265666F7265417069223A6E756C6C2C226166746572417069223A6E756C6C2C227461626C654E616D65223A22746573745F6F72646572222C227374617475734669656C64223A22746573745F6F726465725F737461747573222C22737461747573446963223A22746573744F72646572537461747573222C2276696577466F726D223A22746573744F7264657256696577227D, 0),('12503', 1, '测试订单审核.bpmn20.xml', '12501', 0x3C3F786D6C2076657273696F6E3D22312E302220656E636F64696E673D225554462D38223F3E0A3C646566696E6974696F6E7320786D6C6E733D22687474703A2F2F7777772E6F6D672E6F72672F737065632F42504D4E2F32303130303532342F4D4F44454C2220786D6C6E733A7873693D22687474703A2F2F7777772E77332E6F72672F323030312F584D4C536368656D612D696E7374616E63652220786D6C6E733A7873643D22687474703A2F2F7777772E77332E6F72672F323030312F584D4C536368656D612220786D6C6E733A61637469766974693D22687474703A2F2F61637469766974692E6F72672F62706D6E2220786D6C6E733A62706D6E64693D22687474703A2F2F7777772E6F6D672E6F72672F737065632F42504D4E2F32303130303532342F44492220786D6C6E733A6F6D6764633D22687474703A2F2F7777772E6F6D672E6F72672F737065632F44442F32303130303532342F44432220786D6C6E733A6F6D6764693D22687474703A2F2F7777772E6F6D672E6F72672F737065632F44442F32303130303532342F44492220747970654C616E67756167653D22687474703A2F2F7777772E77332E6F72672F323030312F584D4C536368656D61222065787072657373696F6E4C616E67756167653D22687474703A2F2F7777772E77332E6F72672F313939392F585061746822207461726765744E616D6573706163653D22687474703A2F2F7777772E61637469766974692E6F72672F70726F63657373646566223E0A20203C70726F636573732069643D22746573744F7264657222206E616D653D22E6B58BE8AF95E8AEA2E58D95E5AEA1E6A0B82220697345786563757461626C653D2274727565223E0A202020203C646F63756D656E746174696F6E3EE6B58BE8AF953C2F646F63756D656E746174696F6E3E0A202020203C73746172744576656E742069643D227369642D37443230303942322D374244432D343234322D414430372D42343146383643433631413722206E616D653D22E5BC80E5A78B223E3C2F73746172744576656E743E0A202020203C757365725461736B2069643D227369642D39464231353733442D324333412D344530452D413332342D41464645363146463033303622206E616D653D22E5AEA2E688B7E7BB8FE79086E4B88BE58D95223E0A2020202020203C646F63756D656E746174696F6E3E313C2F646F63756D656E746174696F6E3E0A202020203C2F757365725461736B3E0A202020203C757365725461736B2069643D227369642D41413630453445302D433544432D343038362D413937312D42464335353639393130453722206E616D653D22E8AEBEE8AEA1E5B888E5AEA1E6A0B8222061637469766974693A63616E64696461746555736572733D22247B7573657249647D222061637469766974693A63616E64696461746547726F7570733D2253616C657355736572223E0A2020202020203C646F63756D656E746174696F6E3E323C2F646F63756D656E746174696F6E3E0A202020203C2F757365725461736B3E0A202020203C656E644576656E742069643D227369642D36373343353539352D434445322D343341332D393333312D41324338364338383033393322206E616D653D22E7BB93E69D9F223E3C2F656E644576656E743E0A202020203C73657175656E6365466C6F772069643D227369642D33444445383234312D443742412D344535332D423931332D4144364645393838353544382220736F757263655265663D227369642D37443230303942322D374244432D343234322D414430372D42343146383643433631413722207461726765745265663D227369642D39464231353733442D324333412D344530452D413332342D414646453631464630333036223E3C2F73657175656E6365466C6F773E0A202020203C73657175656E6365466C6F772069643D227369642D41394143363346322D323146412D343643412D413032342D35464332393233424641343722206E616D653D22E5AEA1E6A0B8E9809AE8BF872220736F757263655265663D227369642D41413630453445302D433544432D343038362D413937312D42464335353639393130453722207461726765745265663D227369642D36373343353539352D434445322D343341332D393333312D413243383643383830333933223E0A2020202020203C646F63756D656E746174696F6E3E333C2F646F63756D656E746174696F6E3E0A2020202020203C636F6E646974696F6E45787072657373696F6E207873693A747970653D2274466F726D616C45787072657373696F6E223E3C215B43444154415B247B726573756C743D3D337D5D5D3E3C2F636F6E646974696F6E45787072657373696F6E3E0A202020203C2F73657175656E6365466C6F773E0A202020203C73657175656E6365466C6F772069643D227369642D42303036383341332D433846392D343638432D424346462D41394436443536433946324522206E616D653D22E68F90E4BAA42220736F757263655265663D227369642D39464231353733442D324333412D344530452D413332342D41464645363146463033303622207461726765745265663D227369642D41413630453445302D433544432D343038362D413937312D424643353536393931304537223E0A2020202020203C646F63756D656E746174696F6E3E323C2F646F63756D656E746174696F6E3E0A202020203C2F73657175656E6365466C6F773E0A202020203C73657175656E6365466C6F772069643D227369642D39343633334236392D313743372D343546302D384343352D31363238363638333044383122206E616D653D22E5AEA1E6A0B8E4B88DE9809AE8BF872220736F757263655265663D227369642D41413630453445302D433544432D343038362D413937312D42464335353639393130453722207461726765745265663D227369642D39464231353733442D324333412D344530452D413332342D414646453631464630333036223E0A2020202020203C646F63756D656E746174696F6E3E313C2F646F63756D656E746174696F6E3E0A2020202020203C636F6E646974696F6E45787072657373696F6E207873693A747970653D2274466F726D616C45787072657373696F6E223E3C215B43444154415B247B726573756C743D3D317D5D5D3E3C2F636F6E646974696F6E45787072657373696F6E3E0A202020203C2F73657175656E6365466C6F773E0A20203C2F70726F636573733E0A20203C62706D6E64693A42504D4E4469616772616D2069643D2242504D4E4469616772616D5F746573744F72646572223E0A202020203C62706D6E64693A42504D4E506C616E652062706D6E456C656D656E743D22746573744F72646572222069643D2242504D4E506C616E655F746573744F72646572223E0A2020202020203C62706D6E64693A42504D4E53686170652062706D6E456C656D656E743D227369642D37443230303942322D374244432D343234322D414430372D423431463836434336314137222069643D2242504D4E53686170655F7369642D37443230303942322D374244432D343234322D414430372D423431463836434336314137223E0A20202020202020203C6F6D6764633A426F756E6473206865696768743D2233302E30222077696474683D2233302E302220783D2236302E302220793D223132312E30223E3C2F6F6D6764633A426F756E64733E0A2020202020203C2F62706D6E64693A42504D4E53686170653E0A2020202020203C62706D6E64693A42504D4E53686170652062706D6E456C656D656E743D227369642D39464231353733442D324333412D344530452D413332342D414646453631464630333036222069643D2242504D4E53686170655F7369642D39464231353733442D324333412D344530452D413332342D414646453631464630333036223E0A20202020202020203C6F6D6764633A426F756E6473206865696768743D2238302E30222077696474683D223130302E302220783D223139392E352220793D2239362E30223E3C2F6F6D6764633A426F756E64733E0A2020202020203C2F62706D6E64693A42504D4E53686170653E0A2020202020203C62706D6E64693A42504D4E53686170652062706D6E456C656D656E743D227369642D41413630453445302D433544432D343038362D413937312D424643353536393931304537222069643D2242504D4E53686170655F7369642D41413630453445302D433544432D343038362D413937312D424643353536393931304537223E0A20202020202020203C6F6D6764633A426F756E6473206865696768743D2238302E30222077696474683D223130302E302220783D223430352E302220793D2239362E30223E3C2F6F6D6764633A426F756E64733E0A2020202020203C2F62706D6E64693A42504D4E53686170653E0A2020202020203C62706D6E64693A42504D4E53686170652062706D6E456C656D656E743D227369642D36373343353539352D434445322D343341332D393333312D413243383643383830333933222069643D2242504D4E53686170655F7369642D36373343353539352D434445322D343341332D393333312D413243383643383830333933223E0A20202020202020203C6F6D6764633A426F756E6473206865696768743D2232382E30222077696474683D2232382E302220783D223636302E302220793D223132322E30223E3C2F6F6D6764633A426F756E64733E0A2020202020203C2F62706D6E64693A42504D4E53686170653E0A2020202020203C62706D6E64693A42504D4E456467652062706D6E456C656D656E743D227369642D33444445383234312D443742412D344535332D423931332D414436464539383835354438222069643D2242504D4E456467655F7369642D33444445383234312D443742412D344535332D423931332D414436464539383835354438223E0A20202020202020203C6F6D6764693A776179706F696E7420783D2239302E302220793D223133362E30223E3C2F6F6D6764693A776179706F696E743E0A20202020202020203C6F6D6764693A776179706F696E7420783D223139392E352220793D223133362E30223E3C2F6F6D6764693A776179706F696E743E0A2020202020203C2F62706D6E64693A42504D4E456467653E0A2020202020203C62706D6E64693A42504D4E456467652062706D6E456C656D656E743D227369642D41394143363346322D323146412D343643412D413032342D354643323932334246413437222069643D2242504D4E456467655F7369642D41394143363346322D323146412D343643412D413032342D354643323932334246413437223E0A20202020202020203C6F6D6764693A776179706F696E7420783D223530352E302220793D223133362E30223E3C2F6F6D6764693A776179706F696E743E0A20202020202020203C6F6D6764693A776179706F696E7420783D223636302E302220793D223133362E30223E3C2F6F6D6764693A776179706F696E743E0A2020202020203C2F62706D6E64693A42504D4E456467653E0A2020202020203C62706D6E64693A42504D4E456467652062706D6E456C656D656E743D227369642D39343633334236392D313743372D343546302D384343352D313632383636383330443831222069643D2242504D4E456467655F7369642D39343633334236392D313743372D343546302D384343352D313632383636383330443831223E0A20202020202020203C6F6D6764693A776179706F696E7420783D223435352E302220793D223137362E30223E3C2F6F6D6764693A776179706F696E743E0A20202020202020203C6F6D6764693A776179706F696E7420783D223435352E302220793D223236372E30223E3C2F6F6D6764693A776179706F696E743E0A20202020202020203C6F6D6764693A776179706F696E7420783D223234392E352220793D223236372E30223E3C2F6F6D6764693A776179706F696E743E0A20202020202020203C6F6D6764693A776179706F696E7420783D223234392E352220793D223137362E30223E3C2F6F6D6764693A776179706F696E743E0A2020202020203C2F62706D6E64693A42504D4E456467653E0A2020202020203C62706D6E64693A42504D4E456467652062706D6E456C656D656E743D227369642D42303036383341332D433846392D343638432D424346462D413944364435364339463245222069643D2242504D4E456467655F7369642D42303036383341332D433846392D343638432D424346462D413944364435364339463245223E0A20202020202020203C6F6D6764693A776179706F696E7420783D223239392E352220793D223133362E30223E3C2F6F6D6764693A776179706F696E743E0A20202020202020203C6F6D6764693A776179706F696E7420783D223430352E302220793D223133362E30223E3C2F6F6D6764693A776179706F696E743E0A2020202020203C2F62706D6E64693A42504D4E456467653E0A202020203C2F62706D6E64693A42504D4E506C616E653E0A20203C2F62706D6E64693A42504D4E4469616772616D3E0A3C2F646566696E6974696F6E733E, 0),('12504', 1, '测试订单审核.testOrder.png', '12501', 0x89504E470D0A1A0A0000000D49484452000002BA0000011508060000000F5F46BF000010B84944415478DAEDDD5D4C9D759E07702FBCF0622FE6622FE6622F4C66929D642FE6662EE6622F9ABD9A0B27EB8584C2417B8206D4BE58E89A98DA8A6F44B431CD309B28D96E26CE74864E4C435DEC8A422B6D2D6DDAAD51A6A6B1EDD25AA0A5380AB59503A5F0ECF367399323E59D033CA77C3EC92FCE40ABE6E17CFDFECED3E73CCF7DF70100000000000000000000000000000000000000000000000000000000000000000000000000000000000000000000000000000000000000000000000000000000000000000000000000000000000000000000000000000000000000000000000000000000000000000000000000000000000000000000000000000000000000000000000000000000000000000000000000000000000000000000000000000000000000000000000000000000000000000000000000000000000000000000000000000000000000000000000000000000000000000000000000000000000000000000000000000000000000000000000000000000000000000000000000000000000000C03289A2E8FEAEAEAE774F9E3C3976E8D0A1A8B5B5D5ACF0B4B5B545478F1EFD6B3C655E917263E406803C09657DECD8B1A8BFBF3F1A191931AB345F7FFD7574E4C8911B71793FE2552937466E00C88370464A5927A6B4475A5B5BCF7955CA8D911B00F220FCB1ABB24CCEC4853DEA552937466E00C88370AD9BA24C5461475E957263E40680152CEC5B83D7A2AED3BF8BBE687B7962C2FF0E5F53B20A5B6EE4466E0028D8C2BE39D01B9DFD7067F4F9C1677F30E16BE17B8A5661CB8DDCC80D000559D8DD5FFCD75D659D9D9E2F9A15ADC2961BB9911B000AB3B0CF7DFCFA8C851DBEA76815B6DCC88DDC005090857DB6F5C5190B3B7C4FD12A6CB9911BB90140611B852D377223370024A5B0C3A7C5672AECF03D45ABB0E5466EE40680822CEC0BC7FF7DC6C20EDF53B40A5B6EE4466E0028C8C2FEA6B7333AFB51CDDD7FFC1A7F2D7C4FD12A6CB9911BB901A0200B3BCCA5FFF9FD5D851DBEA66415B6DCC88DDC0050B8853D3C1C5DE878EBEE3F7E8DBF16BEA76815B6DCC88DDC005070851D9EE074FEF86F67BCD6307CCF539E14B6DCC88DDC005038853D3C1C5DBB7038FA4BCBF619CB3A3BE1D7845FEB2C95C2961BB9911B00125DD8739D8D72964A61CB8DDCC80D000559D8F3391B35DB592AC5ABB0E5466EE406804416F662CB3A3B8A5761CB8DDCC80D00892C6CA3B0911BB90140611B852D37466E0050D84661CB8D911B0014B6C2466E8CDC008B1345D1039D9D9D95EFBCF3CE91BABABA1B5BB66C194DA7D3D1FAF5EBA3B2B2B2F1A79E7A6AE4F9E79FEF7AFDF5D7F7C6F38F8E98C2360A1BB9911B985D2A95FA87E2E2E24DF13EF56E3C17E2B91976AB7832F15C8ABFD714FFF5DFC2AF73B49669C1DDBF7FFFEF5F79E595D1AD5BB7460D0D0DD1C99327A3DEDEDE2893C94441F86B7F7F7F74E6CC99285E84A3679E7966BCAAAAEA724545C5138EA0C2360A5B6EE4466EE0874A4A4A1E8EA7359E91C9C5763EF371FCEBCB1CBD3C8917DAF2575F7D75F8D9679F9D5862EFDCB913CDD7679F7D163DF7DC73772A2B2BCF151515FDD4D154D84661CB8D911BD6BA78597D305E565B16B0DC4E37C7EC564B3B8B7BFF7BEFBD77F8C9279F8C9A9B9B17B4E04ED5D2D2129597970F39BBABB08DC2961B2337AC65C5C5C5EB4B4B4BBFCD5D5A53A954F4DA6BAF45870F1F8EAE5CB9127DF7DD7713FBD3F7DF7F3FF1A7E7C78F1F8F76EFDE1D3DFAE8A35397DD9BCEEE2E72C96D6F6F3FB579F3E6E8FCF9F3513E5CBE7C398A97E6A1279E7862A323ACB08DC2961B2337ACC125F7A17831BD93BBE0EEDDBB77E2D2CFF918181898F8F5E1F7E52EBCF1DFD389C485086772C3923BDF033F5FE1EF575151E1DD87C2360A5B6E8CDCB0E6CEE4E62EB9D5D5D513676F1723FCBE7049E99465D76E351FE19ADC70B942BECEE44E7766F7B1C71E1B887F203F73B415B651D87263E4867B5DB82637F772859A9A9ABF5D9EB058E1B286DADADAA99731D8AD6613EEAEF0F2CB2F8F846B7297D3C183078752A9D409475C611B852D37466EB8D7C54B6E5BEE99DCA52EB9B9CBEE9433BBC71CED59343535FD311CB0DBB76F47CBEDE9A79FEE739A5D611B852D37466EB897855B88E55E93BBD8CB1566BB8C21F79A5DBBD52C6773C37D72C32DC456C2E79F7F3EE2ACAEC2360A5B6E4C1273B36EDDBAFBBD6AC9D3A2DB9A5D42C307C996436363A3B3BA73094F3C0B1F405BCA6DC416AABCBCBC2F5CB7E2E8272B90F1FCB3C2B6E892BFCCC84DE1E426AEA61FF7F4F49C08B773DAB163C7360B2F4BC97E789259F60368E1ACEB37DF7CB32CFB54B81BC3945B8FD9ADA60A8FF5DDB3674FB49276EFDEFD5978A49DA39F1C397FF4D15A5C5CFC4B856DD165E999919BC2C8CD952B5776663299D16C470D0F0FDFDEB76FDF858D1B37FE93573A8BC9FEE4637D277EDD1B6FBCB1DC3B55EEA26BB79AAAAEAEEE4678ACEF4AEAE8E8B81CFF309A1DFDE40537673E98FA8E55615B74595866E426D9B9B975EBD6CFAF5FBF7E79A6AEBA74E95226EEC8B7D3E9F4035EF12C24FBF1D7DECD7EBFBDBD7D5977AAF0A71039FF2E76ABA9B66CD9327AEDDAB5155D74FBFAFAFAE31F46B7A39FE8E0FEED1D6B36C00ADBA2CBC2322337C9CC4DF86C4A7777F71FC6C6C6C6E7EAABF1F1F1B1969696BF565555FDDAAB9EF9663FFEFF17B25FCFF787D0A60A4F50CBF9F7B05B4D15BF538D3299CC8A2EBAE19F17FF30328E7EF2839BFB8E55615B74595866C21F6BCA4DB2E6D4A953D1E0E0E08D455C0B39FCD65B6F1D8A1799BFF7EA97FDB9B21FCF50F6FFE7EB9662B3DD6A2CE79F6DB79AEE07B61AE6F14231091B859DBC45D7EB526ECCFC279CF9AAAFAF9FF800CF623EF4137EAFD7B459E8ACF44E65B39D62C3860DE32B7D46776868A8CFBB8E8279877A3A3CA33B7C0259613BA3CBC232E3D285E4CD810307C223E9DFEFE8E8B8363E3E3EAFDB0D0D0E0EFEA9B2B2F2E3F8E7DAE453EDCC27FBE16965CEE826C4E6CD9B4756FA1ADDAB57AF7EE93A92C407F70765BD1A851DFF23A79D42F9BE45576692B0E8AEF59CCC949B7033FF975E7AA97B6060A07F96EB73CF363434FC47B8DE32FC7AAF7AE69B7DD7E826C8CE9D3B2FACF45D173EFCF0C3FFF6C9C0C406F744F80FFA74F7905C8D4577B6AF25FDFB165D9949CAA2BB9673325B6E8A8A8AFE2E954AFD66FFFEFDFD63636343B91F25B978F1E2DBF1F7CEC60BCCEE743AFD23AF7816927D775D48905DBB76ED59E9FBE8D6D4D41C74AFB7C40577DAB351165D8B2E8BCF8C4537D98B6ECECFF2175555559D5D5D5DBD43434347B66FDFFEE7B0C484AF7BA5B398ECBB8F6E82ECD8B1E3279B366D1A5BC127A3654A4B4BFFD7754E85C7A26BD125F9B9B1E82E2E376169292929D93A799BA8AD9E8CC6528427A3C5AFA5D19578325A5959D9B827A3CDA1BABAFAE299336756EAB285BD9EC7ACB02DBA165DB991A3247E88D3824BBE84FBEA6617D0BD7BF72ECB4ED5D8D8987B36D76E3593C71F7FBC68DBB66DA32B705677A0B4B4F4D3F8875FE6A82B6C8BAE45576EE4C8DD4AB88717DD87B34B6838AB9BEF0FA585BF5FBC538DE73CB0C26E359BCACACACEE6E6E665DD72C3F5C0E11D8777CC0ADBA2ABB0E5468E2CBADCEBE29DE7E3EC225A5D5D9DB75B8D855B8A6DDBB6ED4EEED95CBBD5DC3F8C07CBCBCB87CE9F3FBF2C4B6E6767E77BF13FE35AFC8EE3678EB6C2767B31852D377264D1652DEC56F17C9D5D486B6A6A96BCEC8625B7B6B636F7BADC9B76AB792A2B2B4B5556567EDFDFDF9FD725B7A7A7E793D2D2D2AF9C5657D84661CB8D911BD692E2E2E2F5D90FA665CFEC2EF63286F0FBA69CC975C9C242A552A9F28A8A8A9BF93AB31BCEE4862537FE413FE7E82A6CA3B0E5C6C80D6BF0CC6E3A77D90DD7EC860FA8CDF771D4E1D7850F9EE55E931BC66EB584771F656565370E1C38706B091F501B78F3CD377F172E57083F604755611B852D37466E58CBBB553C03B98B6A5878C37D76C34325C2D9DAEC650DE1F284F0C4B3F03088FAFAFA68C3860D63539EC676D36EB5F4771F0FC6EF1C0E555656F67DFAE9A7430BB94FEE471F7DD4182FCAA7C3C5D1AE1B51D84661CB8DD7ABDCC0FFEF56B9B71D5BE4D8ADF2FC4379242CBCE974BABFAEAEEE8B4F3EF9E4ABF85DC6B54C2633B1D50E0D0DF55DBD7AF5CBB6B6B6F75F7CF1C50FE277275DE18710DE69F804A0C2360A5B6EE4466EE0EEDD6A72E11D5DC8826BB75A46E1291F934F8D09CF6FBE144F66F2C087BF7687E72B8747CF792A87C2360A1BB9911BB05B81C2360A5B6E8CDC00A0B08DC2961B233700286C858DDC18B90140612B6CE4466E0050D846612337720380C2360A5B6EE4466E0050D84661CB8D911B0014B651D87263E4060085ADB0911B233700286C858DDCC80D000ADB286CE4466E0050D84661CB8D911B0014B651D87263E4060085ADB0911B233700286C858DDCC80D00286C858DDCC80D000ADB286CE4466E0050D84661CB8D911B0014B651D87263E4060085ADB0911B233700286C858DDCC80D00DC77DFA14387146572261317F6A857A5DC18B901200F8E1E3D7AADBFBF5F5926607A7B7BF7C5857DCEAB526E8CDC009007870F1FFED7F6F6F6C1EBD7AF0F29CDD53B2315CABAADADEDAB781EF1AA949B155C12E506807B5B5C120FB5B6B69E0E7FFC17AE752BB4696C6C8CD6AF5F1F15E2BFFBE484E37E4E59CBCD4ACEA953A7A2FAFAFAA8A9A9496E0020A9E225B7392CBAEBD6ADBBDFD180B94551F4C0B7DF7E3B108B2A2A2ADE77440020818A8B8B7F192FB9A361D12D2929F995230273EBEEEEFE4334A9A3A3A337CECEC38E0A00246FD16D0A4BEEE49C76446076B76EDDFAF9D8D8D87894A3B6B6B63B9D4EFFC8D10180848817DB5F64CFE666275E7C1F726460667D7D7D5DD1148383837DA954EA378E0E002467D16DCE5D72B367755DAB0BD3BB72E5CACE68064D4D4D7DE1CDA3A30400ABBFE4DE7536373BAE3784BBC5BBEC8F8787876FCFB4E88E8F8F8F545555757AA30800ABBFE87E30DD923B39271C21F8A19E9E9E13D11CBABABABAE3378A5B1D2D0058BD2577C6B3B9AED585E91D3F7E7CAE3D37CA6432ED213FE974FA01470C005667D16D9E6DC9750706B8DB0B2FBCB071B64B17C29EBB7DFBF63F3BA30B00C95B7E23470166B76FDFBE2F67DA722F5EBCF876B8ECC735BA0060D18582535454F4D378A1CD4CF341B4B3A954EAACBB2E008045170AD6AE5DBB7E1B2FB663B98BEE9E3D7BFEB3B8B878B7A30300165D2858E1D284969696FE9C8745FC29CECF054F4603008B2E14BC4D9B36FDCBC0C0C0703C514545459B7B4F03804517EE190D0D0D1FD4D7D7875BF135391A0060D1857B46B85421E4267C40CDD100008B2EC80D00A0B0416E0000850D720300286C901B0050D880DC0080C206B901001436C80D00A0B0416E0000850D720300286C901B0050D880DC0080C206B901001436C80D00A0B0416E0000850D7203000ADB5100B90100850DC80D00286C901B00406183DC00000A1BE4060050D8203700A0B001B90100850D720300286C901B00406183DC00000A1BE4060050D8203700A0B001B90100850D720300286C901B00406183DC00000A1BE4060050D8203700A0B001B90100850D720300286C901B00406183DC00000A1BE406001436203700A0B0416EE406001436C80D00A0B0416E0000850D720300286C901B0050D880DC0080C206B901001436C80D00A0B0416E0000850D720300286C901B0050D880DC0080C206B901001436C80D00A0B0416E0000850D720300286C901B0050D880DC0080C206B901001436C80D00A0B0416E0000850D7203000A1B901B0050D820370080C206B901001436C80D00A0B0416E0000850D7203000A1B901B0050D820370080C206B901001436C80D00A0B0416E0000850D7203000A1B901B0028D0C236C62C7CFCD7030000000000000000000000000000000000000000000000006081FE0F2A1E6D3F908DF1BB0000000049454E44AE426082, 1),('12541', 1, 'metaInfo', '12540', 0x7B226E616D65223A22E6B58BE8AF95E8AEA2E58D95E5AEA1E6A0B8222C226465736372697074696F6E223A22E6B58BE8AF95222C227265766973696F6E223A312C22696E697453716C223A22222C226265666F7265417069223A6E756C6C2C226166746572417069223A6E756C6C2C227461626C654E616D65223A22746573745F6F72646572222C227374617475734669656C64223A22746573745F6F726465725F737461747573222C22737461747573446963223A22746573744F72646572537461747573222C2276696577466F726D223A22746573744F7264657256696577227D, 0),('12542', 1, '测试订单审核.bpmn20.xml', '12540', 0x3C3F786D6C2076657273696F6E3D22312E302220656E636F64696E673D225554462D38223F3E0A3C646566696E6974696F6E7320786D6C6E733D22687474703A2F2F7777772E6F6D672E6F72672F737065632F42504D4E2F32303130303532342F4D4F44454C2220786D6C6E733A7873693D22687474703A2F2F7777772E77332E6F72672F323030312F584D4C536368656D612D696E7374616E63652220786D6C6E733A7873643D22687474703A2F2F7777772E77332E6F72672F323030312F584D4C536368656D612220786D6C6E733A61637469766974693D22687474703A2F2F61637469766974692E6F72672F62706D6E2220786D6C6E733A62706D6E64693D22687474703A2F2F7777772E6F6D672E6F72672F737065632F42504D4E2F32303130303532342F44492220786D6C6E733A6F6D6764633D22687474703A2F2F7777772E6F6D672E6F72672F737065632F44442F32303130303532342F44432220786D6C6E733A6F6D6764693D22687474703A2F2F7777772E6F6D672E6F72672F737065632F44442F32303130303532342F44492220747970654C616E67756167653D22687474703A2F2F7777772E77332E6F72672F323030312F584D4C536368656D61222065787072657373696F6E4C616E67756167653D22687474703A2F2F7777772E77332E6F72672F313939392F585061746822207461726765744E616D6573706163653D22687474703A2F2F7777772E61637469766974692E6F72672F70726F63657373646566223E0A20203C70726F636573732069643D22746573744F7264657222206E616D653D22E6B58BE8AF95E8AEA2E58D95E5AEA1E6A0B82220697345786563757461626C653D2274727565223E0A202020203C646F63756D656E746174696F6E3EE6B58BE8AF953C2F646F63756D656E746174696F6E3E0A202020203C73746172744576656E742069643D227369642D37443230303942322D374244432D343234322D414430372D42343146383643433631413722206E616D653D22E5BC80E5A78B223E3C2F73746172744576656E743E0A202020203C757365725461736B2069643D227369642D39464231353733442D324333412D344530452D413332342D41464645363146463033303622206E616D653D22E5AEA2E688B7E7BB8FE79086E4B88BE58D95223E0A2020202020203C646F63756D656E746174696F6E3E313C2F646F63756D656E746174696F6E3E0A202020203C2F757365725461736B3E0A202020203C757365725461736B2069643D227369642D41413630453445302D433544432D343038362D413937312D42464335353639393130453722206E616D653D22E8AEBEE8AEA1E5B888E5AEA1E6A0B8222061637469766974693A63616E64696461746555736572733D22247B64657369676E657249647D222061637469766974693A63616E64696461746547726F7570733D2253616C657355736572223E0A2020202020203C646F63756D656E746174696F6E3E323C2F646F63756D656E746174696F6E3E0A202020203C2F757365725461736B3E0A202020203C656E644576656E742069643D227369642D36373343353539352D434445322D343341332D393333312D41324338364338383033393322206E616D653D22E7BB93E69D9F223E3C2F656E644576656E743E0A202020203C73657175656E6365466C6F772069643D227369642D33444445383234312D443742412D344535332D423931332D4144364645393838353544382220736F757263655265663D227369642D37443230303942322D374244432D343234322D414430372D42343146383643433631413722207461726765745265663D227369642D39464231353733442D324333412D344530452D413332342D414646453631464630333036223E3C2F73657175656E6365466C6F773E0A202020203C73657175656E6365466C6F772069643D227369642D41394143363346322D323146412D343643412D413032342D35464332393233424641343722206E616D653D22E5AEA1E6A0B8E9809AE8BF872220736F757263655265663D227369642D41413630453445302D433544432D343038362D413937312D42464335353639393130453722207461726765745265663D227369642D36373343353539352D434445322D343341332D393333312D413243383643383830333933223E0A2020202020203C646F63756D656E746174696F6E3E333C2F646F63756D656E746174696F6E3E0A2020202020203C636F6E646974696F6E45787072657373696F6E207873693A747970653D2274466F726D616C45787072657373696F6E223E3C215B43444154415B247B726573756C743D3D337D5D5D3E3C2F636F6E646974696F6E45787072657373696F6E3E0A202020203C2F73657175656E6365466C6F773E0A202020203C73657175656E6365466C6F772069643D227369642D42303036383341332D433846392D343638432D424346462D41394436443536433946324522206E616D653D22E68F90E4BAA42220736F757263655265663D227369642D39464231353733442D324333412D344530452D413332342D41464645363146463033303622207461726765745265663D227369642D41413630453445302D433544432D343038362D413937312D424643353536393931304537223E0A2020202020203C646F63756D656E746174696F6E3E323C2F646F63756D656E746174696F6E3E0A202020203C2F73657175656E6365466C6F773E0A202020203C73657175656E6365466C6F772069643D227369642D39343633334236392D313743372D343546302D384343352D31363238363638333044383122206E616D653D22E5AEA1E6A0B8E4B88DE9809AE8BF872220736F757263655265663D227369642D41413630453445302D433544432D343038362D413937312D42464335353639393130453722207461726765745265663D227369642D39464231353733442D324333412D344530452D413332342D414646453631464630333036223E0A2020202020203C646F63756D656E746174696F6E3E313C2F646F63756D656E746174696F6E3E0A2020202020203C636F6E646974696F6E45787072657373696F6E207873693A747970653D2274466F726D616C45787072657373696F6E223E3C215B43444154415B247B726573756C743D3D317D5D5D3E3C2F636F6E646974696F6E45787072657373696F6E3E0A202020203C2F73657175656E6365466C6F773E0A20203C2F70726F636573733E0A20203C62706D6E64693A42504D4E4469616772616D2069643D2242504D4E4469616772616D5F746573744F72646572223E0A202020203C62706D6E64693A42504D4E506C616E652062706D6E456C656D656E743D22746573744F72646572222069643D2242504D4E506C616E655F746573744F72646572223E0A2020202020203C62706D6E64693A42504D4E53686170652062706D6E456C656D656E743D227369642D37443230303942322D374244432D343234322D414430372D423431463836434336314137222069643D2242504D4E53686170655F7369642D37443230303942322D374244432D343234322D414430372D423431463836434336314137223E0A20202020202020203C6F6D6764633A426F756E6473206865696768743D2233302E30222077696474683D2233302E302220783D2236302E302220793D223132312E30223E3C2F6F6D6764633A426F756E64733E0A2020202020203C2F62706D6E64693A42504D4E53686170653E0A2020202020203C62706D6E64693A42504D4E53686170652062706D6E456C656D656E743D227369642D39464231353733442D324333412D344530452D413332342D414646453631464630333036222069643D2242504D4E53686170655F7369642D39464231353733442D324333412D344530452D413332342D414646453631464630333036223E0A20202020202020203C6F6D6764633A426F756E6473206865696768743D2238302E30222077696474683D223130302E302220783D223139392E352220793D2239362E30223E3C2F6F6D6764633A426F756E64733E0A2020202020203C2F62706D6E64693A42504D4E53686170653E0A2020202020203C62706D6E64693A42504D4E53686170652062706D6E456C656D656E743D227369642D41413630453445302D433544432D343038362D413937312D424643353536393931304537222069643D2242504D4E53686170655F7369642D41413630453445302D433544432D343038362D413937312D424643353536393931304537223E0A20202020202020203C6F6D6764633A426F756E6473206865696768743D2238302E30222077696474683D223130302E302220783D223430352E302220793D2239362E30223E3C2F6F6D6764633A426F756E64733E0A2020202020203C2F62706D6E64693A42504D4E53686170653E0A2020202020203C62706D6E64693A42504D4E53686170652062706D6E456C656D656E743D227369642D36373343353539352D434445322D343341332D393333312D413243383643383830333933222069643D2242504D4E53686170655F7369642D36373343353539352D434445322D343341332D393333312D413243383643383830333933223E0A20202020202020203C6F6D6764633A426F756E6473206865696768743D2232382E30222077696474683D2232382E302220783D223636302E302220793D223132322E30223E3C2F6F6D6764633A426F756E64733E0A2020202020203C2F62706D6E64693A42504D4E53686170653E0A2020202020203C62706D6E64693A42504D4E456467652062706D6E456C656D656E743D227369642D33444445383234312D443742412D344535332D423931332D414436464539383835354438222069643D2242504D4E456467655F7369642D33444445383234312D443742412D344535332D423931332D414436464539383835354438223E0A20202020202020203C6F6D6764693A776179706F696E7420783D2239302E302220793D223133362E30223E3C2F6F6D6764693A776179706F696E743E0A20202020202020203C6F6D6764693A776179706F696E7420783D223139392E352220793D223133362E30223E3C2F6F6D6764693A776179706F696E743E0A2020202020203C2F62706D6E64693A42504D4E456467653E0A2020202020203C62706D6E64693A42504D4E456467652062706D6E456C656D656E743D227369642D41394143363346322D323146412D343643412D413032342D354643323932334246413437222069643D2242504D4E456467655F7369642D41394143363346322D323146412D343643412D413032342D354643323932334246413437223E0A20202020202020203C6F6D6764693A776179706F696E7420783D223530352E302220793D223133362E30223E3C2F6F6D6764693A776179706F696E743E0A20202020202020203C6F6D6764693A776179706F696E7420783D223636302E302220793D223133362E30223E3C2F6F6D6764693A776179706F696E743E0A2020202020203C2F62706D6E64693A42504D4E456467653E0A2020202020203C62706D6E64693A42504D4E456467652062706D6E456C656D656E743D227369642D39343633334236392D313743372D343546302D384343352D313632383636383330443831222069643D2242504D4E456467655F7369642D39343633334236392D313743372D343546302D384343352D313632383636383330443831223E0A20202020202020203C6F6D6764693A776179706F696E7420783D223435352E302220793D223137362E30223E3C2F6F6D6764693A776179706F696E743E0A20202020202020203C6F6D6764693A776179706F696E7420783D223435352E302220793D223236372E30223E3C2F6F6D6764693A776179706F696E743E0A20202020202020203C6F6D6764693A776179706F696E7420783D223234392E352220793D223236372E30223E3C2F6F6D6764693A776179706F696E743E0A20202020202020203C6F6D6764693A776179706F696E7420783D223234392E352220793D223137362E30223E3C2F6F6D6764693A776179706F696E743E0A2020202020203C2F62706D6E64693A42504D4E456467653E0A2020202020203C62706D6E64693A42504D4E456467652062706D6E456C656D656E743D227369642D42303036383341332D433846392D343638432D424346462D413944364435364339463245222069643D2242504D4E456467655F7369642D42303036383341332D433846392D343638432D424346462D413944364435364339463245223E0A20202020202020203C6F6D6764693A776179706F696E7420783D223239392E352220793D223133362E30223E3C2F6F6D6764693A776179706F696E743E0A20202020202020203C6F6D6764693A776179706F696E7420783D223430352E302220793D223133362E30223E3C2F6F6D6764693A776179706F696E743E0A2020202020203C2F62706D6E64693A42504D4E456467653E0A202020203C2F62706D6E64693A42504D4E506C616E653E0A20203C2F62706D6E64693A42504D4E4469616772616D3E0A3C2F646566696E6974696F6E733E, 0),('12543', 1, '测试订单审核.testOrder.png', '12540', 0x89504E470D0A1A0A0000000D49484452000002BA0000011508060000000F5F46BF000010B84944415478DAEDDD5D4C9D759E07702FBCF0622FE6622FE6622F4C66929D642FE6662EE6622F9ABD9A0B27EB8584C2417B8206D4BE58E89A98DA8A6F44B431CD309B28D96E26CE74864E4C435DEC8A422B6D2D6DDAAD51A6A6B1EDD25AA0A5380AB59503A5F0ECF367399323E59D033CA77C3EC92FCE40ABE6E17CFDFECED3E73CCF7DF70100000000000000000000000000000000000000000000000000000000000000000000000000000000000000000000000000000000000000000000000000000000000000000000000000000000000000000000000000000000000000000000000000000000000000000000000000000000000000000000000000000000000000000000000000000000000000000000000000000000000000000000000000000000000000000000000000000000000000000000000000000000000000000000000000000000000000000000000000000000000000000000000000000000000000000000000000000000000000000000000000000000000000000000000000000000000000C03289A2E8FEAEAEAE774F9E3C3976E8D0A1A8B5B5D5ACF0B4B5B545478F1EFD6B3C655E917263E406803C09657DECD8B1A8BFBF3F1A191931AB345F7FFD7574E4C8911B71793FE2552937466E00C88370464A5927A6B4475A5B5BCF7955CA8D911B00F220FCB1ABB24CCEC4853DEA552937466E00C88370AD9BA24C5461475E957263E40680152CEC5B83D7A2AED3BF8BBE687B7962C2FF0E5F53B20A5B6EE4466E0028D8C2BE39D01B9DFD7067F4F9C1677F30E16BE17B8A5661CB8DDCC80D000559D8DD5FFCD75D659D9D9E2F9A15ADC2961BB9911B000AB3B0CF7DFCFA8C851DBEA76815B6DCC88DDC005090857DB6F5C5190B3B7C4FD12A6CB9911BB90140611B852D377223370024A5B0C3A7C5672AECF03D45ABB0E5466EE40680822CEC0BC7FF7DC6C20EDF53B40A5B6EE4466E0028C8C2FEA6B7333AFB51CDDD7FFC1A7F2D7C4FD12A6CB9911BB901A0200B3BCCA5FFF9FD5D851DBEA66415B6DCC88DDC0050B8853D3C1C5DE878EBEE3F7E8DBF16BEA76815B6DCC88DDC005070851D9EE074FEF86F67BCD6307CCF539E14B6DCC88DDC005038853D3C1C5DBB7038FA4BCBF619CB3A3BE1D7845FEB2C95C2961BB9911B00125DD8739D8D72964A61CB8DDCC80D000559D8F3391B35DB592AC5ABB0E5466EE406804416F662CB3A3B8A5761CB8DDCC80D00892C6CA3B0911BB90140611B852D37466E0050D84661CB8D911B0014B6C2466E8CDC008B1345D1039D9D9D95EFBCF3CE91BABABA1B5BB66C194DA7D3D1FAF5EBA3B2B2B2F1A79E7A6AE4F9E79FEF7AFDF5D7F7C6F38F8E98C2360A1BB9911B985D2A95FA87E2E2E24DF13EF56E3C17E2B91976AB7832F15C8ABFD714FFF5DFC2AF73B49669C1DDBF7FFFEF5F79E595D1AD5BB7460D0D0DD1C99327A3DEDEDE2893C94441F86B7F7F7F74E6CC99285E84A3679E7966BCAAAAEA724545C5138EA0C2360A5B6EE4466EE0874A4A4A1E8EA7359E91C9C5763EF371FCEBCB1CBD3C8917DAF2575F7D75F8D9679F9D5862EFDCB913CDD7679F7D163DF7DC73772A2B2BCF151515FDD4D154D84661CB8D911BD6BA78597D305E565B16B0DC4E37C7EC564B3B8B7BFF7BEFBD77F8C9279F8C9A9B9B17B4E04ED5D2D2129597970F39BBABB08DC2961B2337AC65C5C5C5EB4B4B4BBFCD5D5A53A954F4DA6BAF45870F1F8EAE5CB9127DF7DD7713FBD3F7DF7F3FF1A7E7C78F1F8F76EFDE1D3DFAE8A35397DD9BCEEE2E72C96D6F6F3FB579F3E6E8FCF9F3513E5CBE7C398A97E6A1279E7862A323ACB08DC2961B2337ACC125F7A17831BD93BBE0EEDDBB77E2D2CFF918181898F8F5E1F7E52EBCF1DFD389C485086772C3923BDF033F5FE1EF575151E1DD87C2360A5B6E8CDCB0E6CEE4E62EB9D5D5D513676F1723FCBE7049E99465D76E351FE19ADC70B942BECEE44E7766F7B1C71E1B887F203F73B415B651D87263E4867B5DB82637F772859A9A9ABF5D9EB058E1B286DADADAA99731D8AD6613EEAEF0F2CB2F8F846B7297D3C183078752A9D409475C611B852D37466EB8D7C54B6E5BEE99DCA52EB9B9CBEE9433BBC71CED59343535FD311CB0DBB76F47CBEDE9A79FEE739A5D611B852D37466EB897855B88E55E93BBD8CB1566BB8C21F79A5DBBD52C6773C37D72C32DC456C2E79F7F3EE2ACAEC2360A5B6E4C1273B36EDDBAFBBD6AC9D3A2DB9A5D42C307C996436363A3B3BA73094F3C0B1F405BCA6DC416AABCBCBC2F5CB7E2E8272B90F1FCB3C2B6E892BFCCC84DE1E426AEA61FF7F4F49C08B773DAB163C7360B2F4BC97E789259F60368E1ACEB37DF7CB32CFB54B81BC3945B8FD9ADA60A8FF5DDB3674FB49276EFDEFD5978A49DA39F1C397FF4D15A5C5CFC4B856DD165E999919BC2C8CD952B5776663299D16C470D0F0FDFDEB76FDF858D1B37FE93573A8BC9FEE4637D277EDD1B6FBCB1DC3B55EEA26BB79AAAAEAEEE4678ACEF4AEAE8E8B81CFF309A1DFDE40537673E98FA8E55615B74595866E426D9B9B975EBD6CFAF5FBF7E79A6AEBA74E95226EEC8B7D3E9F4035EF12C24FBF1D7DECD7EBFBDBD7D5977AAF0A71039FF2E76ABA9B66CD9327AEDDAB5155D74FBFAFAFAE31F46B7A39FE8E0FEED1D6B36C00ADBA2CBC2322337C9CC4DF86C4A7777F71FC6C6C6C6E7EAABF1F1F1B1969696BF565555FDDAAB9EF9663FFEFF17B25FCFF787D0A60A4F50CBF9F7B05B4D15BF538D3299CC8A2EBAE19F17FF30328E7EF2839BFB8E55615B74595866C21F6BCA4DB2E6D4A953D1E0E0E08D455C0B39FCD65B6F1D8A1799BFF7EA97FDB9B21FCF50F6FFE7EB9662B3DD6A2CE79F6DB79AEE07B61AE6F14231091B859DBC45D7EB526ECCFC279CF9AAAFAF9FF800CF623EF4137EAFD7B459E8ACF44E65B39D62C3860DE32B7D46776868A8CFBB8E8279877A3A3CA33B7C0259613BA3CBC232E3D285E4CD810307C223E9DFEFE8E8B8363E3E3EAFDB0D0D0E0EFEA9B2B2F2E3F8E7DAE453EDCC27FBE16965CEE826C4E6CD9B4756FA1ADDAB57AF7EE93A92C407F70765BD1A851DFF23A79D42F9BE45576692B0E8AEF59CCC949B7033FF975E7AA97B6060A07F96EB73CF363434FC47B8DE32FC7AAF7AE69B7DD7E826C8CE9D3B2FACF45D173EFCF0C3FFF6C9C0C406F744F80FFA74F7905C8D4577B6AF25FDFB165D9949CAA2BB9673325B6E8A8A8AFE2E954AFD66FFFEFDFD63636343B91F25B978F1E2DBF1F7CEC60BCCEE743AFD23AF7816927D775D48905DBB76ED59E9FBE8D6D4D41C74AFB7C40577DAB351165D8B2E8BCF8C4537D98B6ECECFF2175555559D5D5D5DBD43434347B66FDFFEE7B0C484AF7BA5B398ECBB8F6E82ECD8B1E3279B366D1A5BC127A3654A4B4BFFD7754E85C7A26BD125F9B9B1E82E2E376169292929D93A799BA8AD9E8CC6528427A3C5AFA5D19578325A5959D9B827A3CDA1BABAFAE299336756EAB285BD9EC7ACB02DBA165DB991A3247E88D3824BBE84FBEA6617D0BD7BF72ECB4ED5D8D8987B36D76E3593C71F7FBC68DBB66DA32B705677A0B4B4F4D3F8875FE6A82B6C8BAE45576EE4C8DD4AB88717DD87B34B6838AB9BEF0FA585BF5FBC538DE73CB0C26E359BCACACACEE6E6E665DD72C3F5C0E11D8777CC0ADBA2ABB0E5468E2CBADCEBE29DE7E3EC225A5D5D9DB75B8D855B8A6DDBB6ED4EEED95CBBD5DC3F8C07CBCBCB87CE9F3FBF2C4B6E6767E77BF13FE35AFC8EE3678EB6C2767B31852D377264D1652DEC56F17C9D5D486B6A6A96BCEC8625B7B6B636F7BADC9B76AB792A2B2B4B5556567EDFDFDF9FD725B7A7A7E793D2D2D2AF9C5657D84661CB8D911BD692E2E2E2F5D90FA665CFEC2EF63286F0FBA69CC975C9C242A552A9F28A8A8A9BF93AB31BCEE4862537FE413FE7E82A6CA3B0E5C6C80D6BF0CC6E3A77D90DD7EC860FA8CDF771D4E1D7850F9EE55E931BC66EB584771F656565370E1C38706B091F501B78F3CD377F172E57083F604755611B852D37466E58CBBB553C03B98B6A5878C37D76C34325C2D9DAEC650DE1F284F0C4B3F03088FAFAFA68C3860D63539EC676D36EB5F4771F0FC6EF1C0E555656F67DFAE9A7430BB94FEE471F7DD4182FCAA7C3C5D1AE1B51D84661CB8DD7ABDCC0FFEF56B9B71D5BE4D8ADF2FC4379242CBCE974BABFAEAEEE8B4F3EF9E4ABF85DC6B54C2633B1D50E0D0DF55DBD7AF5CBB6B6B6F75F7CF1C50FE277275DE18710DE69F804A0C2360A5B6EE4466EE0EEDD6A72E11D5DC8826BB75A46E1291F934F8D09CF6FBE144F66F2C087BF7687E72B8747CF792A87C2360A1BB9911BB05B81C2360A5B6E8CDC00A0B08DC2961B233700286C858DDC18B90140612B6CE4466E0050D846612337720380C2360A5B6EE4466E0050D84661CB8D911B0014B651D87263E4060085ADB0911B233700286C858DDCC80D000ADB286CE4466E0050D84661CB8D911B0014B651D87263E4060085ADB0911B233700286C858DDCC80D00286C858DDCC80D000ADB286CE4466E0050D84661CB8D911B0014B651D87263E4060085ADB0911B233700286C858DDCC80D00DC77DFA14387146572261317F6A857A5DC18B901200F8E1E3D7AADBFBF5F5926607A7B7BF7C5857DCEAB526E8CDC009007870F1FFED7F6F6F6C1EBD7AF0F29CDD53B2315CABAADADEDAB781EF1AA949B155C12E506807B5B5C120FB5B6B69E0E7FFC17AE752BB4696C6C8CD6AF5F1F15E2BFFBE484E37E4E59CBCD4ACEA953A7A2FAFAFAA8A9A9496E0020A9E225B7392CBAEBD6ADBBDFD180B94551F4C0B7DF7E3B108B2A2A2ADE77440020818A8B8B7F192FB9A361D12D2929F995230273EBEEEEFE4334A9A3A3A337CECEC38E0A00246FD16D0A4BEEE49C76446076B76EDDFAF9D8D8D87894A3B6B6B63B9D4EFFC8D10180848817DB5F64CFE666275E7C1F726460667D7D7D5DD1148383837DA954EA378E0E002467D16DCE5D72B367755DAB0BD3BB72E5CACE68064D4D4D7DE1CDA3A30400ABBFE4DE7536373BAE3784BBC5BBEC8F8787876FCFB4E88E8F8F8F545555757AA30800ABBFE87E30DD923B39271C21F8A19E9E9E13D11CBABABABAE3378A5B1D2D0058BD2577C6B3B9AED585E91D3F7E7CAE3D37CA6432ED213FE974FA01470C005667D16D9E6DC9750706B8DB0B2FBCB071B64B17C29EBB7DFBF63F3BA30B00C95B7E23470166B76FDFBE2F67DA722F5EBCF876B8ECC735BA0060D18582535454F4D378A1CD4CF341B4B3A954EAACBB2E008045170AD6AE5DBB7E1B2FB663B98BEE9E3D7BFEB3B8B878B7A30300165D2858E1D284969696FE9C8745FC29CECF054F4603008B2E14BC4D9B36FDCBC0C0C0703C514545459B7B4F03804517EE190D0D0D1FD4D7D7875BF135391A0060D1857B46B85421E4267C40CDD100008B2EC80D00A0B0416E0000850D720300286C901B0050D880DC0080C206B901001436C80D00A0B0416E0000850D720300286C901B0050D880DC0080C206B901001436C80D00A0B0416E0000850D7203000ADB5100B90100850DC80D00286C901B00406183DC00000A1BE4060050D8203700A0B001B90100850D720300286C901B00406183DC00000A1BE4060050D8203700A0B001B90100850D720300286C901B00406183DC00000A1BE4060050D8203700A0B001B90100850D720300286C901B00406183DC00000A1BE406001436203700A0B0416EE406001436C80D00A0B0416E0000850D720300286C901B0050D880DC0080C206B901001436C80D00A0B0416E0000850D720300286C901B0050D880DC0080C206B901001436C80D00A0B0416E0000850D720300286C901B0050D880DC0080C206B901001436C80D00A0B0416E0000850D7203000A1B901B0050D820370080C206B901001436C80D00A0B0416E0000850D7203000A1B901B0050D820370080C206B901001436C80D00A0B0416E0000850D7203000A1B901B0028D0C236C62C7CFCD7030000000000000000000000000000000000000000000000006081FE0F2A1E6D3F908DF1BB0000000049454E44AE426082, 1),('15019', 1, 'metaInfo', '15018', 0x7B226E616D65223A22E6B58BE8AF95E8AEA2E58D95E5AEA1E6A0B8222C226465736372697074696F6E223A22E6B58BE8AF95222C227265766973696F6E223A312C22696E697453716C223A22222C226265666F7265417069223A6E756C6C2C226166746572417069223A6E756C6C2C227461626C654E616D65223A22746573745F6F72646572222C227374617475734669656C64223A22746573745F6F726465725F737461747573222C22737461747573446963223A22746573744F72646572537461747573222C2276696577466F726D223A22746573744F7264657256696577227D, 0),('15020', 1, '测试订单审核.bpmn20.xml', '15018', 0x3C3F786D6C2076657273696F6E3D22312E302220656E636F64696E673D225554462D38223F3E0A3C646566696E6974696F6E7320786D6C6E733D22687474703A2F2F7777772E6F6D672E6F72672F737065632F42504D4E2F32303130303532342F4D4F44454C2220786D6C6E733A7873693D22687474703A2F2F7777772E77332E6F72672F323030312F584D4C536368656D612D696E7374616E63652220786D6C6E733A7873643D22687474703A2F2F7777772E77332E6F72672F323030312F584D4C536368656D612220786D6C6E733A61637469766974693D22687474703A2F2F61637469766974692E6F72672F62706D6E2220786D6C6E733A62706D6E64693D22687474703A2F2F7777772E6F6D672E6F72672F737065632F42504D4E2F32303130303532342F44492220786D6C6E733A6F6D6764633D22687474703A2F2F7777772E6F6D672E6F72672F737065632F44442F32303130303532342F44432220786D6C6E733A6F6D6764693D22687474703A2F2F7777772E6F6D672E6F72672F737065632F44442F32303130303532342F44492220747970654C616E67756167653D22687474703A2F2F7777772E77332E6F72672F323030312F584D4C536368656D61222065787072657373696F6E4C616E67756167653D22687474703A2F2F7777772E77332E6F72672F313939392F585061746822207461726765744E616D6573706163653D22687474703A2F2F7777772E61637469766974692E6F72672F70726F63657373646566223E0A20203C70726F636573732069643D22746573744F7264657222206E616D653D22E6B58BE8AF95E8AEA2E58D95E5AEA1E6A0B82220697345786563757461626C653D2274727565223E0A202020203C646F63756D656E746174696F6E3EE6B58BE8AF953C2F646F63756D656E746174696F6E3E0A202020203C73746172744576656E742069643D227369642D37443230303942322D374244432D343234322D414430372D42343146383643433631413722206E616D653D22E5BC80E5A78B223E3C2F73746172744576656E743E0A202020203C757365725461736B2069643D227369642D39464231353733442D324333412D344530452D413332342D41464645363146463033303622206E616D653D22E5AEA2E688B7E7BB8FE79086E4B88BE58D95223E0A2020202020203C646F63756D656E746174696F6E3E313C2F646F63756D656E746174696F6E3E0A202020203C2F757365725461736B3E0A202020203C757365725461736B2069643D227369642D41413630453445302D433544432D343038362D413937312D42464335353639393130453722206E616D653D22E8AEBEE8AEA1E5B888E5AEA1E6A0B8222061637469766974693A61737369676E65653D22247B64657369676E657249647D222061637469766974693A63616E64696461746555736572733D22247B64657369676E657249647D222061637469766974693A63616E64696461746547726F7570733D2253616C657355736572223E0A2020202020203C646F63756D656E746174696F6E3E323C2F646F63756D656E746174696F6E3E0A202020203C2F757365725461736B3E0A202020203C656E644576656E742069643D227369642D36373343353539352D434445322D343341332D393333312D41324338364338383033393322206E616D653D22E7BB93E69D9F223E3C2F656E644576656E743E0A202020203C73657175656E6365466C6F772069643D227369642D33444445383234312D443742412D344535332D423931332D4144364645393838353544382220736F757263655265663D227369642D37443230303942322D374244432D343234322D414430372D42343146383643433631413722207461726765745265663D227369642D39464231353733442D324333412D344530452D413332342D414646453631464630333036223E3C2F73657175656E6365466C6F773E0A202020203C73657175656E6365466C6F772069643D227369642D41394143363346322D323146412D343643412D413032342D35464332393233424641343722206E616D653D22E5AEA1E6A0B8E9809AE8BF872220736F757263655265663D227369642D41413630453445302D433544432D343038362D413937312D42464335353639393130453722207461726765745265663D227369642D36373343353539352D434445322D343341332D393333312D413243383643383830333933223E0A2020202020203C646F63756D656E746174696F6E3E333C2F646F63756D656E746174696F6E3E0A2020202020203C636F6E646974696F6E45787072657373696F6E207873693A747970653D2274466F726D616C45787072657373696F6E223E3C215B43444154415B247B726573756C743D3D337D5D5D3E3C2F636F6E646974696F6E45787072657373696F6E3E0A202020203C2F73657175656E6365466C6F773E0A202020203C73657175656E6365466C6F772069643D227369642D42303036383341332D433846392D343638432D424346462D41394436443536433946324522206E616D653D22E68F90E4BAA42220736F757263655265663D227369642D39464231353733442D324333412D344530452D413332342D41464645363146463033303622207461726765745265663D227369642D41413630453445302D433544432D343038362D413937312D424643353536393931304537223E0A2020202020203C646F63756D656E746174696F6E3E323C2F646F63756D656E746174696F6E3E0A202020203C2F73657175656E6365466C6F773E0A202020203C73657175656E6365466C6F772069643D227369642D39343633334236392D313743372D343546302D384343352D31363238363638333044383122206E616D653D22E5AEA1E6A0B8E4B88DE9809AE8BF872220736F757263655265663D227369642D41413630453445302D433544432D343038362D413937312D42464335353639393130453722207461726765745265663D227369642D39464231353733442D324333412D344530452D413332342D414646453631464630333036223E0A2020202020203C646F63756D656E746174696F6E3E313C2F646F63756D656E746174696F6E3E0A2020202020203C636F6E646974696F6E45787072657373696F6E207873693A747970653D2274466F726D616C45787072657373696F6E223E3C215B43444154415B247B726573756C743D3D317D5D5D3E3C2F636F6E646974696F6E45787072657373696F6E3E0A202020203C2F73657175656E6365466C6F773E0A20203C2F70726F636573733E0A20203C62706D6E64693A42504D4E4469616772616D2069643D2242504D4E4469616772616D5F746573744F72646572223E0A202020203C62706D6E64693A42504D4E506C616E652062706D6E456C656D656E743D22746573744F72646572222069643D2242504D4E506C616E655F746573744F72646572223E0A2020202020203C62706D6E64693A42504D4E53686170652062706D6E456C656D656E743D227369642D37443230303942322D374244432D343234322D414430372D423431463836434336314137222069643D2242504D4E53686170655F7369642D37443230303942322D374244432D343234322D414430372D423431463836434336314137223E0A20202020202020203C6F6D6764633A426F756E6473206865696768743D2233302E30222077696474683D2233302E302220783D2236302E302220793D223132312E30223E3C2F6F6D6764633A426F756E64733E0A2020202020203C2F62706D6E64693A42504D4E53686170653E0A2020202020203C62706D6E64693A42504D4E53686170652062706D6E456C656D656E743D227369642D39464231353733442D324333412D344530452D413332342D414646453631464630333036222069643D2242504D4E53686170655F7369642D39464231353733442D324333412D344530452D413332342D414646453631464630333036223E0A20202020202020203C6F6D6764633A426F756E6473206865696768743D2238302E30222077696474683D223130302E302220783D223139392E352220793D2239362E30223E3C2F6F6D6764633A426F756E64733E0A2020202020203C2F62706D6E64693A42504D4E53686170653E0A2020202020203C62706D6E64693A42504D4E53686170652062706D6E456C656D656E743D227369642D41413630453445302D433544432D343038362D413937312D424643353536393931304537222069643D2242504D4E53686170655F7369642D41413630453445302D433544432D343038362D413937312D424643353536393931304537223E0A20202020202020203C6F6D6764633A426F756E6473206865696768743D2238302E30222077696474683D223130302E302220783D223430352E302220793D2239362E30223E3C2F6F6D6764633A426F756E64733E0A2020202020203C2F62706D6E64693A42504D4E53686170653E0A2020202020203C62706D6E64693A42504D4E53686170652062706D6E456C656D656E743D227369642D36373343353539352D434445322D343341332D393333312D413243383643383830333933222069643D2242504D4E53686170655F7369642D36373343353539352D434445322D343341332D393333312D413243383643383830333933223E0A20202020202020203C6F6D6764633A426F756E6473206865696768743D2232382E30222077696474683D2232382E302220783D223636302E302220793D223132322E30223E3C2F6F6D6764633A426F756E64733E0A2020202020203C2F62706D6E64693A42504D4E53686170653E0A2020202020203C62706D6E64693A42504D4E456467652062706D6E456C656D656E743D227369642D33444445383234312D443742412D344535332D423931332D414436464539383835354438222069643D2242504D4E456467655F7369642D33444445383234312D443742412D344535332D423931332D414436464539383835354438223E0A20202020202020203C6F6D6764693A776179706F696E7420783D2239302E302220793D223133362E30223E3C2F6F6D6764693A776179706F696E743E0A20202020202020203C6F6D6764693A776179706F696E7420783D223139392E352220793D223133362E30223E3C2F6F6D6764693A776179706F696E743E0A2020202020203C2F62706D6E64693A42504D4E456467653E0A2020202020203C62706D6E64693A42504D4E456467652062706D6E456C656D656E743D227369642D41394143363346322D323146412D343643412D413032342D354643323932334246413437222069643D2242504D4E456467655F7369642D41394143363346322D323146412D343643412D413032342D354643323932334246413437223E0A20202020202020203C6F6D6764693A776179706F696E7420783D223530352E302220793D223133362E30223E3C2F6F6D6764693A776179706F696E743E0A20202020202020203C6F6D6764693A776179706F696E7420783D223636302E302220793D223133362E30223E3C2F6F6D6764693A776179706F696E743E0A2020202020203C2F62706D6E64693A42504D4E456467653E0A2020202020203C62706D6E64693A42504D4E456467652062706D6E456C656D656E743D227369642D39343633334236392D313743372D343546302D384343352D313632383636383330443831222069643D2242504D4E456467655F7369642D39343633334236392D313743372D343546302D384343352D313632383636383330443831223E0A20202020202020203C6F6D6764693A776179706F696E7420783D223435352E302220793D223137362E30223E3C2F6F6D6764693A776179706F696E743E0A20202020202020203C6F6D6764693A776179706F696E7420783D223435352E302220793D223236372E30223E3C2F6F6D6764693A776179706F696E743E0A20202020202020203C6F6D6764693A776179706F696E7420783D223234392E352220793D223236372E30223E3C2F6F6D6764693A776179706F696E743E0A20202020202020203C6F6D6764693A776179706F696E7420783D223234392E352220793D223137362E30223E3C2F6F6D6764693A776179706F696E743E0A2020202020203C2F62706D6E64693A42504D4E456467653E0A2020202020203C62706D6E64693A42504D4E456467652062706D6E456C656D656E743D227369642D42303036383341332D433846392D343638432D424346462D413944364435364339463245222069643D2242504D4E456467655F7369642D42303036383341332D433846392D343638432D424346462D413944364435364339463245223E0A20202020202020203C6F6D6764693A776179706F696E7420783D223239392E352220793D223133362E30223E3C2F6F6D6764693A776179706F696E743E0A20202020202020203C6F6D6764693A776179706F696E7420783D223430352E302220793D223133362E30223E3C2F6F6D6764693A776179706F696E743E0A2020202020203C2F62706D6E64693A42504D4E456467653E0A202020203C2F62706D6E64693A42504D4E506C616E653E0A20203C2F62706D6E64693A42504D4E4469616772616D3E0A3C2F646566696E6974696F6E733E, 0),('15021', 1, '测试订单审核.testOrder.png', '15018', 0x89504E470D0A1A0A0000000D49484452000002BA0000011508060000000F5F46BF000010B84944415478DAEDDD5D4C9D759E07702FBCF0622FE6622FE6622F4C66929D642FE6662EE6622F9ABD9A0B27EB8584C2417B8206D4BE58E89A98DA8A6F44B431CD309B28D96E26CE74864E4C435DEC8A422B6D2D6DDAAD51A6A6B1EDD25AA0A5380AB59503A5F0ECF367399323E59D033CA77C3EC92FCE40ABE6E17CFDFECED3E73CCF7DF70100000000000000000000000000000000000000000000000000000000000000000000000000000000000000000000000000000000000000000000000000000000000000000000000000000000000000000000000000000000000000000000000000000000000000000000000000000000000000000000000000000000000000000000000000000000000000000000000000000000000000000000000000000000000000000000000000000000000000000000000000000000000000000000000000000000000000000000000000000000000000000000000000000000000000000000000000000000000000000000000000000000000000000000000000000000000000C03289A2E8FEAEAEAE774F9E3C3976E8D0A1A8B5B5D5ACF0B4B5B545478F1EFD6B3C655E917263E406803C09657DECD8B1A8BFBF3F1A191931AB345F7FFD7574E4C8911B71793FE2552937466E00C88370464A5927A6B4475A5B5BCF7955CA8D911B00F220FCB1ABB24CCEC4853DEA552937466E00C88370AD9BA24C5461475E957263E40680152CEC5B83D7A2AED3BF8BBE687B7962C2FF0E5F53B20A5B6EE4466E0028D8C2BE39D01B9DFD7067F4F9C1677F30E16BE17B8A5661CB8DDCC80D000559D8DD5FFCD75D659D9D9E2F9A15ADC2961BB9911B000AB3B0CF7DFCFA8C851DBEA76815B6DCC88DDC005090857DB6F5C5190B3B7C4FD12A6CB9911BB90140611B852D377223370024A5B0C3A7C5672AECF03D45ABB0E5466EE40680822CEC0BC7FF7DC6C20EDF53B40A5B6EE4466E0028C8C2FEA6B7333AFB51CDDD7FFC1A7F2D7C4FD12A6CB9911BB901A0200B3BCCA5FFF9FD5D851DBEA66415B6DCC88DDC0050B8853D3C1C5DE878EBEE3F7E8DBF16BEA76815B6DCC88DDC005070851D9EE074FEF86F67BCD6307CCF539E14B6DCC88DDC005038853D3C1C5DBB7038FA4BCBF619CB3A3BE1D7845FEB2C95C2961BB9911B00125DD8739D8D72964A61CB8DDCC80D000559D8F3391B35DB592AC5ABB0E5466EE406804416F662CB3A3B8A5761CB8DDCC80D00892C6CA3B0911BB90140611B852D37466E0050D84661CB8D911B0014B6C2466E8CDC008B1345D1039D9D9D95EFBCF3CE91BABABA1B5BB66C194DA7D3D1FAF5EBA3B2B2B2F1A79E7A6AE4F9E79FEF7AFDF5D7F7C6F38F8E98C2360A1BB9911B985D2A95FA87E2E2E24DF13EF56E3C17E2B91976AB7832F15C8ABFD714FFF5DFC2AF73B49669C1DDBF7FFFEF5F79E595D1AD5BB7460D0D0DD1C99327A3DEDEDE2893C94441F86B7F7F7F74E6CC99285E84A3679E7966BCAAAAEA724545C5138EA0C2360A5B6EE4466EE0874A4A4A1E8EA7359E91C9C5763EF371FCEBCB1CBD3C8917DAF2575F7D75F8D9679F9D5862EFDCB913CDD7679F7D163DF7DC73772A2B2BCF151515FDD4D154D84661CB8D911BD6BA78597D305E565B16B0DC4E37C7EC564B3B8B7BFF7BEFBD77F8C9279F8C9A9B9B17B4E04ED5D2D2129597970F39BBABB08DC2961B2337AC65C5C5C5EB4B4B4BBFCD5D5A53A954F4DA6BAF45870F1F8EAE5CB9127DF7DD7713FBD3F7DF7F3FF1A7E7C78F1F8F76EFDE1D3DFAE8A35397DD9BCEEE2E72C96D6F6F3FB579F3E6E8FCF9F3513E5CBE7C398A97E6A1279E7862A323ACB08DC2961B2337ACC125F7A17831BD93BBE0EEDDBB77E2D2CFF918181898F8F5E1F7E52EBCF1DFD389C485086772C3923BDF033F5FE1EF575151E1DD87C2360A5B6E8CDCB0E6CEE4E62EB9D5D5D513676F1723FCBE7049E99465D76E351FE19ADC70B942BECEE44E7766F7B1C71E1B887F203F73B415B651D87263E4867B5DB82637F772859A9A9ABF5D9EB058E1B286DADADAA99731D8AD6613EEAEF0F2CB2F8F846B7297D3C183078752A9D409475C611B852D37466EB8D7C54B6E5BEE99DCA52EB9B9CBEE9433BBC71CED59343535FD311CB0DBB76F47CBEDE9A79FEE739A5D611B852D37466EB897855B88E55E93BBD8CB1566BB8C21F79A5DBBD52C6773C37D72C32DC456C2E79F7F3EE2ACAEC2360A5B6E4C1273B36EDDBAFBBD6AC9D3A2DB9A5D42C307C996436363A3B3BA73094F3C0B1F405BCA6DC416AABCBCBC2F5CB7E2E8272B90F1FCB3C2B6E892BFCCC84DE1E426AEA61FF7F4F49C08B773DAB163C7360B2F4BC97E789259F60368E1ACEB37DF7CB32CFB54B81BC3945B8FD9ADA60A8FF5DDB3674FB49276EFDEFD5978A49DA39F1C397FF4D15A5C5CFC4B856DD165E999919BC2C8CD952B5776663299D16C470D0F0FDFDEB76FDF858D1B37FE93573A8BC9FEE4637D277EDD1B6FBCB1DC3B55EEA26BB79AAAAEAEEE4678ACEF4AEAE8E8B81CFF309A1DFDE40537673E98FA8E55615B74595866E426D9B9B975EBD6CFAF5FBF7E79A6AEBA74E95226EEC8B7D3E9F4035EF12C24FBF1D7DECD7EBFBDBD7D5977AAF0A71039FF2E76ABA9B66CD9327AEDDAB5155D74FBFAFAFAE31F46B7A39FE8E0FEED1D6B36C00ADBA2CBC2322337C9CC4DF86C4A7777F71FC6C6C6C6E7EAABF1F1F1B1969696BF565555FDDAAB9EF9663FFEFF17B25FCFF787D0A60A4F50CBF9F7B05B4D15BF538D3299CC8A2EBAE19F17FF30328E7EF2839BFB8E55615B74595866C21F6BCA4DB2E6D4A953D1E0E0E08D455C0B39FCD65B6F1D8A1799BFF7EA97FDB9B21FCF50F6FFE7EB9662B3DD6A2CE79F6DB79AEE07B61AE6F14231091B859DBC45D7EB526ECCFC279CF9AAAFAF9FF800CF623EF4137EAFD7B459E8ACF44E65B39D62C3860DE32B7D46776868A8CFBB8E8279877A3A3CA33B7C0259613BA3CBC232E3D285E4CD810307C223E9DFEFE8E8B8363E3E3EAFDB0D0D0E0EFEA9B2B2F2E3F8E7DAE453EDCC27FBE16965CEE826C4E6CD9B4756FA1ADDAB57AF7EE93A92C407F70765BD1A851DFF23A79D42F9BE45576692B0E8AEF59CCC949B7033FF975E7AA97B6060A07F96EB73CF363434FC47B8DE32FC7AAF7AE69B7DD7E826C8CE9D3B2FACF45D173EFCF0C3FFF6C9C0C406F744F80FFA74F7905C8D4577B6AF25FDFB165D9949CAA2BB9673325B6E8A8A8AFE2E954AFD66FFFEFDFD63636343B91F25B978F1E2DBF1F7CEC60BCCEE743AFD23AF7816927D775D48905DBB76ED59E9FBE8D6D4D41C74AFB7C40577DAB351165D8B2E8BCF8C4537D98B6ECECFF2175555559D5D5D5DBD43434347B66FDFFEE7B0C484AF7BA5B398ECBB8F6E82ECD8B1E3279B366D1A5BC127A3654A4B4BFFD7754E85C7A26BD125F9B9B1E82E2E376169292929D93A799BA8AD9E8CC6528427A3C5AFA5D19578325A5959D9B827A3CDA1BABAFAE299336756EAB285BD9EC7ACB02DBA165DB991A3247E88D3824BBE84FBEA6617D0BD7BF72ECB4ED5D8D8987B36D76E3593C71F7FBC68DBB66DA32B705677A0B4B4F4D3F8875FE6A82B6C8BAE45576EE4C8DD4AB88717DD87B34B6838AB9BEF0FA585BF5FBC538DE73CB0C26E359BCACACACEE6E6E665DD72C3F5C0E11D8777CC0ADBA2ABB0E5468E2CBADCEBE29DE7E3EC225A5D5D9DB75B8D855B8A6DDBB6ED4EEED95CBBD5DC3F8C07CBCBCB87CE9F3FBF2C4B6E6767E77BF13FE35AFC8EE3678EB6C2767B31852D377264D1652DEC56F17C9D5D486B6A6A96BCEC8625B7B6B636F7BADC9B76AB792A2B2B4B5556567EDFDFDF9FD725B7A7A7E793D2D2D2AF9C5657D84661CB8D911BD692E2E2E2F5D90FA665CFEC2EF63286F0FBA69CC975C9C242A552A9F28A8A8A9BF93AB31BCEE4862537FE413FE7E82A6CA3B0E5C6C80D6BF0CC6E3A77D90DD7EC860FA8CDF771D4E1D7850F9EE55E931BC66EB584771F656565370E1C38706B091F501B78F3CD377F172E57083F604755611B852D37466E58CBBB553C03B98B6A5878C37D76C34325C2D9DAEC650DE1F284F0C4B3F03088FAFAFA68C3860D63539EC676D36EB5F4771F0FC6EF1C0E555656F67DFAE9A7430BB94FEE471F7DD4182FCAA7C3C5D1AE1B51D84661CB8DD7ABDCC0FFEF56B9B71D5BE4D8ADF2FC4379242CBCE974BABFAEAEEE8B4F3EF9E4ABF85DC6B54C2633B1D50E0D0DF55DBD7AF5CBB6B6B6F75F7CF1C50FE277275DE18710DE69F804A0C2360A5B6EE4466EE0EEDD6A72E11D5DC8826BB75A46E1291F934F8D09CF6FBE144F66F2C087BF7687E72B8747CF792A87C2360A1BB9911BB05B81C2360A5B6E8CDC00A0B08DC2961B233700286C858DDC18B90140612B6CE4466E0050D846612337720380C2360A5B6EE4466E0050D84661CB8D911B0014B651D87263E4060085ADB0911B233700286C858DDCC80D000ADB286CE4466E0050D84661CB8D911B0014B651D87263E4060085ADB0911B233700286C858DDCC80D00286C858DDCC80D000ADB286CE4466E0050D84661CB8D911B0014B651D87263E4060085ADB0911B233700286C858DDCC80D00DC77DFA14387146572261317F6A857A5DC18B901200F8E1E3D7AADBFBF5F5926607A7B7BF7C5857DCEAB526E8CDC009007870F1FFED7F6F6F6C1EBD7AF0F29CDD53B2315CABAADADEDAB781EF1AA949B155C12E506807B5B5C120FB5B6B69E0E7FFC17AE752BB4696C6C8CD6AF5F1F15E2BFFBE484E37E4E59CBCD4ACEA953A7A2FAFAFAA8A9A9496E0020A9E225B7392CBAEBD6ADBBDFD180B94551F4C0B7DF7E3B108B2A2A2ADE77440020818A8B8B7F192FB9A361D12D2929F995230273EBEEEEFE4334A9A3A3A337CECEC38E0A00246FD16D0A4BEEE49C76446076B76EDDFAF9D8D8D87894A3B6B6B63B9D4EFFC8D10180848817DB5F64CFE666275E7C1F726460667D7D7D5DD1148383837DA954EA378E0E002467D16DCE5D72B367755DAB0BD3BB72E5CACE68064D4D4D7DE1CDA3A30400ABBFE4DE7536373BAE3784BBC5BBEC8F8787876FCFB4E88E8F8F8F545555757AA30800ABBFE87E30DD923B39271C21F8A19E9E9E13D11CBABABABAE3378A5B1D2D0058BD2577C6B3B9AED585E91D3F7E7CAE3D37CA6432ED213FE974FA01470C005667D16D9E6DC9750706B8DB0B2FBCB071B64B17C29EBB7DFBF63F3BA30B00C95B7E23470166B76FDFBE2F67DA722F5EBCF876B8ECC735BA0060D18582535454F4D378A1CD4CF341B4B3A954EAACBB2E008045170AD6AE5DBB7E1B2FB663B98BEE9E3D7BFEB3B8B878B7A30300165D2858E1D284969696FE9C8745FC29CECF054F4603008B2E14BC4D9B36FDCBC0C0C0703C514545459B7B4F03804517EE190D0D0D1FD4D7D7875BF135391A0060D1857B46B85421E4267C40CDD100008B2EC80D00A0B0416E0000850D720300286C901B0050D880DC0080C206B901001436C80D00A0B0416E0000850D720300286C901B0050D880DC0080C206B901001436C80D00A0B0416E0000850D7203000ADB5100B90100850DC80D00286C901B00406183DC00000A1BE4060050D8203700A0B001B90100850D720300286C901B00406183DC00000A1BE4060050D8203700A0B001B90100850D720300286C901B00406183DC00000A1BE4060050D8203700A0B001B90100850D720300286C901B00406183DC00000A1BE406001436203700A0B0416EE406001436C80D00A0B0416E0000850D720300286C901B0050D880DC0080C206B901001436C80D00A0B0416E0000850D720300286C901B0050D880DC0080C206B901001436C80D00A0B0416E0000850D720300286C901B0050D880DC0080C206B901001436C80D00A0B0416E0000850D7203000A1B901B0050D820370080C206B901001436C80D00A0B0416E0000850D7203000A1B901B0050D820370080C206B901001436C80D00A0B0416E0000850D7203000A1B901B0028D0C236C62C7CFCD7030000000000000000000000000000000000000000000000006081FE0F2A1E6D3F908DF1BB0000000049454E44AE426082, 1),('2', 10, 'source', NULL, 0x7B227265736F757263654964223A2231222C2270726F70657274696573223A7B2270726F636573735F6964223A22746573744F72646572222C226E616D65223A22E6B58BE8AF95E8AEA2E58D95E5AEA1E6A0B8222C22646F63756D656E746174696F6E223A22E6B58BE8AF95222C2270726F636573735F617574686F72223A22E7AEA1E79086E59198222C2270726F636573735F76657273696F6E223A22222C2270726F636573735F6E616D657370616365223A22687474703A2F2F7777772E61637469766974692E6F72672F70726F63657373646566222C22657865637574696F6E6C697374656E657273223A22222C226576656E746C697374656E657273223A22222C227369676E616C646566696E6974696F6E73223A22222C226D657373616765646566696E6974696F6E73223A22227D2C227374656E63696C223A7B226964223A2242504D4E4469616772616D227D2C226368696C64536861706573223A5B7B227265736F757263654964223A227369642D37443230303942322D374244432D343234322D414430372D423431463836434336314137222C2270726F70657274696573223A7B226F766572726964656964223A22222C226E616D65223A22E5BC80E5A78B222C22646F63756D656E746174696F6E223A22222C22657865637574696F6E6C697374656E657273223A22222C22696E69746961746F72223A22222C22666F726D6B6579646566696E6974696F6E223A22222C22666F726D70726F70657274696573223A22227D2C227374656E63696C223A7B226964223A2253746172744E6F6E654576656E74227D2C226368696C64536861706573223A5B5D2C226F7574676F696E67223A5B7B227265736F757263654964223A227369642D33444445383234312D443742412D344535332D423931332D414436464539383835354438227D5D2C22626F756E6473223A7B226C6F7765725269676874223A7B2278223A39302C2279223A3135317D2C2275707065724C656674223A7B2278223A36302C2279223A3132317D7D2C22646F636B657273223A5B5D7D2C7B227265736F757263654964223A227369642D39464231353733442D324333412D344530452D413332342D414646453631464630333036222C2270726F70657274696573223A7B226F766572726964656964223A22222C226E616D65223A22E5AEA2E688B7E7BB8FE79086E4B88BE58D95222C22646F63756D656E746174696F6E223A2231222C226173796E6368726F6E6F7573646566696E6974696F6E223A2266616C7365222C226578636C7573697665646566696E6974696F6E223A2266616C7365222C22657865637574696F6E6C697374656E657273223A22222C226D756C7469696E7374616E63655F74797065223A224E6F6E65222C226D756C7469696E7374616E63655F63617264696E616C697479223A22222C226D756C7469696E7374616E63655F636F6C6C656374696F6E223A22222C226D756C7469696E7374616E63655F7661726961626C65223A22222C226D756C7469696E7374616E63655F636F6E646974696F6E223A22222C226973666F72636F6D70656E736174696F6E223A2266616C7365222C22757365727461736B61737369676E6D656E74223A22222C22666F726D6B6579646566696E6974696F6E223A22222C2264756564617465646566696E6974696F6E223A22222C227072696F72697479646566696E6974696F6E223A22222C22666F726D70726F70657274696573223A22222C227461736B6C697374656E657273223A22227D2C227374656E63696C223A7B226964223A22557365725461736B227D2C226368696C64536861706573223A5B5D2C226F7574676F696E67223A5B7B227265736F757263654964223A227369642D42303036383341332D433846392D343638432D424346462D413944364435364339463245227D5D2C22626F756E6473223A7B226C6F7765725269676874223A7B2278223A3239392E352C2279223A3137367D2C2275707065724C656674223A7B2278223A3139392E352C2279223A39367D7D2C22646F636B657273223A5B5D7D2C7B227265736F757263654964223A227369642D41413630453445302D433544432D343038362D413937312D424643353536393931304537222C2270726F70657274696573223A7B226F766572726964656964223A22222C226E616D65223A22E8AEBEE8AEA1E5B888E5AEA1E6A0B8222C22646F63756D656E746174696F6E223A2232222C226173796E6368726F6E6F7573646566696E6974696F6E223A2266616C7365222C226578636C7573697665646566696E6974696F6E223A2266616C7365222C22657865637574696F6E6C697374656E657273223A22222C226D756C7469696E7374616E63655F74797065223A224E6F6E65222C226D756C7469696E7374616E63655F63617264696E616C697479223A22222C226D756C7469696E7374616E63655F636F6C6C656374696F6E223A22222C226D756C7469696E7374616E63655F7661726961626C65223A22222C226D756C7469696E7374616E63655F636F6E646974696F6E223A22222C226973666F72636F6D70656E736174696F6E223A2266616C7365222C22757365727461736B61737369676E6D656E74223A7B2261737369676E6D656E74223A7B2263616E6469646174655573657273223A5B7B2276616C7565223A22247B64657369676E657249647D222C222424686173684B6579223A22304547227D5D2C2263616E64696461746547726F757073223A5B7B2276616C7565223A2253616C657355736572222C222424686173684B6579223A22304549227D5D2C2261737369676E6565223A22247B64657369676E657249647D227D7D2C22666F726D6B6579646566696E6974696F6E223A22222C2264756564617465646566696E6974696F6E223A22222C227072696F72697479646566696E6974696F6E223A22222C22666F726D70726F70657274696573223A22222C227461736B6C697374656E657273223A22227D2C227374656E63696C223A7B226964223A22557365725461736B227D2C226368696C64536861706573223A5B5D2C226F7574676F696E67223A5B7B227265736F757263654964223A227369642D41394143363346322D323146412D343643412D413032342D354643323932334246413437227D2C7B227265736F757263654964223A227369642D39343633334236392D313743372D343546302D384343352D313632383636383330443831227D5D2C22626F756E6473223A7B226C6F7765725269676874223A7B2278223A3530352C2279223A3137367D2C2275707065724C656674223A7B2278223A3430352C2279223A39367D7D2C22646F636B657273223A5B5D7D2C7B227265736F757263654964223A227369642D36373343353539352D434445322D343341332D393333312D413243383643383830333933222C2270726F70657274696573223A7B226F766572726964656964223A22222C226E616D65223A22E7BB93E69D9F222C22646F63756D656E746174696F6E223A22222C22657865637574696F6E6C697374656E657273223A22227D2C227374656E63696C223A7B226964223A22456E644E6F6E654576656E74227D2C226368696C64536861706573223A5B5D2C226F7574676F696E67223A5B5D2C22626F756E6473223A7B226C6F7765725269676874223A7B2278223A3638382C2279223A3135307D2C2275707065724C656674223A7B2278223A3636302C2279223A3132327D7D2C22646F636B657273223A5B5D7D2C7B227265736F757263654964223A227369642D33444445383234312D443742412D344535332D423931332D414436464539383835354438222C2270726F70657274696573223A7B226F766572726964656964223A22222C226E616D65223A22222C22646F63756D656E746174696F6E223A22222C22636F6E646974696F6E73657175656E6365666C6F77223A22222C22657865637574696F6E6C697374656E657273223A22222C2264656661756C74666C6F77223A2266616C7365227D2C227374656E63696C223A7B226964223A2253657175656E6365466C6F77227D2C226368696C64536861706573223A5B5D2C226F7574676F696E67223A5B7B227265736F757263654964223A227369642D39464231353733442D324333412D344530452D413332342D414646453631464630333036227D5D2C22626F756E6473223A7B226C6F7765725269676874223A7B2278223A3139392E3432313837352C2279223A3133367D2C2275707065724C656674223A7B2278223A39302E39393630393337352C2279223A3133367D7D2C22646F636B657273223A5B7B2278223A31352C2279223A31357D2C7B2278223A35302C2279223A34307D5D2C22746172676574223A7B227265736F757263654964223A227369642D39464231353733442D324333412D344530452D413332342D414646453631464630333036227D7D2C7B227265736F757263654964223A227369642D41394143363346322D323146412D343643412D413032342D354643323932334246413437222C2270726F70657274696573223A7B226F766572726964656964223A22222C226E616D65223A22E5AEA1E6A0B8E9809AE8BF87222C22646F63756D656E746174696F6E223A2233222C22636F6E646974696F6E73657175656E6365666C6F77223A22247B726573756C743D3D337D222C22657865637574696F6E6C697374656E657273223A22222C2264656661756C74666C6F77223A2266616C7365227D2C227374656E63696C223A7B226964223A2253657175656E6365466C6F77227D2C226368696C64536861706573223A5B5D2C226F7574676F696E67223A5B7B227265736F757263654964223A227369642D36373343353539352D434445322D343341332D393333312D413243383643383830333933227D5D2C22626F756E6473223A7B226C6F7765725269676874223A7B2278223A3635392E333132352C2279223A3133367D2C2275707065724C656674223A7B2278223A3530352E363137313837352C2279223A3133367D7D2C22646F636B657273223A5B7B2278223A35302C2279223A34307D2C7B2278223A31342C2279223A31347D5D2C22746172676574223A7B227265736F757263654964223A227369642D36373343353539352D434445322D343341332D393333312D413243383643383830333933227D7D2C7B227265736F757263654964223A227369642D42303036383341332D433846392D343638432D424346462D413944364435364339463245222C2270726F70657274696573223A7B226F766572726964656964223A22222C226E616D65223A22E68F90E4BAA4222C22646F63756D656E746174696F6E223A2232222C22636F6E646974696F6E73657175656E6365666C6F77223A22222C22657865637574696F6E6C697374656E657273223A22222C2264656661756C74666C6F77223A2266616C7365227D2C227374656E63696C223A7B226964223A2253657175656E6365466C6F77227D2C226368696C64536861706573223A5B5D2C226F7574676F696E67223A5B7B227265736F757263654964223A227369642D41413630453445302D433544432D343038362D413937312D424643353536393931304537227D5D2C22626F756E6473223A7B226C6F7765725269676874223A7B2278223A3430342E32333034363837352C2279223A3133367D2C2275707065724C656674223A7B2278223A3330302E32363935333132352C2279223A3133367D7D2C22646F636B657273223A5B7B2278223A35302C2279223A34307D2C7B2278223A35302C2279223A34307D5D2C22746172676574223A7B227265736F757263654964223A227369642D41413630453445302D433544432D343038362D413937312D424643353536393931304537227D7D2C7B227265736F757263654964223A227369642D39343633334236392D313743372D343546302D384343352D313632383636383330443831222C2270726F70657274696573223A7B226F766572726964656964223A22222C226E616D65223A22E5AEA1E6A0B8E4B88DE9809AE8BF87222C22646F63756D656E746174696F6E223A2231222C22636F6E646974696F6E73657175656E6365666C6F77223A22247B726573756C743D3D317D222C22657865637574696F6E6C697374656E657273223A22222C2264656661756C74666C6F77223A2266616C7365222C2273686F776469616D6F6E646D61726B6572223A66616C73657D2C227374656E63696C223A7B226964223A2253657175656E6365466C6F77227D2C226368696C64536861706573223A5B5D2C226F7574676F696E67223A5B7B227265736F757263654964223A227369642D39464231353733442D324333412D344530452D413332342D414646453631464630333036227D5D2C22626F756E6473223A7B226C6F7765725269676874223A7B2278223A3435352C2279223A3236377D2C2275707065724C656674223A7B2278223A3234392E352C2279223A3137362E37313837357D7D2C22646F636B657273223A5B7B2278223A35302C2279223A37397D2C7B2278223A3435352C2279223A3236377D2C7B2278223A3234392E352C2279223A3236377D2C7B2278223A35302C2279223A37397D5D2C22746172676574223A7B227265736F757263654964223A227369642D39464231353733442D324333412D344530452D413332342D414646453631464630333036227D7D5D2C22626F756E6473223A7B226C6F7765725269676874223A7B2278223A313230302C2279223A313035307D2C2275707065724C656674223A7B2278223A302C2279223A307D7D2C227374656E63696C736574223A7B2275726C223A227374656E63696C736574732F62706D6E322E302F62706D6E322E302E6A736F6E222C226E616D657370616365223A22687474703A2F2F62336D6E2E6F72672F7374656E63696C7365742F62706D6E322E3023227D2C227373657874656E73696F6E73223A5B5D7D, NULL),('2521', 1, 'var-createTime', NULL, 0xACED00057372000D6A6176612E74696D652E536572955D84BA1B2248B20C00007870770A05000007E603040E32C878, NULL),('2523', 1, 'hist.var-createTime', NULL, 0xACED00057372000D6A6176612E74696D652E536572955D84BA1B2248B20C00007870770A05000007E603040E32C878, NULL),('3', 1, 'source-extra', NULL, 0x89504E470D0A1A0A0000000D49484452000002E20000013D08060000004E630758000000206348524D00007A26000080840000FA00000080E8000075300000EA6000003A98000017709CBA513C0000000467414D410000B18E7CFB5193000000017352474200AECE1CE900000006624B474400FF00FF00FFA0BDA793000000097048597300000EC400000EC401952B0E1B000020004944415478DAEDDD097854D5DDC7F19310B2B08382A0C8A6B5A84541C5A5A2A2C5A56A5DAA9420824BAD4B6BFB6AEDEB565B71AB68516B5F57140584125C1011AD80ADA8B8CB26B8A142C21A760281041226EFFF77E74EB80C490830492633DFCFF39C67B63B433873CFDCDF3DF7DC739D0300000000000000000000000000000000000000000000000000000000000000000000000000000000000000000000000000000000000000000000000000000000000000000000000000000000000000000000000000000000000000000000000000000000000000000000000000000000000000000000000000000000000000000000000000000000000000000000000000000000000000000000000000000000000000000000000000000000000000000000000000000000000000000000000000000000000000000000000000000000000000000000000000000000000000000000000000000000000000000000000000000000000000000000000000000000000000000000000000000000000000000000000000000000000000000000000000000000000000000000000000000000000000000000000000000000000000000000000000000000000000000000000000000000000000000000000000000000000000000000000000000000000000000000000000000000000000000000000000000000000000000000000000000000000000000000000000000012470A5500EC9E79F3E65DBC75EBD6EBB66CD972F4E6CD9B9B8742212A656F7F8852525C5656D6462B731B366CF854B76EDD5EA0561247595959E6C2850BAF2F2C2CBCD4DACC8F376DDA9449BB8949BB29CBC8C858939E9EFE694949C9D05EBD7ABD43AD0004712021CD9C39F384E2E2E29C6DDBB61DD8B66DDB94E6CD9BBBA64D9BBAD4D4542A672F29945948731B366C702B56ACD0534B2C900FECD9B3E7346AA77EB3007EEDEAD5AB1FB2B6D3C8DA8DA3DDD44CBBC9CFCFDF6ABF4D5F1715155D7AE69967CEA376008238903066CD9A75554141C1D31D3A7448DD7FFFFDBD1E5CD49C65CB96B9BCBCBC508B162DFED4BD7BF747A891FA69D1A24513162C5870BEB51B47BBA99D76939B9B5B545656D6FFB4D34E7B8D1A01E25F03AA00D875082F2C2C7CEAB0C30E6BD0BA756BC2442D508F69AB56AD52962C5972FAF5D75FBF66D8B0619F512BF52F845B39FFD0430F75B49B5A6D370D57AE5C79CEA5975E3A77D4A851F3A91580200ED45B93274FEE5A5A5A3AC942785AB366CD767ABDAC2CE4D6E6BDEF967FF98A5B39FF0DB77EE9E7AE2C54E2B29AB7B7E0C1A1F7BD919E9EEE5AB46891B278F1E2D3070D1A3471E4C8912BA895FA41C3517273736F5208AFA8DD6C295CE1F2BF7AD5E57FFD9A5BBDF01DB779DD4297D1B88D4BCB6846E5C5A0DD5818CFC8CFCF3F7BC080016F8C1E3D7A25B502C42F92025085468D1ABDD4A143878615850959F1CD44B7EAFB29AEA468ADF7B874CB06B7EA87B72D604CA0F262A071E3C6AE63C78E0DCD386AA37ED089991A13AEE1289585F0C5339F7385ABBF75A16D5B6DC7B5D46D5EFB835B3463B82BDEB0940A8C51BBE9D4A953A8418306FFA436008238502F4D9932A5BB858A4334B6B5220ADF05CB6656F85AC1F2D9AE78E3722A310654FFA9A9A99DA74E9D7A3CB511FF343B8A4ECCACACDDE80852E9D64D3B3DAF50BE7AE1342A3046DAB76FDF2A2D2DED47B41B80200ED44B191919BF6ED7AE5D7A65635B8B0A967843532AA39E3FC446DBB66DD3EDFBB8929A887F9AA250B3A354DA6EAAE8F5A6CDC4569B366DF2EDE6226A02208803F58E05893335D55A657448BD4A65CC931C2B1AE2505656763A3511FF344F7895ED665B096DA696ECBBEFBE07D84D6F6A02885F69540150B1AD5BB776D62C04A87B4D9A34D1F7D1819A887FBA580FED263ED8F7D0CE6E5A531340FCA2471CA8445959591A171D89931FAAF0F7C097510FE82233B49BB86A3774B801047120F134CC6A59E5EB6919F40A02BBD36E68330008E200AA25AB4547D764DF1F57F85AA3560779AF03D851AB0E3F7569E98D777ABE41C32CD7AA632F2A0800411CC0AEE9823DFB75FD4585AFB53BEC4297DA209D4A02A234697DA86B5CC10EAC9E6FDAE6702A0800411C40F56CAB603E6429DDB291CA012A6B372545B419002088037B6E6DDE74B778D6880A5F5B3CF379B726F73D2A0908D8BA69957705CDC2555FEFF4DAA635DFB9459F3FE32D0300C982B3A981DD5452BCDEADF8E675EF12DD95D15502577D3FC50B176DBB9EE7D21B338318929BAE42BBEAFBC9155E553362F3FA3C97FBE993AEF5417D5C8B038FF7867F0100411C8067DD924FDDEA1FA6567868BDC260B16EA1172CF6ED729A6BD9E1A7040B241DF570AF98FFA6B7535A1DDA89D5F21B577DEDDA1C72B6CBF4A6C20680C4442A00AA494351567C33B1DA213C182C567EF796F77E20D96847B4BA213C7A2736EFB3A7A94000047100E140BD37CA42A554226837B4190028C7D014A09A34BC440540F575ED732F95000095A0471C000000208803404CFCDACA01FEFD83A35E3B7A17EFFD839566542192D8D556767545B22BA2DA928EB0FFB692655B06EE77B5D227AA5C1DB57C5567E8DE60A5115F1108E20010BF8EB7B2D4BFAFF144BFB472B65FEEDBC57BBFB2727BE0B102C971542912D881518F35C764CF5D2C931A158835A07F1F2B99FEE32E81D70EB172A77F3FD78ACE5CDF62E5BF7EE84EF3DF1B516C657C2519456D71335F19120563C40124124DD87EA40BF7865F60A5A1956D51CBAC8BFA0DBCC8CA0C2B25FEF2DFF961A1A3BF4C7B2B87FBCB70F62012D12556BEB412F21FEF67A5C0DF7195DE56D65879A092605CE487E34DFE7BD58E4EB1B2C86F339F58392BD09EBEB7B2DCCABBFE720AF46DFC7F23D246A7F8CF479FEDDBC0DF39BECACA137C75208827A0B2B2B2CCB973E75E366BD6AC4B962F5FDE7DD9B2658D366CD890565C5CECD2D2D2CA9A366D5AD2AA55ABA5CD9A35FBD016BFE7965B6EF9965A03E2822ECBA8DEB6FE56DEF49F1BE86FD40BFDC7FD02CB2B248CF3EF6B484A56206C9C64A59B95E7AC7C40D522C14D0ADC6FEF87E82FFCC7DF5859E0DF6FE2C24799FA5A79C7CA1C3F685FEF2FA336D8C3CAF0A8CFBF2B703BC6BFBFC90FE83DFC30FF7060F9A75CB8475C3B03C5513BDB275B99EFDFE752ACF5C8800103DA9796965E909292A21DB0EE56DAFAEB94BEE37CCB5FB3EDB50F1A3468903366CC982504F1240CE0E3C78F1F76EFBDF7F65FB3664DDAA1871EEA7AF7EEED0E3CF04067C1DB6566663A0BE3291B376E4C5FBC7871E779F3E6759E3973E62537DE78E3A24D9B36DD3B6CD8B067A945A0CEE9073DE4876C1D1E57EFDC19818D7945BDDA7DFDDB87A29E7FCF857BED7E65258FAA4582D2CEE75F5CF8A88F1C6665B51FC83B59696EE57EFF35EDD04EB4F2673F286B275747A0D4733DC1FF9C15819DD78E7ED0BED285CFDD0855B1131D09DA275A39C7CAFF599966E57FDCF62165FA8CB7F9CAEA97FEFDFBEB08E5EF42A1D0C916B42B3AFF40439A3AD96B5ADF2ED8B66DDBDFB3B3B3A7D9E3E163C78E1D4D104F021F7FFCF195F7DD77DF1305050519F6E5BB238F3CD2D91ED9CE6B8A857195D6AD5BBBA38E3ACA0D1A342865CE9C391D7372729EBAE69A6B6E5ABB76ED2F5E7AE9A5EFA951A0CEE8075DE35907F88160A3950D81D7D503FEA095BFFB1B7F8D1FD751AD975CB8F72DD2933ED4CAC5566E76E193CD08E248643AA9F91EFF7E3BB7FD28D2497E180FD2EB91A124FFF403F9672E3C1C4C6D65840B9FF0BCC16F372A17FAED2D14686317FAF7B7BAED2768AEF203BD82F837FE6BF956FEE4B749D42396A714AE9F2A2B2B3B730FDEDEDBDED7DB3EE31A0BE657246AB64AFA206E5F72DAC48913A78C1831E2D473CE39C7FDFCE73FAF30805745A1DD4A83C99327777DF1C517BFB8FAEAABFF40EF3850277E62E56E7FE3FD820B8F57D54967EAD97ED2CA75FE72D3DCF69EF1F181F7B7F483BC6683D0A1FAC57E01125D9ADB3E265C43B2344EBBD8BFBF2C6A5905680D1DF9DACA1B2E7C62B47AB26FB1F2473F5C6B9849453DD7A9817FE740FFBE7ACC1755F1B745DA32EA917EFDFA65A7A6A63E110A85CA67CD51BEFAC94F7EE28E3BEE3877F0C107BB162D5AB8A64D9BBACD9B37BBF5EBD7BBDCDC5CF7E9A79FBA993367BA929292C8DB7AD9FB66F5EFDFFFBA44EC1D4FEA20AE10FEEEBBEF7EF8F6DB6FF7FCE31FFFE87EF4A31FEDD5E79D79E699AE6BD7AE5943860CF9E755575D95F1ECB3CF3E4E53046AD53C17EEC58E5C1B5D3D7697FBA15A3D719A2AADA91F1A1EABE0FDAF59B9C985A758FB0DD5892452EAB6F754077BC47544A953549056308FCC72B2D40FC93A2F43BDD61AB232D2553E7C64573DE215D9CA0E71BD0BE1E75A081F6D21BC412480ABA3F38C33CEF04614446BD4A89157F6DF7F7FF7D39FFED40BE56FBCF186FBF7BFFFEDB66DF3CEB76F6299ED050BE39916C613AAA333A9A72F544FF82BAFBCD2F32F7FF9CB5E87F0888E1D3BBABBEFBE3BCB56C021B6C25C4A73046A5D700CEAB92E3C1B44644A356DF4C75512C245333FA8575DBD73C554259288A6ED8C4CF1A95EF033FCFB9A8568796039A5A80981C75DFDF20F173EE15981FABDA8CF6EE207F7D651ED5333B3E884BDDFBA9DCFDD68E4769CD250436734056217BEAAB80FE1EA099F60C1D90BE10AD7F7DF7FBF4ED4AC308457443DE55A5EEFD3797A11F699CF245AB64ADA20AE31E1B6A775EAEF7FFFFB6AAF18D5A5CFBBFDF6DB9B346CD8F0FF6C85E94AB3046A555AE0B7AD87BFF1BEC5DF8057F59B778495BFB9708FDE477ED8E81B08F140227BC0DF515599EBC23DE26FFA3BADC1DEED15FE6D86DFD6348E5BB3A6DCE6C2277B6AF6949BFC9D60E707ED512E7CA44AB3ADCCF29F53BBBAD5858F623DE2C2B3A01CE28776857A8D57D7D488D7FA3BC74BFCBFE50FFE7B0F703B5FAC0B754C63C21B3468F0442484FFF8C73F7683070FDE214CEF0EBD4FEFEFD6AD5B308C3F9948D92A2983B86647993265CA931A131EAB9EF068EA19B7BDC20CDB2B7C9EA609D4AAF35CB827ED3C7F832E77F96140D3A6BD6F65AABF21D76FA0A6D1EAEF070B05034DC1A6A12CEA75D15EBAC690CF763B5FD00448549A69A8FD2E96D18EAD8E1AA9E7FC7C179E71283253CACD7EE8767E50FF1F7F591D8DD2F0AF635D7846148DFD7ED1CA8D2E7CD2F47CFFDF7ECD7F9F76865F75E11EFA7B5DF8246BF59E6BBBAA79C4991821DE42656AEAB39131E1EA09BFE9A69BBC31E07B4343566EB8E1866098D730956712A5CE92728CF8840913866B0A428DE9AE49679F7D76D61B6FBCD1598751127DFA1D208E8CF78B7EDF8287BB47FA25FA37F0DD4A3E47E3639F705C3404C94773E76FDDC532B757B18C869FFCD1BFAF001E1CDFAD195486F9A5223A49F49DC063F5C08FF50BE298A628B410FE33DDD7987085E7BD0DE1C130AE110CB7DD765B64CC78AF44C95649D723AEDEF079F3E6FD4A5314366CD8B0C6FFBD6BAEB9A6A5ED21FE8E265A37EC7BBE433F0EBD7BF766AACEE4531AA365683348365B63B40C92ABED97671D9D98B9A7C3512AA3CF3BF7DC738379EE9A44A8F7A40BE2BA62E6CA952BD334E5606D38E28823D23332323A6BDC14CDBC4EDC638DF5D5B66DDBAEEFD7AFDF68FB9139AB6FDFBE4DEAE20F193A74A85BB46851B5979F32658AFBF2CB2FAB5C263F3FDF7DFEF9E73BA7CBD252B76AD5EE5F706EEBD6DDDBB6AE5BB76EA7E7F4F77CFBEDF68BCDBEF5D65BDEFF05B499BDA129CD22962C59E2AD7B5A5FA74F9FEE0A0B0B775A3EB80E46BCFBEEBB2E140A55FA6F0C1932A4D2D72A6A6711CF3EFBEC2EDBCEC89123BD29D9826DF4A9A79E626D4342B47D5D31D36E4ED5FDC80C2935E1ACB3CE0A76A2F64A846C95743D1EBA6C7D6517EBA929DDBA75CBFFE4934F74A20A1723A83B8D53525206D88FCC00FBEE3758E37DCD1EFFCB7692A68D1831A24666C79833678ED3D55923CE3FFF7CF7DA6BAFE92889F75881401BF75EBD7A55F8FE3E7DFA78533DBDFDF6DBE521393D7DC70B928D1E3DDA75EEDCD9BBB8D4983163DC3EFBECA3317A6ED4A851DE5561AFBEFA6A6FB9356BD6787F8F68BE563D5628D08FE577DF7DE79DD3B071E346B778F16277EBADB77A7FDBC48913BD8B574568F9EEDDBB7B9F2F0AFAB367CF760F3DB4E3C5288F39E618AFD762FCF8F1DEDFFB9FFFFCC7DD79E79DAC81F5BBCD14589B9958D36DA62AAFBCF28AB75E1E7FFCF1EEA38F3E723FFCF083D776149E870D1BE69A3469B253E8FEF0C30FDD15575C51FEDCA38F3EEA4E3CF1C4F27538429FABE7B4E3ABF57CE1C285AE71E3C65E9BB240E2D2D2D2BC36D3B56B57EFDFD18E40FBF6DB87506B59B5654DBB16DC59082EA37F436DAF7CE36B9FB976ED5A5DADD96B67FA37D59681FAB8BDF42F5BEF052B652C5D8DBC266836156DEF2C53459EAAF7D92AE982F8F2E5CBBB2BA0D4A6E38E3BAE85AD34A710C4E386AEF836D07E6406DA46B0D8F6FA75B2D0ABB66E4C9A366D5ACC862A2824EB3C046DE0D56376E18517BAC30F3FDCEBC193F7DE7BCFBB604130886B437DDD75D769AC9DF75863ECD4A32C0F3EF8A0CBC9C9716DDAB4290FE6F637BB3FFDE94F5E58D77BB47157AFFBBEFBEE5B1EC245015D2162D2A449EEA28B2EF2C6ED7DFCF1C75EEF820286C28944FE2DFDCD175C70C10EFF9F975E7AC9FBB7823B0303070EDC6119FD3F153E14F0F5597979795E789F3C79B2D77BFFBBDF314AAB9E6A1E683345B6611E671BDDD762DD66AA72F9E597BBE6CD9B7BF7D503AED0ABB6B3DF7EFB79EB7B34ADFF13264CD8718367ED43259ADA9C7628B56E6B23AF229AC3583BC3D13BC06A87871D765879A05FB972A5F7B745DA8F7602D4E6D45EA2A9673F2B2BCB1BF3AA00AFF7EA7740BF073AF45ED1DF07C4FBF6D27E0F4E89DC3FF6D8636BF40FD2E7078278BDCF5649D7E2972D5BD648BD7FB5A94B972E9A0FB53BED392E65DA0FCC20BB1DD4B66D5BEDF94FB11F94E1DAF3DFDB0FD68658BDDA73E7CEF57A8F752531993F7FBEFBFAEBAFBD3952A367ED89040505E468CF3DF75C790897112346B83BEEB8C33B44AF1EC11E3D7A38FBBB9DE6C53FFBECB3BD43DFC18DBACE60D7213D2DA360A120AFE0F0C5175FEC1434F69402C80B2FBCE0DD7FFEF9E7BDBF496149C149411E09214BB9D8DACDE5D666D453FE96B5991135DD536EFF567910D74EE465975D56BED3A8DE72ADEBA79D769AD7EE22A277262BA3B612E951D7CEB07AD915F4B523A96155FA6CFD1BCF3CB37DA206B5B108F57E2B4447A658D3946D91DE6DADFB1658BCF7AB13E888238EF082C4934F3EE92DA39D081D590AF6DC03F56D7B6919BD7B20F3D4E81FD1A953A7E0C37A9FAD922E886FD8B0214D87366A534949496B5B794B6DA51D4C3B8EFB3DFF8BEDBBBA58878B5F7CF14577C00107B8830E3A688F3E4C433CB4115660D6F8F0828202AFB75881FA1FFFF8C70EA17A7729882844B76CD9D2BDFFFEFBEEB1C71E735BB66C718F3FFEB8F7D93A0CAEDE6705131D5AD763850DF5BCA9175D87C115BE233DE25A4E223D7A9579F3CD37DDEAD5AB7552CF4E430122229F316FDE3CEFB35507AACFBDA5CFA10DC51D25E37ED666FAE93BB675ED873D3937A12ADA61D450140D19D16FB7AED3A0753AD21B7DDF7DF77957E06BD7AE9DB79E6B2757E3C3A74E9D5A3EAC24324444213B729E8682B0AEA81C7D1D092DAFB6AAB611EC110FEE48AAA7FB6F7FFB5B79CFB9FE4D05EAA54B977A97E8B6ED8CBBF9E69BBDD7D44E34544BE15E7F9F76CE972D5BE6ED149F77DE79DEE7E8B72038AC2556D456556FB41BD4F4F6D2052ED454D3192BEAF3F72588D73391F178B549A1C9F61A55D70C94AD4734665A615CD325ED6970D4C6FB81071EF036EEEAB5D6B86BF51457751129058F8A4EEA0C8E2FD538591D1EFFEF7FFFEB2EB9E412AFC75D1BDDBFFEF5AFE5CB3CFDF4D3DE1CAE91D0A29E3D8DAB5528D10FD99EF488AB1750BD77EADDD715CF1424A2457AF315F8D5E31FAB1E711D49A00DC537FB9D3B48432F34FC2956B46E9E72CA295EAFB3EE6B78977E53C78E1DEBED886A3D7EE28927DC679F7DE62DAFB6A57333DE79E71DAF9D04D76D0D07E9D0A183775FEBEFDE505BBAFDF6DBCBD775056C856E0D3D534F7A90866569088AC6CDDE78E38D9AEDC11D7DF4D1DEEF818E680D1A34C80BEFCD9A358BE9F7A19DF459B366D16E501BCA4FBC88D5948595513B0EA8F7175C4BBA209E91915166613CA536C3F8B1C71EBBFAE5975F6E611BA9FB68ABB5AE3A1BA06DB6612CF37796B6EFEEDB46716F0285C26FE470F3B871E3BC13B3B4E1BEE79E7BBC8DF0A9A79E5A1E0A22D453AD1011FDBC28C00729102B6444C288C69BAAC75AF7B57E2B8804FF7EF5CA29B09F7CF2C95E6058BF7EFD0E3DE2FAF15458A8C6FAEC8D35D798F58A8278653DE2FAF7F6C621871CA2507117AB745CB49912FFB66154105F70CC31C7D4D871690D3BD1700E150571ADBFDAC18DC5C9C0EAADDE9D215A3AC2145CD7D50ED5EE745FBDF3411AABAE31EB3A4F433BB31A26A6B6A823657FFFFBDFBD76A4F3412247A662E5A4934EF2760A6837A8E9EDA53D0ED9D3A9914EAC9A0CE3C14E29179EA79E205E9F58B82AB14090AEF186B5A561C3866B6D252DCEC9C9194C3BAF5DD9D9D915FEB068A890B6BDF6BD68CBDBC06EF5DC7ABB7DDBCA18DB617BAB6FDFBE450A7F7B4A4345D40BAD9952342E54272DAAD74B1B62F5E0E979055FF5BA6BC32CEA4D542F5E4582BDE80A0D3AF4AD5E38FB3B77B8FCAF4EA0D438ED8AC69947DEAB191EF45E85F6C89015CD98A2E01C9CE9A1320A423AB41F4D7F53E46F09F6888BFE2D058F8A4E60AB0EED3CD086EAAECD287C5B1B519BC98804F0E836A331E2575E7965594DFE7D6A23DA19DCB46993B7BEAA8DBDFCF2CB952EAF1E6785E4AAF4ECD9D3EB65DF9D201C3C9723D823AE12EC11577B53FBD6DF2ABAAF76AF9D731D2DD39015B5D9588770D170190D9FB9E5965B6837A8D1ED657171F15C7BED602DAF4E979A0CE2519D3AAB09E2F54C8B162D16D98FE4C1B519C4E7CE9DFB83F62269E6756EABFF3D6405F6E63501B1BAB5C6656565BD6D41A2BC85EB64CA3DA543D10A003A59ECF5D75FF70E47076998C6F0E1C3777A9F869A44F77C5744BDED5A56B70AD23A495287EF2BFD8FFBC35074D85CEFD10C2B0AE3EA59D0900F051505883D1DDBA7DE3D0D0DD0676B9CAC047BC42381443B36AA9BDA6C7FD82B452E3CF6B3B1C2B736C055B5999AA6B611197BADA33D9A26ED5FFFFA57A5CB6B5D54C08ECC4254996BAFBDD61BABAD31E36A4FEAB90E6EF4D5FB1E7D4E878E5C55D423AEA35A3A59B33C25AC5EEDF57847DAB5C6AFAF58B1C2BB4AA0CEE95088D78C30407DDE5E5A889F1D09E20B162C88F9C57C82741E46C06C82783DD3AC59B377ED47F3E0C80C16B5E1C30F3F540FD1BBB4EB3A971EF8315117DA1BB6E19C5413333D2868EE6ED8D446BDBAE15F737FAB274DFFC609279C5069EFB7666C510FB50E152A706BD687C8496E9193C3140A347DA10EFB6BF93DA1DEFAE02C1212DD238E7A29ABB6DACC2EF7088A8ABC7556EBB37A947592E6238F3CE29D9CACF6A09DDE60CFB77632757E87CEA5D8159D93A193B2234316359DA1682CB7764E35F77FF470C6E0919D608F78B44880D711325D9A5B215D3377696897DA864EAABEE5965BBC1DE9E83604D497EDA5B595772DB06B4E6FEFA855551D437B2B7871AF44C8564917C40B0A0AEECFCBCBBBC27E10536BE9A23EC5B69150F70A1328D7211D46B39B69164247FAD3ACD55A2F9EC69D469F7C193D16553DCA0AC8DA98578702AEA62E8C4C91A693BE74A85C9FA19EC2484F9D0EDF6B9E6585814870502FB5C6924786BAE81062E44437CD16A129E22A1AA3AECFAEEAAA84D114F0A3A767046D664F5D75D555DE45A9340DA08EB228846B9DFCC52F7EE1F52CEBFC0B4DDD1919E6A5DEEDC87487E57B1559593B7DAE3E4B3DDA3AA9399A866CC9AECE29D272EA7D0FF68447534FB986A769CE7F1D2DD398F0C8EF804E1C55182788A3BEB67DDBFE4CB05CF588EEAA9DEA9CA89AB8A88F8E50CD9831439D9B29FE532FD7F7FA4E49C695CC7EA0BF1F3060C04191A9A76AD2942953C63CFFFCF31D7372724EA279D7BEECECEC3B6C2F3DD77E4C5EDEDD5EBCA953A796E9C446EC998AAE04BA3774C193D34F3F3D859A8DDF3653D3ED267205CCDAFA4CF5AA47CDD0B0C7EB7AACDB03ED06F1D6F6FBF7EF3FD542BCD79BA4C901F66678676574844BE757F9A62742B64ACA4B78151414DCF62F73E49147A6D570AFF8FA9123471E662BF6C334F1BA618DF45E6AA16ED445E84062B7995887F05D7D6675427875D775DA0392A0ED3F6EC50BE29A835F3BE4B11C2BAE09055E7FFDF5F2DE70CB564F2742BDA726E3CA367CF8F0970A0B0BBFD68A5293860E1DFA4A2814DAB47CF9F21C9A380000485463C78E9D6037D3745FE743E8FC0D9D9F140B3A3AF5E8A38F6EB34C1539BA333D51B2556AB2AE30050505E7BDFAEAAB453AC9A726CC9D3B77E28C1933CEB13DB6DF4C9B36AD94260A0000129C2E9EE14D29A82BC83EF4D0437B1DC615C22DD4972D5DBA343284A13091B255D206F19C9C9CDCAD5BB7FEC65692CDB1BE24B3AD2C1F0C1932A4BBAD28FF6B7B88DFD02E0100403264ABB2B2B2DFDB5D2F246BBACEC183077BC34AF684DEF7D7BFFE75DBDCB973CBCF73B06C755D2265ABD4645E61468F1E3DA6B0B0F0F777DC714761AC7AC6D5137EF3CD371FB86DDBB6276D45194DB3040000C962DCB8711A32F29B481857CFB8A6121D33664CB5AFB0ACE57462E6ADB7DE1AEC09D78C2EB7255AB64A4BF615C6568CE7FAF5EBB7F9EEBBEF7EFAE28B2F6E70EEB9E736DEC31338D73FFCF0C3133EFBEC334DE87C9BAD8823688E000020D958881E61D94A33AF3C999292D24263C6274D9AE49DC4A90B71E9EAB85DBA74F1E6E9D714BA1A7EA2F0AD8BF5CC98314325B465CB167516477AC2359FF9EF13315BA5B1BA84F7DEB2B3B33F7EF1C51787DB4A72F835D75CD3AC478F1E59D57C7BF1D4A953278C1A35EAE0D2D2D2836D853B95E1280000806C95FDB1E5A26722D31A2A90CF9C39D32BBB101CB1315D63C213355B11C4B7EFBDE5DACDCF6CA5B978E8D0A1D7A5A7A777EBDAB5EBAA5EBD7A35E9DCB9737AAB56ADDAEAA20E4545452B6CAFADE0ABAFBEFA6EFAF4E90DBEFBEEBB1FDB8AD5DEDEFB787E7EFE684ECC04000028CF56A72B5B5998BEC60279EFDDC89ED3AD0C4FF46C4510DF79A5D1559A5E1E306040FB3973E65C3C7BF6EC13EDF131567488459757D3A5DA74B935CD65F91F2BD7F92B1A000000AAC856A150E8620BE4916CD5D6CF56CA589A6D65B60B5FB6FEE564C95604F14A8C19336689DDFCC32F000000205BC5542A550000000010C40100009018FA59E91878AC91180F56E37D6F254B462588EFDA21564E8C7AEE062B5D038F8FF39F03000040D84956F2028F75D26523FF7EBA7FAB31E247FB813D52B65A3930F00848A14100000D2F49444154F83E2B2D13B1821823BE7D45696AE5342BEBACCCF2578C2BAD3C6125FAFAAC47BA1DC7379DE72F07000000E7BA5B79DE853B340FF19F0B59E964E56C2B3DFDECA4CB9BCFF003FA667FB94D8100BF9F953F276A2511C4C3DEF76FF7B1B2DCCADB569AF8C1FCCDC0720758E961A5BDBF1269651AEBBF67A995B3FC20FF09550A00009254BA9F97C6B8F05094FBADACF05F3BDBCF566F46BDE7752B0FF9F7F7F79793CBAD64FB213EE13034A5FA2B94F3C3F6F75674F9D669563AF82BD8F7FE0A93EAEFFD75A5CA00004092CAF4C3F46D565EB1B2C685C78B2B2BA9D7FB022B03A3DEB33210D09705EECF48D4102EF4883B7798952EFE977CA41FAED3FD95A893BFD29C6F65B00BF77CF7F1572AF5967FE8BF778B950F5C784CD31ABF00000024A30D569EF373D5FB7EAEFAB7FF7CA427BC75D47BDAF8992B92C5AE70E15EF41312B9A208E2CE7DE517D118269DA9ABCBA80687A6040F9FB4F603B9568C07FC95643F3FA03B7F0562680A00004866A3ADBCEAC2E7D169C8EFFF5AF9C87F4D9D9DDDACDC15585EC3523E73E19EF3452EDCB9F966E03D0989A1293B3ADC0FE15551CFF989FE9EDB063FBCAF0B04F62E542300004872675A792C908D9607B2D2142B0BA296FFAF957BADFCD17FAC658658294AE44AA2477C3B4D8BB3AC1ACB69EFED0F2E3CAD4E4FAA0D00006007FBF8815A1D961AE3AD1EF10BDDF6D1039951CB6BB4C155566E75E1CE4DD16C2AC35C78488B42FAB37E98278827A8AB5D78A8C9AE686569ECC2271A5CEFC243537EEAC2D31F52A7000020D9E95CB97156BE083CB7C40FE4A2E1BF3D03A15D935CDC1F5876AB7FAB5EF3735C78D8EFF244AC2842637805D005791EB5521C785E617B7E0521FC84C0CA32D485C73E694C5364480B4353000040B2FB22EAF1F381FB8556DE0984F6F7A396BD22705FB3AC24EC38718278780578B382E7D5D3FDCFA8E774986462D473D18F1FA34A010000F6582859FEA39CAC0900000010C481F891929252120A85A88838E07F0F7C19F561A3929A5A46BB899B76A34B8497521300411CA88F8162CEC68D1BA98838505858A8EFE34B6A22FE656666AEA4DDC48775EBD6CDB39BD9D404401007EA9D6DDBB6BDB566CD9A15D4445C048AD5A15068323511FF1A366C38BDA0A0808A8803F9F9F99A3A6E1A350110C4817AA7ACACEC15DB90A5D92D9551C7962D5B566237AF5013F1AFB8B8F8C1E5CB9797D06EEA5CEEDAB56B8FA4DD000471A05E3AE38C33669796967EB668D1A2C5D446DDB1FA5F545252F2D5E9A79FFE31B511FF4E3EF9E44F2D847F613B4F54461D9A376FDE54FB1E96D16E008238506F8542A11B2D0766151414ACA7366A5F6161E1E6BCBCBC46F63DDC406DD41FC5C5C597E6E6E66EDEB06103955107D6AF5FFFDADAB56B7FA1DF2F6A03886F0DA802A072A3478F5E3D68D0A059AB56ADFA79F3E6CD4B3333331B512BB516C2D7CD993367435959D96FCE38E38CE9D448FD6A3703070EFC74CD9A35E75BBBC9CCC8C8A0526A3184CF9D3BB75B4A4ACA6F693700411CA8F7468D1AB5C042C5DCFCFCFCBE2525259FB76CD9B2A36DE4A8981AB460C1820FBFFDF6DB1676F7EA3E7DFA4CA246EA67BBB9F4D24B3F5FB162C505D65E36356BD62C8B7653A372E7CD9BF7526E6EEE690AE1B41B80200E245AA89858585878DA92254B1A6DDAB4E9E3D4D4D48D9999992D6CA317B757A8B540EB9E7EFA69D7AE5D3BD7AA55ABB8ADDF5028545C5050F0455E5EDE3C0BE065767F953D77093D7AF5BFDD0C183060827D9F472E5BB6AC597171F17C6B37291919194DE23994AF5EBDDA4D9E3CD9B56EDDDA356AD4289EDB4DDEDAB56B3F58B870E10C6B37FB141515A5D97303683740FD41F704B09BA64C99D2DD42C44576B7B79563AC64C6EBDF3A7EFC784DFDE79A356BE6FAF6ED1BCFD5AA8B8E68BEE369565EE10433DA4D5D9A3973A69B356B96EBD1A3873BEAA8A368370008E20076CFE5975F9E595C5C5C14799C9999993562C488626A06A85A7676F660BBB9D3CA5D39393983A911003585595380046521FCF8E0E32D5BB6F4A6560000208803A87997051F949595FD9A2A010080200EA0E6F5897ADCBB6FDFBE4DA816000008E2006A48FFFEFDCFB29BF6514FEFDBA04183B3A81D000008E2006A4828143AB39297CEA7760000208803A801BD7BF7D6BCE69757F2F2059A4D855A020080200E20C6DAB56B777C4A4A4A8B4A5E6EB265CB1686A720D9ED47150020880388B95DCD8E62AF333C05C9E02EED9756F25AC8CA58AA0800411C40CCF8C352FAEC22886B784A0B6A0B09EEFE2A5EDB64E570AA08405D4BA30A80C4D1A64D9BDE76D3DEC276598AA968190D5B292A2AEA657727516348405AAFBBB8F0E5DF2BA2D9848EAFE27500208803D87DA9A9A9E7FB613BA5AAE5ECE5CB08E24850E7FAB73A29B9A595E551AFBF6B25D74A095505A0CEB7DB54019050B2ABB3505959591F7F180B900CEE0CDC7FC44ABA9519540B0082388098F8D5AF7EA5B1E1FB5667590D4FD96FBFFD2EA6D69004465A9913783CC14A532B4F513500EA1A3D624082B0707DCC6E2EDF955A438253CFF765153CAF293C5FA07A0010C401C4C4B871E386D8CD90E073D9D9D9835DF8B0FC5D39393983A92524114D5198E7C2276EAE8C7AADA1E3644D0004710000626EB69537ACFCD985E713EF14F5FA2FA922000471000062AF7BE0FE3D56E647BDFEB20B9FB4F901550580200E0040CD985FC1739CA80C202E306B0A0020D9B4A30A00C4037AC4010089A889155DE02ABA475C27712E71E10B5A9D4B3501A84BF488030012C96D56065A2974E12B68A6FBC1FB7AFFF6612B475A3984AA02401007002076465BE9E0DF5F1E2891C76F5A79CF317D218038C0D0140040A279C0CA575636079E3BDACAE156F2AD3C4A10074010070020F60EB372BC957DFDC70B5CF852F791AB6C6AFCF826AA09405D63680A0020D1E804CD0D55BCDED4CACD541380BA468F3800209114FB452763E6B8F02C29DBAC34B632D35F6684956154150082380000B1B3CABF55AFF851563A5AC98B5AE6063FAC0300411C008018FAA795F6567E69E53B2BB302AFE904CE53A9220004710000624B57CDFC870B9FA0292F591910B58C6654398CAA0240100700207696473D7EB882657E4635018807CC9A0200486433AA11D60180200E00C05EEA67E527153CFF819577A81E00F184A12900804432CE4A97A8E73466FC312B63A91E00047100006A47772B93ACBC4D550088370C4D010024B2B6847000F18A1E710040A279CBCA402B5DAD7CE2DF06A5FADBBF2FA82A0075891E710040A2B9D8CA792E7C29FB7DFCD01D29E956B2AC64504D00EA1A3DE20080445368E5CF56EE74E1F1E14F599940B5008837F48803001255A995B3AC1C6AA53FD50180200E0040EDBADF4A53C765ED0110C40100A851AD2B786E9895DE540D008238000035E7934A9E7F82AA0140100700A0E66808CA0951CF9D14B8AF195598BA1000411C008018FBCACA0A2B475BF9A5FFDC50179E5B3CD34A1F2B47504D0008E20000C4564BFF7686956E561EB3729C954E56C65BF9035504201E308F38002091DC6765AB957556E65BB9CBCAB9565E76E10BFD28846BE8CA57541580BA468F38002091FCC50FDFBA904F172BB759F9AD1FC21FB4F24FFF310010C4010088A1907FAB10AE59521EB1D2D67FEE562B6758B9DECAAFA92A0004710000626F899583AD145B29F08379C8BF2F4BA92200758D31E2008044D2D30FE191F0ADC7FF63A5C84A3B2B8BFCDB2FA92A000471000062E70A2BE3AC94BAF098F04E56BEB77287FFBA8E0477B072A50B8F1B5F43950120880300B0F78227626ADEF005569A58B9D685675219EEBFF602550580200E0040CD58E0DF16BAF0057D0020AE70B2260000004010070060AFE968EF48AA01407DF8B102002091E844CD97AC9CE5C2F3868F75E18EA7547FBBF73E5504201ED0230E004844BA84FD5B56F6B192EB3FA7D9538AA91A00F1821E710040A25B65A5A97FDB88EA0040100700A066E88A9ABA8AE601FEE3965145B3A8A4FAC11C0008E20000C4C0132E3C4778BB40D0EEEAC257D94C77E10BFC3476E11EF2CF1C17F4014010070020262217F451F0D63CE25759F9C8CA0AFFF1322B7954138078C0C99A000000401DA0471C009088221D4D1A2F3E33F0BC7AC4CFA57A0010C40100A819E7B9F0F09413A90A00047100006ACFC354018078C7187100000080200E00000010C40100000010C401000000823800000000823800000040100700000040100700000008E20000000008E200000000411C000000208803000000208803000000047100000000047100000080200E00000080200E00000010C40100000010C401000000823800000040100700000040100700000008E200000000F65A1A550024853BB3B3B3A905A09AED852A0040100740B8000000000000000000000000000000000000000000000000000000000000000000000000000000000000000000000000000000000000000000000000000000000000000000000000000000000000000000000000000000000000000000000000000000000000000000000000000000000000000000000000000000000000000000000000000000000000000000000000000000000000000000000000000000000000000000000000000000000000000000000000000000000000000000000000000000000000000000000000000000000000000000F5CBFF03C7C6C9711B3059700000000049454E44AE426082, NULL),('5', 1, 'metaInfo', '4', 0x7B226E616D65223A22E6B58BE8AF95E8AEA2E58D95E5AEA1E6A0B8222C226465736372697074696F6E223A22E6B58BE8AF95222C227265766973696F6E223A312C22696E697453716C223A22222C226265666F7265417069223A6E756C6C2C226166746572417069223A6E756C6C2C227461626C654E616D65223A22746573745F6F72646572222C227374617475734669656C64223A22746573745F6F726465725F737461747573222C22737461747573446963223A22746573744F72646572537461747573222C2276696577466F726D223A22746573744F7264657256696577227D, 0),('5007', 1, 'metaInfo', '5006', 0x7B226E616D65223A22E6B58BE8AF95E8AEA2E58D95E5AEA1E6A0B8222C226465736372697074696F6E223A22E6B58BE8AF95222C227265766973696F6E223A312C22696E697453716C223A22222C226265666F7265417069223A6E756C6C2C226166746572417069223A6E756C6C2C227461626C654E616D65223A22746573745F6F72646572222C227374617475734669656C64223A22746573745F6F726465725F737461747573222C22737461747573446963223A22746573744F72646572537461747573222C2276696577466F726D223A22746573744F7264657256696577227D, 0),('5008', 1, '测试订单审核.bpmn20.xml', '5006', 0x3C3F786D6C2076657273696F6E3D22312E302220656E636F64696E673D225554462D38223F3E0A3C646566696E6974696F6E7320786D6C6E733D22687474703A2F2F7777772E6F6D672E6F72672F737065632F42504D4E2F32303130303532342F4D4F44454C2220786D6C6E733A7873693D22687474703A2F2F7777772E77332E6F72672F323030312F584D4C536368656D612D696E7374616E63652220786D6C6E733A7873643D22687474703A2F2F7777772E77332E6F72672F323030312F584D4C536368656D612220786D6C6E733A61637469766974693D22687474703A2F2F61637469766974692E6F72672F62706D6E2220786D6C6E733A62706D6E64693D22687474703A2F2F7777772E6F6D672E6F72672F737065632F42504D4E2F32303130303532342F44492220786D6C6E733A6F6D6764633D22687474703A2F2F7777772E6F6D672E6F72672F737065632F44442F32303130303532342F44432220786D6C6E733A6F6D6764693D22687474703A2F2F7777772E6F6D672E6F72672F737065632F44442F32303130303532342F44492220747970654C616E67756167653D22687474703A2F2F7777772E77332E6F72672F323030312F584D4C536368656D61222065787072657373696F6E4C616E67756167653D22687474703A2F2F7777772E77332E6F72672F313939392F585061746822207461726765744E616D6573706163653D22687474703A2F2F7777772E61637469766974692E6F72672F70726F63657373646566223E0A20203C70726F636573732069643D22746573744F7264657222206E616D653D22E6B58BE8AF95E8AEA2E58D95E5AEA1E6A0B82220697345786563757461626C653D2274727565223E0A202020203C646F63756D656E746174696F6E3EE6B58BE8AF953C2F646F63756D656E746174696F6E3E0A202020203C73746172744576656E742069643D227369642D37443230303942322D374244432D343234322D414430372D42343146383643433631413722206E616D653D22E5BC80E5A78B223E3C2F73746172744576656E743E0A202020203C757365725461736B2069643D227369642D39464231353733442D324333412D344530452D413332342D41464645363146463033303622206E616D653D22E5AEA2E688B7E7BB8FE79086E4B88BE58D95223E0A2020202020203C646F63756D656E746174696F6E3E313C2F646F63756D656E746174696F6E3E0A202020203C2F757365725461736B3E0A202020203C757365725461736B2069643D227369642D41413630453445302D433544432D343038362D413937312D42464335353639393130453722206E616D653D22E8AEBEE8AEA1E5B888E5AEA1E6A0B8223E0A2020202020203C646F63756D656E746174696F6E3E323C2F646F63756D656E746174696F6E3E0A202020203C2F757365725461736B3E0A202020203C656E644576656E742069643D227369642D36373343353539352D434445322D343341332D393333312D41324338364338383033393322206E616D653D22E7BB93E69D9F223E3C2F656E644576656E743E0A202020203C73657175656E6365466C6F772069643D227369642D33444445383234312D443742412D344535332D423931332D4144364645393838353544382220736F757263655265663D227369642D37443230303942322D374244432D343234322D414430372D42343146383643433631413722207461726765745265663D227369642D39464231353733442D324333412D344530452D413332342D414646453631464630333036223E3C2F73657175656E6365466C6F773E0A202020203C73657175656E6365466C6F772069643D227369642D42303036383341332D433846392D343638432D424346462D41394436443536433946324522206E616D653D22E68F90E4BAA42220736F757263655265663D227369642D39464231353733442D324333412D344530452D413332342D41464645363146463033303622207461726765745265663D227369642D41413630453445302D433544432D343038362D413937312D424643353536393931304537223E0A2020202020203C646F63756D656E746174696F6E3E323C2F646F63756D656E746174696F6E3E0A202020203C2F73657175656E6365466C6F773E0A202020203C73657175656E6365466C6F772069643D227369642D41394143363346322D323146412D343643412D413032342D35464332393233424641343722206E616D653D22E5AEA1E6A0B8E9809AE8BF872220736F757263655265663D227369642D41413630453445302D433544432D343038362D413937312D42464335353639393130453722207461726765745265663D227369642D36373343353539352D434445322D343341332D393333312D413243383643383830333933223E0A2020202020203C646F63756D656E746174696F6E3E333C2F646F63756D656E746174696F6E3E0A2020202020203C636F6E646974696F6E45787072657373696F6E207873693A747970653D2274466F726D616C45787072657373696F6E223E3C215B43444154415B247B726573756C743D3D337D5D5D3E3C2F636F6E646974696F6E45787072657373696F6E3E0A202020203C2F73657175656E6365466C6F773E0A202020203C73657175656E6365466C6F772069643D227369642D39343633334236392D313743372D343546302D384343352D31363238363638333044383122206E616D653D22E5AEA1E6A0B8E4B88DE9809AE8BF872220736F757263655265663D227369642D41413630453445302D433544432D343038362D413937312D42464335353639393130453722207461726765745265663D227369642D39464231353733442D324333412D344530452D413332342D414646453631464630333036223E0A2020202020203C646F63756D656E746174696F6E3E313C2F646F63756D656E746174696F6E3E0A2020202020203C636F6E646974696F6E45787072657373696F6E207873693A747970653D2274466F726D616C45787072657373696F6E223E3C215B43444154415B247B726573756C743D3D317D5D5D3E3C2F636F6E646974696F6E45787072657373696F6E3E0A202020203C2F73657175656E6365466C6F773E0A20203C2F70726F636573733E0A20203C62706D6E64693A42504D4E4469616772616D2069643D2242504D4E4469616772616D5F746573744F72646572223E0A202020203C62706D6E64693A42504D4E506C616E652062706D6E456C656D656E743D22746573744F72646572222069643D2242504D4E506C616E655F746573744F72646572223E0A2020202020203C62706D6E64693A42504D4E53686170652062706D6E456C656D656E743D227369642D37443230303942322D374244432D343234322D414430372D423431463836434336314137222069643D2242504D4E53686170655F7369642D37443230303942322D374244432D343234322D414430372D423431463836434336314137223E0A20202020202020203C6F6D6764633A426F756E6473206865696768743D2233302E30222077696474683D2233302E302220783D2236302E302220793D223132312E30223E3C2F6F6D6764633A426F756E64733E0A2020202020203C2F62706D6E64693A42504D4E53686170653E0A2020202020203C62706D6E64693A42504D4E53686170652062706D6E456C656D656E743D227369642D39464231353733442D324333412D344530452D413332342D414646453631464630333036222069643D2242504D4E53686170655F7369642D39464231353733442D324333412D344530452D413332342D414646453631464630333036223E0A20202020202020203C6F6D6764633A426F756E6473206865696768743D2238302E30222077696474683D223130302E302220783D223139392E352220793D2239362E30223E3C2F6F6D6764633A426F756E64733E0A2020202020203C2F62706D6E64693A42504D4E53686170653E0A2020202020203C62706D6E64693A42504D4E53686170652062706D6E456C656D656E743D227369642D41413630453445302D433544432D343038362D413937312D424643353536393931304537222069643D2242504D4E53686170655F7369642D41413630453445302D433544432D343038362D413937312D424643353536393931304537223E0A20202020202020203C6F6D6764633A426F756E6473206865696768743D2238302E30222077696474683D223130302E302220783D223430352E302220793D2239362E30223E3C2F6F6D6764633A426F756E64733E0A2020202020203C2F62706D6E64693A42504D4E53686170653E0A2020202020203C62706D6E64693A42504D4E53686170652062706D6E456C656D656E743D227369642D36373343353539352D434445322D343341332D393333312D413243383643383830333933222069643D2242504D4E53686170655F7369642D36373343353539352D434445322D343341332D393333312D413243383643383830333933223E0A20202020202020203C6F6D6764633A426F756E6473206865696768743D2232382E30222077696474683D2232382E302220783D223636302E302220793D223132322E30223E3C2F6F6D6764633A426F756E64733E0A2020202020203C2F62706D6E64693A42504D4E53686170653E0A2020202020203C62706D6E64693A42504D4E456467652062706D6E456C656D656E743D227369642D33444445383234312D443742412D344535332D423931332D414436464539383835354438222069643D2242504D4E456467655F7369642D33444445383234312D443742412D344535332D423931332D414436464539383835354438223E0A20202020202020203C6F6D6764693A776179706F696E7420783D2239302E302220793D223133362E30223E3C2F6F6D6764693A776179706F696E743E0A20202020202020203C6F6D6764693A776179706F696E7420783D223139392E352220793D223133362E30223E3C2F6F6D6764693A776179706F696E743E0A2020202020203C2F62706D6E64693A42504D4E456467653E0A2020202020203C62706D6E64693A42504D4E456467652062706D6E456C656D656E743D227369642D41394143363346322D323146412D343643412D413032342D354643323932334246413437222069643D2242504D4E456467655F7369642D41394143363346322D323146412D343643412D413032342D354643323932334246413437223E0A20202020202020203C6F6D6764693A776179706F696E7420783D223530352E302220793D223133362E30223E3C2F6F6D6764693A776179706F696E743E0A20202020202020203C6F6D6764693A776179706F696E7420783D223636302E302220793D223133362E30223E3C2F6F6D6764693A776179706F696E743E0A2020202020203C2F62706D6E64693A42504D4E456467653E0A2020202020203C62706D6E64693A42504D4E456467652062706D6E456C656D656E743D227369642D39343633334236392D313743372D343546302D384343352D313632383636383330443831222069643D2242504D4E456467655F7369642D39343633334236392D313743372D343546302D384343352D313632383636383330443831223E0A20202020202020203C6F6D6764693A776179706F696E7420783D223435352E302220793D223137362E30223E3C2F6F6D6764693A776179706F696E743E0A20202020202020203C6F6D6764693A776179706F696E7420783D223435352E302220793D223236372E30223E3C2F6F6D6764693A776179706F696E743E0A20202020202020203C6F6D6764693A776179706F696E7420783D223234392E352220793D223236372E30223E3C2F6F6D6764693A776179706F696E743E0A20202020202020203C6F6D6764693A776179706F696E7420783D223234392E352220793D223137362E30223E3C2F6F6D6764693A776179706F696E743E0A2020202020203C2F62706D6E64693A42504D4E456467653E0A2020202020203C62706D6E64693A42504D4E456467652062706D6E456C656D656E743D227369642D42303036383341332D433846392D343638432D424346462D413944364435364339463245222069643D2242504D4E456467655F7369642D42303036383341332D433846392D343638432D424346462D413944364435364339463245223E0A20202020202020203C6F6D6764693A776179706F696E7420783D223239392E352220793D223133362E30223E3C2F6F6D6764693A776179706F696E743E0A20202020202020203C6F6D6764693A776179706F696E7420783D223430352E302220793D223133362E30223E3C2F6F6D6764693A776179706F696E743E0A2020202020203C2F62706D6E64693A42504D4E456467653E0A202020203C2F62706D6E64693A42504D4E506C616E653E0A20203C2F62706D6E64693A42504D4E4469616772616D3E0A3C2F646566696E6974696F6E733E, 0),('5009', 1, '测试订单审核.testOrder.png', '5006', 0x89504E470D0A1A0A0000000D49484452000002BA0000011508060000000F5F46BF000010B84944415478DAEDDD5D4C9D759E07702FBCF0622FE6622FE6622F4C66929D642FE6662EE6622F9ABD9A0B27EB8584C2417B8206D4BE58E89A98DA8A6F44B431CD309B28D96E26CE74864E4C435DEC8A422B6D2D6DDAAD51A6A6B1EDD25AA0A5380AB59503A5F0ECF367399323E59D033CA77C3EC92FCE40ABE6E17CFDFECED3E73CCF7DF70100000000000000000000000000000000000000000000000000000000000000000000000000000000000000000000000000000000000000000000000000000000000000000000000000000000000000000000000000000000000000000000000000000000000000000000000000000000000000000000000000000000000000000000000000000000000000000000000000000000000000000000000000000000000000000000000000000000000000000000000000000000000000000000000000000000000000000000000000000000000000000000000000000000000000000000000000000000000000000000000000000000000000000000000000000000000000C03289A2E8FEAEAEAE774F9E3C3976E8D0A1A8B5B5D5ACF0B4B5B545478F1EFD6B3C655E917263E406803C09657DECD8B1A8BFBF3F1A191931AB345F7FFD7574E4C8911B71793FE2552937466E00C88370464A5927A6B4475A5B5BCF7955CA8D911B00F220FCB1ABB24CCEC4853DEA552937466E00C88370AD9BA24C5461475E957263E40680152CEC5B83D7A2AED3BF8BBE687B7962C2FF0E5F53B20A5B6EE4466E0028D8C2BE39D01B9DFD7067F4F9C1677F30E16BE17B8A5661CB8DDCC80D000559D8DD5FFCD75D659D9D9E2F9A15ADC2961BB9911B000AB3B0CF7DFCFA8C851DBEA76815B6DCC88DDC005090857DB6F5C5190B3B7C4FD12A6CB9911BB90140611B852D377223370024A5B0C3A7C5672AECF03D45ABB0E5466EE40680822CEC0BC7FF7DC6C20EDF53B40A5B6EE4466E0028C8C2FEA6B7333AFB51CDDD7FFC1A7F2D7C4FD12A6CB9911BB901A0200B3BCCA5FFF9FD5D851DBEA66415B6DCC88DDC0050B8853D3C1C5DE878EBEE3F7E8DBF16BEA76815B6DCC88DDC005070851D9EE074FEF86F67BCD6307CCF539E14B6DCC88DDC005038853D3C1C5DBB7038FA4BCBF619CB3A3BE1D7845FEB2C95C2961BB9911B00125DD8739D8D72964A61CB8DDCC80D000559D8F3391B35DB592AC5ABB0E5466EE406804416F662CB3A3B8A5761CB8DDCC80D00892C6CA3B0911BB90140611B852D37466E0050D84661CB8D911B0014B6C2466E8CDC008B1345D1039D9D9D95EFBCF3CE91BABABA1B5BB66C194DA7D3D1FAF5EBA3B2B2B2F1A79E7A6AE4F9E79FEF7AFDF5D7F7C6F38F8E98C2360A1BB9911B985D2A95FA87E2E2E24DF13EF56E3C17E2B91976AB7832F15C8ABFD714FFF5DFC2AF73B49669C1DDBF7FFFEF5F79E595D1AD5BB7460D0D0DD1C99327A3DEDEDE2893C94441F86B7F7F7F74E6CC99285E84A3679E7966BCAAAAEA724545C5138EA0C2360A5B6EE4466EE0874A4A4A1E8EA7359E91C9C5763EF371FCEBCB1CBD3C8917DAF2575F7D75F8D9679F9D5862EFDCB913CDD7679F7D163DF7DC73772A2B2BCF151515FDD4D154D84661CB8D911BD6BA78597D305E565B16B0DC4E37C7EC564B3B8B7BFF7BEFBD77F8C9279F8C9A9B9B17B4E04ED5D2D2129597970F39BBABB08DC2961B2337AC65C5C5C5EB4B4B4BBFCD5D5A53A954F4DA6BAF45870F1F8EAE5CB9127DF7DD7713FBD3F7DF7F3FF1A7E7C78F1F8F76EFDE1D3DFAE8A35397DD9BCEEE2E72C96D6F6F3FB579F3E6E8FCF9F3513E5CBE7C398A97E6A1279E7862A323ACB08DC2961B2337ACC125F7A17831BD93BBE0EEDDBB77E2D2CFF918181898F8F5E1F7E52EBCF1DFD389C485086772C3923BDF033F5FE1EF575151E1DD87C2360A5B6E8CDCB0E6CEE4E62EB9D5D5D513676F1723FCBE7049E99465D76E351FE19ADC70B942BECEE44E7766F7B1C71E1B887F203F73B415B651D87263E4867B5DB82637F772859A9A9ABF5D9EB058E1B286DADADAA99731D8AD6613EEAEF0F2CB2F8F846B7297D3C183078752A9D409475C611B852D37466EB8D7C54B6E5BEE99DCA52EB9B9CBEE9433BBC71CED59343535FD311CB0DBB76F47CBEDE9A79FEE739A5D611B852D37466EB897855B88E55E93BBD8CB1566BB8C21F79A5DBBD52C6773C37D72C32DC456C2E79F7F3EE2ACAEC2360A5B6E4C1273B36EDDBAFBBD6AC9D3A2DB9A5D42C307C996436363A3B3BA73094F3C0B1F405BCA6DC416AABCBCBC2F5CB7E2E8272B90F1FCB3C2B6E892BFCCC84DE1E426AEA61FF7F4F49C08B773DAB163C7360B2F4BC97E789259F60368E1ACEB37DF7CB32CFB54B81BC3945B8FD9ADA60A8FF5DDB3674FB49276EFDEFD5978A49DA39F1C397FF4D15A5C5CFC4B856DD165E999919BC2C8CD952B5776663299D16C470D0F0FDFDEB76FDF858D1B37FE93573A8BC9FEE4637D277EDD1B6FBCB1DC3B55EEA26BB79AAAAEAEEE4678ACEF4AEAE8E8B81CFF309A1DFDE40537673E98FA8E55615B74595866E426D9B9B975EBD6CFAF5FBF7E79A6AEBA74E95226EEC8B7D3E9F4035EF12C24FBF1D7DECD7EBFBDBD7D5977AAF0A71039FF2E76ABA9B66CD9327AEDDAB5155D74FBFAFAFAE31F46B7A39FE8E0FEED1D6B36C00ADBA2CBC2322337C9CC4DF86C4A7777F71FC6C6C6C6E7EAABF1F1F1B1969696BF565555FDDAAB9EF9663FFEFF17B25FCFF787D0A60A4F50CBF9F7B05B4D15BF538D3299CC8A2EBAE19F17FF30328E7EF2839BFB8E55615B74595866C21F6BCA4DB2E6D4A953D1E0E0E08D455C0B39FCD65B6F1D8A1799BFF7EA97FDB9B21FCF50F6FFE7EB9662B3DD6A2CE79F6DB79AEE07B61AE6F14231091B859DBC45D7EB526ECCFC279CF9AAAFAF9FF800CF623EF4137EAFD7B459E8ACF44E65B39D62C3860DE32B7D46776868A8CFBB8E8279877A3A3CA33B7C0259613BA3CBC232E3D285E4CD810307C223E9DFEFE8E8B8363E3E3EAFDB0D0D0E0EFEA9B2B2F2E3F8E7DAE453EDCC27FBE16965CEE826C4E6CD9B4756FA1ADDAB57AF7EE93A92C407F70765BD1A851DFF23A79D42F9BE45576692B0E8AEF59CCC949B7033FF975E7AA97B6060A07F96EB73CF363434FC47B8DE32FC7AAF7AE69B7DD7E826C8CE9D3B2FACF45D173EFCF0C3FFF6C9C0C406F744F80FFA74F7905C8D4577B6AF25FDFB165D9949CAA2BB9673325B6E8A8A8AFE2E954AFD66FFFEFDFD63636343B91F25B978F1E2DBF1F7CEC60BCCEE743AFD23AF7816927D775D48905DBB76ED59E9FBE8D6D4D41C74AFB7C40577DAB351165D8B2E8BCF8C4537D98B6ECECFF2175555559D5D5D5DBD43434347B66FDFFEE7B0C484AF7BA5B398ECBB8F6E82ECD8B1E3279B366D1A5BC127A3654A4B4BFFD7754E85C7A26BD125F9B9B1E82E2E376169292929D93A799BA8AD9E8CC6528427A3C5AFA5D19578325A5959D9B827A3CDA1BABAFAE299336756EAB285BD9EC7ACB02DBA165DB991A3247E88D3824BBE84FBEA6617D0BD7BF72ECB4ED5D8D8987B36D76E3593C71F7FBC68DBB66DA32B705677A0B4B4F4D3F8875FE6A82B6C8BAE45576EE4C8DD4AB88717DD87B34B6838AB9BEF0FA585BF5FBC538DE73CB0C26E359BCACACACEE6E6E665DD72C3F5C0E11D8777CC0ADBA2ABB0E5468E2CBADCEBE29DE7E3EC225A5D5D9DB75B8D855B8A6DDBB6ED4EEED95CBBD5DC3F8C07CBCBCB87CE9F3FBF2C4B6E6767E77BF13FE35AFC8EE3678EB6C2767B31852D377264D1652DEC56F17C9D5D486B6A6A96BCEC8625B7B6B636F7BADC9B76AB792A2B2B4B5556567EDFDFDF9FD725B7A7A7E793D2D2D2AF9C5657D84661CB8D911BD692E2E2E2F5D90FA665CFEC2EF63286F0FBA69CC975C9C242A552A9F28A8A8A9BF93AB31BCEE4862537FE413FE7E82A6CA3B0E5C6C80D6BF0CC6E3A77D90DD7EC860FA8CDF771D4E1D7850F9EE55E931BC66EB584771F656565370E1C38706B091F501B78F3CD377F172E57083F604755611B852D37466E58CBBB553C03B98B6A5878C37D76C34325C2D9DAEC650DE1F284F0C4B3F03088FAFAFA68C3860D63539EC676D36EB5F4771F0FC6EF1C0E555656F67DFAE9A7430BB94FEE471F7DD4182FCAA7C3C5D1AE1B51D84661CB8DD7ABDCC0FFEF56B9B71D5BE4D8ADF2FC4379242CBCE974BABFAEAEEE8B4F3EF9E4ABF85DC6B54C2633B1D50E0D0DF55DBD7AF5CBB6B6B6F75F7CF1C50FE277275DE18710DE69F804A0C2360A5B6EE4466EE0EEDD6A72E11D5DC8826BB75A46E1291F934F8D09CF6FBE144F66F2C087BF7687E72B8747CF792A87C2360A1BB9911BB05B81C2360A5B6E8CDC00A0B08DC2961B233700286C858DDC18B90140612B6CE4466E0050D846612337720380C2360A5B6EE4466E0050D84661CB8D911B0014B651D87263E4060085ADB0911B233700286C858DDCC80D000ADB286CE4466E0050D84661CB8D911B0014B651D87263E4060085ADB0911B233700286C858DDCC80D00286C858DDCC80D000ADB286CE4466E0050D84661CB8D911B0014B651D87263E4060085ADB0911B233700286C858DDCC80D00DC77DFA14387146572261317F6A857A5DC18B901200F8E1E3D7AADBFBF5F5926607A7B7BF7C5857DCEAB526E8CDC009007870F1FFED7F6F6F6C1EBD7AF0F29CDD53B2315CABAADADEDAB781EF1AA949B155C12E506807B5B5C120FB5B6B69E0E7FFC17AE752BB4696C6C8CD6AF5F1F15E2BFFBE484E37E4E59CBCD4ACEA953A7A2FAFAFAA8A9A9496E0020A9E225B7392CBAEBD6ADBBDFD180B94551F4C0B7DF7E3B108B2A2A2ADE77440020818A8B8B7F192FB9A361D12D2929F995230273EBEEEEFE4334A9A3A3A337CECEC38E0A00246FD16D0A4BEEE49C76446076B76EDDFAF9D8D8D87894A3B6B6B63B9D4EFFC8D10180848817DB5F64CFE666275E7C1F726460667D7D7D5DD1148383837DA954EA378E0E002467D16DCE5D72B367755DAB0BD3BB72E5CACE68064D4D4D7DE1CDA3A30400ABBFE4DE7536373BAE3784BBC5BBEC8F8787876FCFB4E88E8F8F8F545555757AA30800ABBFE87E30DD923B39271C21F8A19E9E9E13D11CBABABABAE3378A5B1D2D0058BD2577C6B3B9AED585E91D3F7E7CAE3D37CA6432ED213FE974FA01470C005667D16D9E6DC9750706B8DB0B2FBCB071B64B17C29EBB7DFBF63F3BA30B00C95B7E23470166B76FDFBE2F67DA722F5EBCF876B8ECC735BA0060D18582535454F4D378A1CD4CF341B4B3A954EAACBB2E008045170AD6AE5DBB7E1B2FB663B98BEE9E3D7BFEB3B8B878B7A30300165D2858E1D284969696FE9C8745FC29CECF054F4603008B2E14BC4D9B36FDCBC0C0C0703C514545459B7B4F03804517EE190D0D0D1FD4D7D7875BF135391A0060D1857B46B85421E4267C40CDD100008B2EC80D00A0B0416E0000850D720300286C901B0050D880DC0080C206B901001436C80D00A0B0416E0000850D720300286C901B0050D880DC0080C206B901001436C80D00A0B0416E0000850D7203000ADB5100B90100850DC80D00286C901B00406183DC00000A1BE4060050D8203700A0B001B90100850D720300286C901B00406183DC00000A1BE4060050D8203700A0B001B90100850D720300286C901B00406183DC00000A1BE4060050D8203700A0B001B90100850D720300286C901B00406183DC00000A1BE406001436203700A0B0416EE406001436C80D00A0B0416E0000850D720300286C901B0050D880DC0080C206B901001436C80D00A0B0416E0000850D720300286C901B0050D880DC0080C206B901001436C80D00A0B0416E0000850D720300286C901B0050D880DC0080C206B901001436C80D00A0B0416E0000850D7203000A1B901B0050D820370080C206B901001436C80D00A0B0416E0000850D7203000A1B901B0050D820370080C206B901001436C80D00A0B0416E0000850D7203000A1B901B0028D0C236C62C7CFCD7030000000000000000000000000000000000000000000000006081FE0F2A1E6D3F908DF1BB0000000049454E44AE426082, 1),('5017', 1, 'hist.var-createTime', NULL, 0xACED00057372000D6A6176612E74696D652E536572955D84BA1B2248B20C00007870770A05000007E603041121CA78, NULL),('6', 1, '测试订单审核.bpmn20.xml', '4', 0x3C3F786D6C2076657273696F6E3D22312E302220656E636F64696E673D225554462D38223F3E0A3C646566696E6974696F6E7320786D6C6E733D22687474703A2F2F7777772E6F6D672E6F72672F737065632F42504D4E2F32303130303532342F4D4F44454C2220786D6C6E733A7873693D22687474703A2F2F7777772E77332E6F72672F323030312F584D4C536368656D612D696E7374616E63652220786D6C6E733A7873643D22687474703A2F2F7777772E77332E6F72672F323030312F584D4C536368656D612220786D6C6E733A61637469766974693D22687474703A2F2F61637469766974692E6F72672F62706D6E2220786D6C6E733A62706D6E64693D22687474703A2F2F7777772E6F6D672E6F72672F737065632F42504D4E2F32303130303532342F44492220786D6C6E733A6F6D6764633D22687474703A2F2F7777772E6F6D672E6F72672F737065632F44442F32303130303532342F44432220786D6C6E733A6F6D6764693D22687474703A2F2F7777772E6F6D672E6F72672F737065632F44442F32303130303532342F44492220747970654C616E67756167653D22687474703A2F2F7777772E77332E6F72672F323030312F584D4C536368656D61222065787072657373696F6E4C616E67756167653D22687474703A2F2F7777772E77332E6F72672F313939392F585061746822207461726765744E616D6573706163653D22687474703A2F2F7777772E61637469766974692E6F72672F70726F63657373646566223E0A20203C70726F636573732069643D22746573744F7264657222206E616D653D22E6B58BE8AF95E8AEA2E58D95E5AEA1E6A0B82220697345786563757461626C653D2274727565223E0A202020203C646F63756D656E746174696F6E3EE6B58BE8AF953C2F646F63756D656E746174696F6E3E0A202020203C73746172744576656E742069643D227369642D37443230303942322D374244432D343234322D414430372D42343146383643433631413722206E616D653D22E5BC80E5A78B223E3C2F73746172744576656E743E0A202020203C757365725461736B2069643D227369642D39464231353733442D324333412D344530452D413332342D41464645363146463033303622206E616D653D22E5AEA2E688B7E7BB8FE79086E4B88BE58D95223E0A2020202020203C646F63756D656E746174696F6E3E313C2F646F63756D656E746174696F6E3E0A202020203C2F757365725461736B3E0A202020203C757365725461736B2069643D227369642D41413630453445302D433544432D343038362D413937312D42464335353639393130453722206E616D653D22E8AEBEE8AEA1E5B888E5AEA1E6A0B8223E0A2020202020203C646F63756D656E746174696F6E3E323C2F646F63756D656E746174696F6E3E0A202020203C2F757365725461736B3E0A202020203C656E644576656E742069643D227369642D36373343353539352D434445322D343341332D393333312D41324338364338383033393322206E616D653D22E7BB93E69D9F223E3C2F656E644576656E743E0A202020203C73657175656E6365466C6F772069643D227369642D33444445383234312D443742412D344535332D423931332D4144364645393838353544382220736F757263655265663D227369642D37443230303942322D374244432D343234322D414430372D42343146383643433631413722207461726765745265663D227369642D39464231353733442D324333412D344530452D413332342D414646453631464630333036223E3C2F73657175656E6365466C6F773E0A202020203C73657175656E6365466C6F772069643D227369642D39343633334236392D313743372D343546302D384343352D31363238363638333044383122206E616D653D22E5AEA1E6A0B8E4B88DE9809AE8BF872220736F757263655265663D227369642D41413630453445302D433544432D343038362D413937312D42464335353639393130453722207461726765745265663D227369642D39464231353733442D324333412D344530452D413332342D414646453631464630333036223E0A2020202020203C646F63756D656E746174696F6E3E313C2F646F63756D656E746174696F6E3E0A202020203C2F73657175656E6365466C6F773E0A202020203C73657175656E6365466C6F772069643D227369642D42303036383341332D433846392D343638432D424346462D41394436443536433946324522206E616D653D22E68F90E4BAA42220736F757263655265663D227369642D39464231353733442D324333412D344530452D413332342D41464645363146463033303622207461726765745265663D227369642D41413630453445302D433544432D343038362D413937312D424643353536393931304537223E0A2020202020203C646F63756D656E746174696F6E3E323C2F646F63756D656E746174696F6E3E0A202020203C2F73657175656E6365466C6F773E0A202020203C73657175656E6365466C6F772069643D227369642D41394143363346322D323146412D343643412D413032342D35464332393233424641343722206E616D653D22E5AEA1E6A0B8E9809AE8BF872220736F757263655265663D227369642D41413630453445302D433544432D343038362D413937312D42464335353639393130453722207461726765745265663D227369642D36373343353539352D434445322D343341332D393333312D413243383643383830333933223E0A2020202020203C646F63756D656E746174696F6E3E333C2F646F63756D656E746174696F6E3E0A202020203C2F73657175656E6365466C6F773E0A20203C2F70726F636573733E0A20203C62706D6E64693A42504D4E4469616772616D2069643D2242504D4E4469616772616D5F746573744F72646572223E0A202020203C62706D6E64693A42504D4E506C616E652062706D6E456C656D656E743D22746573744F72646572222069643D2242504D4E506C616E655F746573744F72646572223E0A2020202020203C62706D6E64693A42504D4E53686170652062706D6E456C656D656E743D227369642D37443230303942322D374244432D343234322D414430372D423431463836434336314137222069643D2242504D4E53686170655F7369642D37443230303942322D374244432D343234322D414430372D423431463836434336314137223E0A20202020202020203C6F6D6764633A426F756E6473206865696768743D2233302E30222077696474683D2233302E302220783D2236302E302220793D223132312E30223E3C2F6F6D6764633A426F756E64733E0A2020202020203C2F62706D6E64693A42504D4E53686170653E0A2020202020203C62706D6E64693A42504D4E53686170652062706D6E456C656D656E743D227369642D39464231353733442D324333412D344530452D413332342D414646453631464630333036222069643D2242504D4E53686170655F7369642D39464231353733442D324333412D344530452D413332342D414646453631464630333036223E0A20202020202020203C6F6D6764633A426F756E6473206865696768743D2238302E30222077696474683D223130302E302220783D223139392E352220793D2239362E30223E3C2F6F6D6764633A426F756E64733E0A2020202020203C2F62706D6E64693A42504D4E53686170653E0A2020202020203C62706D6E64693A42504D4E53686170652062706D6E456C656D656E743D227369642D41413630453445302D433544432D343038362D413937312D424643353536393931304537222069643D2242504D4E53686170655F7369642D41413630453445302D433544432D343038362D413937312D424643353536393931304537223E0A20202020202020203C6F6D6764633A426F756E6473206865696768743D2238302E30222077696474683D223130302E302220783D223430352E302220793D2239362E30223E3C2F6F6D6764633A426F756E64733E0A2020202020203C2F62706D6E64693A42504D4E53686170653E0A2020202020203C62706D6E64693A42504D4E53686170652062706D6E456C656D656E743D227369642D36373343353539352D434445322D343341332D393333312D413243383643383830333933222069643D2242504D4E53686170655F7369642D36373343353539352D434445322D343341332D393333312D413243383643383830333933223E0A20202020202020203C6F6D6764633A426F756E6473206865696768743D2232382E30222077696474683D2232382E302220783D223636302E302220793D223132322E30223E3C2F6F6D6764633A426F756E64733E0A2020202020203C2F62706D6E64693A42504D4E53686170653E0A2020202020203C62706D6E64693A42504D4E456467652062706D6E456C656D656E743D227369642D33444445383234312D443742412D344535332D423931332D414436464539383835354438222069643D2242504D4E456467655F7369642D33444445383234312D443742412D344535332D423931332D414436464539383835354438223E0A20202020202020203C6F6D6764693A776179706F696E7420783D2239302E302220793D223133362E30223E3C2F6F6D6764693A776179706F696E743E0A20202020202020203C6F6D6764693A776179706F696E7420783D223139392E352220793D223133362E30223E3C2F6F6D6764693A776179706F696E743E0A2020202020203C2F62706D6E64693A42504D4E456467653E0A2020202020203C62706D6E64693A42504D4E456467652062706D6E456C656D656E743D227369642D41394143363346322D323146412D343643412D413032342D354643323932334246413437222069643D2242504D4E456467655F7369642D41394143363346322D323146412D343643412D413032342D354643323932334246413437223E0A20202020202020203C6F6D6764693A776179706F696E7420783D223530352E302220793D223133362E30223E3C2F6F6D6764693A776179706F696E743E0A20202020202020203C6F6D6764693A776179706F696E7420783D223636302E302220793D223133362E30223E3C2F6F6D6764693A776179706F696E743E0A2020202020203C2F62706D6E64693A42504D4E456467653E0A2020202020203C62706D6E64693A42504D4E456467652062706D6E456C656D656E743D227369642D39343633334236392D313743372D343546302D384343352D313632383636383330443831222069643D2242504D4E456467655F7369642D39343633334236392D313743372D343546302D384343352D313632383636383330443831223E0A20202020202020203C6F6D6764693A776179706F696E7420783D223435352E302220793D223137362E30223E3C2F6F6D6764693A776179706F696E743E0A20202020202020203C6F6D6764693A776179706F696E7420783D223435352E302220793D223236372E30223E3C2F6F6D6764693A776179706F696E743E0A20202020202020203C6F6D6764693A776179706F696E7420783D223234392E352220793D223236372E30223E3C2F6F6D6764693A776179706F696E743E0A20202020202020203C6F6D6764693A776179706F696E7420783D223234392E352220793D223137362E30223E3C2F6F6D6764693A776179706F696E743E0A2020202020203C2F62706D6E64693A42504D4E456467653E0A2020202020203C62706D6E64693A42504D4E456467652062706D6E456C656D656E743D227369642D42303036383341332D433846392D343638432D424346462D413944364435364339463245222069643D2242504D4E456467655F7369642D42303036383341332D433846392D343638432D424346462D413944364435364339463245223E0A20202020202020203C6F6D6764693A776179706F696E7420783D223239392E352220793D223133362E30223E3C2F6F6D6764693A776179706F696E743E0A20202020202020203C6F6D6764693A776179706F696E7420783D223430352E302220793D223133362E30223E3C2F6F6D6764693A776179706F696E743E0A2020202020203C2F62706D6E64693A42504D4E456467653E0A202020203C2F62706D6E64693A42504D4E506C616E653E0A20203C2F62706D6E64693A42504D4E4469616772616D3E0A3C2F646566696E6974696F6E733E, 0),('7', 1, '测试订单审核.testOrder.png', '4', 0x89504E470D0A1A0A0000000D49484452000002BA0000011508060000000F5F46BF00000E5A4944415478DAEDDDDF6F95F51D07702EB8D81FB10B932D997FC02EBCD80597BB30D10BC9E98FA33495B4EA00B18C844C49094A2C1A43E2962C262446D3A54B8C41D63181FEB0FC948C41A093106143544A6B19AB88F4508B3CFB7EBB1E733CD0D2D39E9E3EA7E7F54A3E61B6E5479ED3F7DE9FF3F439E759B1020000000000000000000000000000000000000000000000000000000000000000000000000000000000000000000000000000000000000000000000000000000000000000000000000000000000000000000000000000000000000000000000000000000000000000000000000000000000000000000000000000000000000000000000000000000000000000000000000000000000000000000000000000000000000000000000000000000000000000000000000000000000000000000000000000000000000000000000000000000000000000000000000000000000000000000000000000000000000000000000000000000000000000000000000000000000000000164992242B2F5DBAF4DE891327BEEFEBEB4B7A7A7A4C85A7B7B737397CF8F07FC2647D47CA8D911B00CA2496F591234792D1D1D1646262C22CD15CBB762D3974E8D08D50DE4FF8AE941B23370094413C23A5AC5353DA133D3D3DE77D57CA8D911B00CA20FED85559A66742614FFAAE941B2337009441BCD64D51A6AAB013DF957263E406800A16F6B75F0F27974EBE9D9CEBDD3E35F17FC78F2959852D3772233700546D61DF1C1B4A3E39B03539BB6FF38F267E2C7E4ED12A6CB9911BB901A02A0BFBCB737FB9A7ACF373E55CB7A255D87223377203407516F6F98F76CE58D8F1738A5661CB8DDCC80D005559D89FF46C9BB1B0E3E714ADC2961BB9911B0014B651D87223377203405A0A3BBE5A7CA6C28E9F53B40A5B6EE4466E00A8CAC2BE78EC0F331676FC9CA255D87223377203405516F6F5A1C1E49383EDF7FEF8357C2C7E4ED12A6CB9911BB901A02A0B3BCE67FF78F79EC28E1F53B20A5B6EE4466E00A8DEC2BE7D3BB978FC8FF7FEF8357C2C7E4ED12A6CB9911BB901A0EA0A3BDEC1E9C2B1DFCF78AD61FC9CBB3C296CB9911BB901A07A0AFBF6ED64F8627FF2CFFDBF9BB1ACF313BF267EADB3540A5B6EE4466E004875613FE86C94B3540A5B6EE4466E00A8CAC29ECBD9A8D9CE52295E852D3772233700A4B2B0E75BD6F951BC0A5B6EE4466E004865611B858DDCC80D000ADB286CB931720380C2360A5B6E8CDC00A0B015367263E406989F24497E323838D8FACE3BEF1CEAE8E8B8B161C386C9A6A6A6A4AEAE2EC966B3779F7DF6D989175F7CF1D2CE9D3B3BC3FCC21153D8466123377203B36B6C6CFC6926935917F6A9F7C25C0C7333EE566172613E0B9FDB137EFD6DFC3A476B9116DCF7DF7FFFDD975F7E7972E3C68DC95B6FBD959C387122191A1A4A72B95C12C55F4747479353A74E2561114E9E7FFEF9BB2FBCF0C2E5969696B58EA0C2360A5B6EE4466EE0C7EAEBEB1F0FD31366627AB19DCB7C14BE3EEBE8954958689B5F79E595DB9B376F9E5A62EFDCB993CCD5993367922D5BB6DC696D6D3DBF7AF5EA9F3B9A0ADB286CB9317243AD0BCBEA436159DD5FC2727BBF3962B75AD859DC957BF7EEED7FE6996792EEEEEE9216DC62FBF7EF4F9A9B9BC79DDD55D84661CB8D911B6A592693A96B6868F86FE1D2DAD8D898BCFAEAAB497F7F7FF2C5175F24DF7CF3CDD4FE74EBD6ADA99F9E1F3B762CD9B56B57F2E4934F162FBB379DDD9DE7923B3030F0F7F5EBD727172E5C48CAE1F2E5CB49589AC7D7AE5DFB1B4758611B852D37466EA8C125F7D1B098DE295C703B3B3BA72EFD9C8BB1B1B1A9AF8FBFAF70E10D7FA61389A5886772E3923BD7033F57F1CF6B6969F1EC43611B852D37466EA8B933B9854B6E5B5BDBD4D9DBF988BF2F5E525AB4ECDAADE6225E931B2F5728D799DCFB9DD97DEAA9A7C6C203F2B0A3ADB08DC2961B23372C77F19ADCC2CB15DADBDB7FB83C61BEE2650D3B76EC28BE8CC16E359BF8EE0ADBB76F9F88D7E42EA67DFBF68D3736367EEC882B6CA3B0E5C6C80DCB5D58727B0BCFE42E74C92D5C768BCEEC1E71B467B167CF9E3FC503F6DD77DF258BEDB9E79E1B719A5D611B852D37466E58CEE25B88155E933BDFCB1566BB8CA1F09A5DBBD52C6773E3FBE4C6B710AB84B367CF4E38ABABB08DC2961B23372CF345B727BF84C617922D86AEAE2E67751F24DEF12CBE006D216F2356AAE6E6E69178DD8AA39FAE4086F995C256D8942F33722337D466F6E39DCCF22F408B675DAF5FBFBE28FB547C3786A2B71EB35B158BB7F5DDBD7B775249BB76ED3A136F69E7E8A747C18F3E7A3299CC230A5B61B3F0CCC88DDC509BD99FBEADEFD4D7BDF6DA6B8BBD53152EBA76AB621D1D1D37E26D7D2BE9F8F1E397C383D1EDE8A72FB805F361F1335685ADB0292D33722337D466F6C3C7DECB7F7E6060605177AA785389827F8BDDAAD8860D1B268787872BBAE88E8C8C8C8607E34B473FD5C1FDE1196B3EC00A5B61535A66E4466EA8CDEC87FFBE98FF78B95F84562CDE41ADE0DF61B72AD6D4D494E472B98A2EBAF1EF0B0F46CED14F7F700B9FB12A6C854D6999893FD6941BB9A1F6B21F663CFFDFE57A4BB1D9DE6AACE0EFB65BDDEF015B0A73F84631291B859DBEC2F67D2937A6B4F13D692A3D95DEA96CB645D6AC5973B7D26774C7C7C7473CEBA89A67A827E33DBA57AD5AB552613B3345699971E982DC509BD98F772B73463725D6AF5F3F51E96B74AF5EBDFAA9EB48521FDC1F95F5521476F82BEF3BD5F279852D336958746B3D2772C35264DF35BA29B275EBD68B957ED78503070EFCCD2B03531BDC8FE3DD5C8ACB7AA916DDD93E96F6CF2B6C9949CBA25BCB39911B9622FBDE7521455E7FFDF5DD957E1FDDF6F6F67DDEEB2D75C1BDEFD9288BAE4597F967C6A26BD1A536B3EF7D7453E4A5975EFAD9BA75EBBEAFE09DD1720D0D0DFF76F78EEA63D1B5E892FEDC5874E586A517EF8C16F69CC94ADC192D9BCDDE7567B407686B6BFBD7A953A72A75D942A7FB312B6C8BAEC2961B39B2E8B29CC5F7D5CD2FA09D9D9D8BB253757575159ECDB55BCDE4E9A79F5EBD69D3A6C90A9CD51D6B6868381D1EFCACA3AEB02DBA0A5B6EE4C8A2CB325E741FCF2FA1F1AC6EB95F9416FFBCB053DD2DB86185DD6A36ADADAD83DDDDDD8BBAE5C6EB81E3338E075DD386C2B6E82A6CB9B1E8CA0DD52EEC3C1FE517D1B6B6B6B2BDD5587C4BB14D9B36DD293C9B6BB77AF083F1507373F3F8850B171665C91D1C1CDC1BFE8EE1F08CE361475B617B7B31852D377264D1A51676AB30D7F20B697B7BFB8297DDB8E4EED8B1A3F0BADC9B76AB39CA66B38DADADADB7464747CBBAE45EB972E5684343C3E74EAB2B6CA3B0E5C6C80DB52493C9D4E55F98963FB33BDFCB18E2EF2B3A93EB92855235363636B7B4B4DC2CD799DD7826372EB9E181DEE2E82A6CA3B0E5C6C80D357866B7A970D98DD7ECC617A8C5774D98EBBB2BC4179E155E931BC76EB580671FD96CF6C6071F7CF0ED025EA036F6C61B6FBC1D2F57880FB0A3AAB08DC2961B2337D4F26E1566AC70518D0B6F7C9FDD78538978B6367F5943BC3C21DEF12CDE0CE2CD37DF4CD6AC59F37DD1DDD86EDAAD16FEECE3A1F0CCA1AFB5B575E4F4E9D3E3A5BC4FEEC18307BBC2A27C325E1CEDBA11856D14B6DCF87E951BF8FF6E55F8B663F31CBB55991F9427E2C2DBD4D434DAD1D171EEE8D1A39F876719C3B95C6E6AAB1D1F1F1FB97AF5EAA7BDBDBD7FDDB66DDB87E1D9C9A5F820C4671A5E01A8B08DC2961BB9911BB877B79A5E78274B5970ED568B28DEE5233C281BA7EFDFFC5998DCF4818FBF7E19EFAF1C6F3DE7AE1C0ADB286CE4466EC06E050ADB286CB931720380C2360A5B6E8CDC00A0B015367263E4060085ADB0911BB90140611B858DDCC80D000ADB286CB9911BB90140611B852D37466E0050D84661CB8D911B0014B6C2466E8CDC00A0B0153672233700286CA3B0911BB90140611B852D37466E0050D84661CB8D911B0014B6C2466E8CDC00A0B0153672233700A0B0153672233700286CA3B0911BB90140611B852D37466E0050D84661CB8D911B0014B6C2466E8CDC00A0B0153672233700B062455F5F9FA24CCFE442614FFAAE941B23370094C1E1C3878747474795650A666868E8CFA1B0CFFBAE941B23370094417F7FFF630303035F7FF5D557E34A73E9CE48C5B2EEEDEDFD3CCC13BE2BE5C6C80D0065124AE2D19E9E9E93F1C77FF15AB76A9BAEAEAEA4AEAE2EA9C67FFBF4C4E37E5E59CB4DA5476E0020E5425977C7C25EB56AD54A47034ACA8E177101405A6532994742594FC6C2AEAFAFFFB52302165D00582E8BEE9E58D6D373D211018B2E002C8792FE65FE6C6E7EC2E2FBA82303165D00A8F692EE2E5C72F367755DAB0B165D00A8E682BEE76C6E7EEAEBEB1F7784C0A20B00D55AD01FDE6FC99D9E8F1D21B0E802403596F38C67735DAB0B165D00A8E672EE9E6DC9F50E0C60D10500850D720300286C901B00406183DC00000A1BE4060050D8203700A0B001B90100850D720300286C901B00406183DC00000A1BE4060050D8203700A0B001B90100850D720300286C901B00406183DC00000A1BE4060014B6C206B90100850DC80D00286C901B00406183DC00000A1BE4060050D8203700A0B001B90100850D720300286C901B00406183DC00000A1BE4060050D8203700A0B001B90100850D720300286C901B00406183DC00000A1BE4060050D8203700A0B001B90100850D720300286C901B00406183DC00000A1BE406001436203700A0B0416EE406001436C80D00A0B0416E0000850D720300286C901B0050D880DC0080C206B901001436C80D00A0B0416E0000850D720300286C901B0050D880DC0080C206B901001436C80D00A0B0416E0000850D720300286C901B0050D880DC0080C206B901001436C80D00A0B0416E0000850D7203000A1B901B0050D820378E0200286C901B00406183DC00000A1BE4060050D8203700A0B001B90100850D720300286C901B00406183DC00000A1BE4060050D8203700A0B001B90100850D720300286C901B00406183DC00000A1BE4060050D8203700A0B001B901806A2A6C634CE9E3FF3D000000000000000000000000000000000000000000000000004AF43F53F4A29503207BE20000000049454E44AE426082, 1),('7507', 1, 'hist.var-createTime', NULL, 0xACED00057372000D6A6176612E74696D652E536572955D84BA1B2248B20C00007870770A05000007E603041138DC78, NULL),('7523', 1, 'var-createTime', NULL, 0xACED00057372000D6A6176612E74696D652E536572955D84BA1B2248B20C00007870770A05000007E603041139E778, NULL),('7525', 1, 'hist.var-createTime', NULL, 0xACED00057372000D6A6176612E74696D652E536572955D84BA1B2248B20C00007870770A05000007E603041139E778, NULL);
UNLOCK TABLES;
COMMIT;
BEGIN;
LOCK TABLES `jqp`.`act_ge_property` WRITE;
DELETE FROM `jqp`.`act_ge_property`;
INSERT INTO `jqp`.`act_ge_property` (`NAME_`,`VALUE_`,`REV_`) VALUES ('next.dbid', '25001', 11),('schema.history', 'create(5.22.0.0)', 1),('schema.version', '5.22.0.0', 1);
UNLOCK TABLES;
COMMIT;
BEGIN;
LOCK TABLES `jqp`.`act_hi_actinst` WRITE;
DELETE FROM `jqp`.`act_hi_actinst`;
INSERT INTO `jqp`.`act_hi_actinst` (`ID_`,`PROC_DEF_ID_`,`PROC_INST_ID_`,`EXECUTION_ID_`,`ACT_ID_`,`TASK_ID_`,`CALL_PROC_INST_ID_`,`ACT_NAME_`,`ACT_TYPE_`,`ASSIGNEE_`,`START_TIME_`,`END_TIME_`,`DURATION_`,`TENANT_ID_`) VALUES ('15002', 'testOrder:5:12544', '15001', '15001', 'sid-7D2009B2-7BDC-4242-AD07-B41F86CC61A7', NULL, NULL, '开始', 'startEvent', NULL, '2022-04-29 09:19:42.338', '2022-04-29 09:19:42.353', 15, ''),('15009', 'testOrder:5:12544', '15001', '15001', 'sid-9FB1573D-2C3A-4E0E-A324-AFFE61FF0306', '15010', NULL, '客户经理下单', 'userTask', NULL, '2022-04-29 09:19:42.354', '2022-04-29 09:19:42.523', 169, ''),('15013', 'testOrder:5:12544', '15001', '15001', 'sid-AA60E4E0-C5DC-4086-A971-BFC5569910E7', '15014', NULL, '设计师审核', 'userTask', NULL, '2022-04-29 09:19:42.523', '2023-03-28 18:07:13.366', 28802850843, ''),('15024', 'testOrder:6:15022', '15023', '15023', 'sid-7D2009B2-7BDC-4242-AD07-B41F86CC61A7', NULL, NULL, '开始', 'startEvent', NULL, '2022-04-29 09:34:34.008', '2022-04-29 09:34:34.009', 1, ''),('15031', 'testOrder:6:15022', '15023', '15023', 'sid-9FB1573D-2C3A-4E0E-A324-AFFE61FF0306', '15032', NULL, '客户经理下单', 'userTask', NULL, '2022-04-29 09:34:34.009', '2022-04-29 09:34:34.173', 164, ''),('15035', 'testOrder:6:15022', '15023', '15023', 'sid-AA60E4E0-C5DC-4086-A971-BFC5569910E7', '15036', NULL, '设计师审核', 'userTask', '3', '2022-04-29 09:34:34.173', '2022-04-29 10:22:19.691', 2865518, ''),('15043', 'testOrder:6:15022', '15023', '15023', 'sid-673C5595-CDE2-43A3-9331-A2C86C880393', NULL, NULL, '结束', 'endEvent', NULL, '2022-04-29 10:22:19.691', '2022-04-29 10:22:19.691', 0, ''),('17504', 'testOrder:5:12544', '15001', '15001', 'sid-9FB1573D-2C3A-4E0E-A324-AFFE61FF0306', '17505', NULL, '客户经理下单', 'userTask', NULL, '2023-03-28 18:07:13.367', '2023-03-28 18:08:13.160', 59793, ''),('20002', 'testOrder:5:12544', '15001', '15001', 'sid-AA60E4E0-C5DC-4086-A971-BFC5569910E7', '20003', NULL, '设计师审核', 'userTask', NULL, '2023-03-28 18:08:13.161', '2023-03-28 18:08:30.602', 17441, ''),('20007', 'testOrder:5:12544', '15001', '15001', 'sid-673C5595-CDE2-43A3-9331-A2C86C880393', NULL, NULL, '结束', 'endEvent', NULL, '2023-03-28 18:08:30.602', '2023-03-28 18:08:30.602', 0, ''),('22502', 'testOrder:6:15022', '22501', '22501', 'sid-7D2009B2-7BDC-4242-AD07-B41F86CC61A7', NULL, NULL, '开始', 'startEvent', NULL, '2023-03-29 09:09:33.242', '2023-03-29 09:09:33.266', 24, ''),('22509', 'testOrder:6:15022', '22501', '22501', 'sid-9FB1573D-2C3A-4E0E-A324-AFFE61FF0306', '22510', NULL, '客户经理下单', 'userTask', NULL, '2023-03-29 09:09:33.267', '2023-03-29 09:09:33.620', 353, ''),('22515', 'testOrder:6:15022', '22501', '22501', 'sid-AA60E4E0-C5DC-4086-A971-BFC5569910E7', '22516', NULL, '设计师审核', 'userTask', '2', '2023-03-29 09:09:33.620', '2023-03-29 09:11:31.667', 118047, ''),('22522', 'testOrder:6:15022', '22501', '22501', 'sid-673C5595-CDE2-43A3-9331-A2C86C880393', NULL, NULL, '结束', 'endEvent', NULL, '2023-03-29 09:11:31.667', '2023-03-29 09:11:31.667', 0, ''),('2518', 'testOrder:1:8', '2517', '2517', 'sid-7D2009B2-7BDC-4242-AD07-B41F86CC61A7', NULL, NULL, '开始', 'startEvent', NULL, '2022-03-04 15:03:57.944', '2022-03-04 15:03:57.944', 0, ''),('2527', 'testOrder:1:8', '2517', '2517', 'sid-9FB1573D-2C3A-4E0E-A324-AFFE61FF0306', '2528', NULL, '客户经理下单', 'userTask', NULL, '2022-03-04 15:03:57.944', '2022-03-04 15:03:58.126', 182, ''),('2531', 'testOrder:1:8', '2517', '2517', 'sid-AA60E4E0-C5DC-4086-A971-BFC5569910E7', '2532', NULL, '设计师审核', 'userTask', NULL, '2022-03-04 15:03:58.126', '2022-03-04 17:23:50.544', 8392418, ''),('5003', 'testOrder:1:8', '2517', '2517', 'sid-9FB1573D-2C3A-4E0E-A324-AFFE61FF0306', '5004', NULL, '客户经理下单', 'userTask', NULL, '2022-03-04 17:23:50.536', NULL, NULL, ''),('5005', 'testOrder:1:8', '2517', '5002', 'sid-673C5595-CDE2-43A3-9331-A2C86C880393', NULL, NULL, '结束', 'endEvent', NULL, '2022-03-04 17:23:50.544', '2022-03-04 17:23:50.544', 0, ''),('5012', 'testOrder:2:5010', '5011', '5011', 'sid-7D2009B2-7BDC-4242-AD07-B41F86CC61A7', NULL, NULL, '开始', 'startEvent', NULL, '2022-03-04 17:34:07.788', '2022-03-04 17:34:07.791', 3, ''),('5021', 'testOrder:2:5010', '5011', '5011', 'sid-9FB1573D-2C3A-4E0E-A324-AFFE61FF0306', '5022', NULL, '客户经理下单', 'userTask', NULL, '2022-03-04 17:34:07.791', '2022-03-04 17:34:07.910', 119, ''),('5025', 'testOrder:2:5010', '5011', '5011', 'sid-AA60E4E0-C5DC-4086-A971-BFC5569910E7', '5026', NULL, '设计师审核', 'userTask', NULL, '2022-03-04 17:34:07.910', '2022-03-04 17:35:32.895', 84985, ''),('5028', 'testOrder:2:5010', '5011', '5011', 'sid-9FB1573D-2C3A-4E0E-A324-AFFE61FF0306', '5029', NULL, '客户经理下单', 'userTask', NULL, '2022-03-04 17:35:32.895', '2022-03-04 17:35:52.113', 19218, ''),('5030', 'testOrder:2:5010', '5011', '5011', 'sid-AA60E4E0-C5DC-4086-A971-BFC5569910E7', '5031', NULL, '设计师审核', 'userTask', NULL, '2022-03-04 17:35:52.113', '2022-03-04 17:35:59.871', 7758, ''),('5032', 'testOrder:2:5010', '5011', '5011', 'sid-673C5595-CDE2-43A3-9331-A2C86C880393', NULL, NULL, '结束', 'endEvent', NULL, '2022-03-04 17:35:59.871', '2022-03-04 17:35:59.871', 0, ''),('7502', 'testOrder:2:5010', '7501', '7501', 'sid-7D2009B2-7BDC-4242-AD07-B41F86CC61A7', NULL, NULL, '开始', 'startEvent', NULL, '2022-03-04 17:56:52.544', '2022-03-04 17:56:52.556', 12, ''),('7511', 'testOrder:2:5010', '7501', '7501', 'sid-9FB1573D-2C3A-4E0E-A324-AFFE61FF0306', '7512', NULL, '客户经理下单', 'userTask', NULL, '2022-03-04 17:56:52.556', '2022-03-04 17:56:52.790', 234, ''),('7515', 'testOrder:2:5010', '7501', '7501', 'sid-AA60E4E0-C5DC-4086-A971-BFC5569910E7', '7516', NULL, '设计师审核', 'userTask', NULL, '2022-03-04 17:56:52.790', '2022-03-04 17:57:01.568', 8778, ''),('7518', 'testOrder:2:5010', '7501', '7501', 'sid-673C5595-CDE2-43A3-9331-A2C86C880393', NULL, NULL, '结束', 'endEvent', NULL, '2022-03-04 17:57:01.568', '2022-03-04 17:57:01.568', 0, ''),('7520', 'testOrder:2:5010', '7519', '7519', 'sid-7D2009B2-7BDC-4242-AD07-B41F86CC61A7', NULL, NULL, '开始', 'startEvent', NULL, '2022-03-04 17:57:42.226', '2022-03-04 17:57:42.226', 0, ''),('7529', 'testOrder:2:5010', '7519', '7519', 'sid-9FB1573D-2C3A-4E0E-A324-AFFE61FF0306', '7530', NULL, '客户经理下单', 'userTask', NULL, '2022-03-04 17:57:42.226', '2022-03-04 17:57:42.403', 177, ''),('7533', 'testOrder:2:5010', '7519', '7519', 'sid-AA60E4E0-C5DC-4086-A971-BFC5569910E7', '7534', NULL, '设计师审核', 'userTask', NULL, '2022-03-04 17:57:42.403', '2022-03-04 17:58:24.287', 41884, ''),('7536', 'testOrder:2:5010', '7519', '7519', 'sid-9FB1573D-2C3A-4E0E-A324-AFFE61FF0306', '7537', NULL, '客户经理下单', 'userTask', NULL, '2022-03-04 17:58:24.287', '2022-03-04 17:58:55.913', 31626, ''),('7538', 'testOrder:2:5010', '7519', '7519', 'sid-AA60E4E0-C5DC-4086-A971-BFC5569910E7', '7539', NULL, '设计师审核', 'userTask', NULL, '2022-03-04 17:58:55.913', NULL, NULL, '');
UNLOCK TABLES;
COMMIT;
BEGIN;
LOCK TABLES `jqp`.`act_hi_attachment` WRITE;
DELETE FROM `jqp`.`act_hi_attachment`;
UNLOCK TABLES;
COMMIT;
BEGIN;
LOCK TABLES `jqp`.`act_hi_comment` WRITE;
DELETE FROM `jqp`.`act_hi_comment`;
INSERT INTO `jqp`.`act_hi_comment` (`ID_`,`TYPE_`,`TIME_`,`USER_ID_`,`TASK_ID_`,`PROC_INST_ID_`,`ACTION_`,`MESSAGE_`,`FULL_MSG_`) VALUES ('15041', 'event', '2022-04-29 10:22:19.674', NULL, '15036', NULL, 'AddUserLink', '2_|_owner', NULL),('17502', 'event', '2023-03-28 18:07:13.312', NULL, '15014', NULL, 'AddUserLink', '1_|_owner', NULL),('20001', 'event', '2023-03-28 18:08:12.966', NULL, '17505', NULL, 'AddUserLink', '1_|_owner', NULL),('20006', 'event', '2023-03-28 18:08:30.577', NULL, '20003', NULL, 'AddUserLink', '1_|_owner', NULL),('22512', 'event', '2023-03-29 09:09:33.533', NULL, '22510', NULL, 'AddUserLink', '1_|_owner', NULL),('22520', 'event', '2023-03-29 09:11:31.650', NULL, '22516', NULL, 'AddUserLink', '1_|_owner', NULL);
UNLOCK TABLES;
COMMIT;
BEGIN;
LOCK TABLES `jqp`.`act_hi_detail` WRITE;
DELETE FROM `jqp`.`act_hi_detail`;
UNLOCK TABLES;
COMMIT;
BEGIN;
LOCK TABLES `jqp`.`act_hi_identitylink` WRITE;
DELETE FROM `jqp`.`act_hi_identitylink`;
INSERT INTO `jqp`.`act_hi_identitylink` (`ID_`,`GROUP_ID_`,`TYPE_`,`USER_ID_`,`TASK_ID_`,`PROC_INST_ID_`) VALUES ('15015', 'SalesUser', 'candidate', NULL, '15014', NULL),('15016', NULL, 'candidate', '3', '15014', NULL),('15017', NULL, 'participant', '3', NULL, '15001'),('15037', NULL, 'participant', '3', NULL, '15023'),('15038', 'SalesUser', 'candidate', NULL, '15036', NULL),('15039', NULL, 'candidate', '3', '15036', NULL),('15040', NULL, 'participant', '2', NULL, '15023'),('17501', NULL, 'participant', '1', NULL, '15001'),('20004', 'SalesUser', 'candidate', NULL, '20003', NULL),('20005', NULL, 'candidate', '3', '20003', NULL),('22511', NULL, 'participant', '1', NULL, '22501'),('22517', NULL, 'participant', '2', NULL, '22501'),('22518', 'SalesUser', 'candidate', NULL, '22516', NULL),('22519', NULL, 'candidate', '2', '22516', NULL);
UNLOCK TABLES;
COMMIT;
BEGIN;
LOCK TABLES `jqp`.`act_hi_procinst` WRITE;
DELETE FROM `jqp`.`act_hi_procinst`;
INSERT INTO `jqp`.`act_hi_procinst` (`ID_`,`PROC_INST_ID_`,`BUSINESS_KEY_`,`PROC_DEF_ID_`,`START_TIME_`,`END_TIME_`,`DURATION_`,`START_USER_ID_`,`START_ACT_ID_`,`END_ACT_ID_`,`SUPER_PROCESS_INSTANCE_ID_`,`DELETE_REASON_`,`TENANT_ID_`,`NAME_`) VALUES ('15001', '15001', '5', 'testOrder:5:12544', '2022-04-29 09:19:42.337', '2023-03-28 18:08:30.603', 28802928266, NULL, 'sid-7D2009B2-7BDC-4242-AD07-B41F86CC61A7', 'sid-673C5595-CDE2-43A3-9331-A2C86C880393', NULL, NULL, '', '测试订单-S20220307000001'),('15023', '15023', '6', 'testOrder:6:15022', '2022-04-29 09:34:34.008', '2022-04-29 10:22:19.692', 2865684, NULL, 'sid-7D2009B2-7BDC-4242-AD07-B41F86CC61A7', 'sid-673C5595-CDE2-43A3-9331-A2C86C880393', NULL, NULL, '', '测试订单-S20220429000001'),('22501', '22501', '7', 'testOrder:6:15022', '2023-03-29 09:09:33.237', '2023-03-29 09:11:31.668', 118431, NULL, 'sid-7D2009B2-7BDC-4242-AD07-B41F86CC61A7', 'sid-673C5595-CDE2-43A3-9331-A2C86C880393', NULL, NULL, '', '测试订单-S20230329000001'),('2517', '2517', '1', 'testOrder:1:8', '2022-03-04 15:03:57.944', NULL, NULL, NULL, 'sid-7D2009B2-7BDC-4242-AD07-B41F86CC61A7', NULL, NULL, NULL, '', '测试订单-S20220304000013'),('5011', '5011', '2', 'testOrder:2:5010', '2022-03-04 17:34:07.788', '2022-03-04 17:35:59.871', 112083, NULL, 'sid-7D2009B2-7BDC-4242-AD07-B41F86CC61A7', 'sid-673C5595-CDE2-43A3-9331-A2C86C880393', NULL, NULL, '', '测试订单-S20220304000019'),('7501', '7501', '3', 'testOrder:2:5010', '2022-03-04 17:56:52.543', '2022-03-04 17:57:01.568', 9025, NULL, 'sid-7D2009B2-7BDC-4242-AD07-B41F86CC61A7', 'sid-673C5595-CDE2-43A3-9331-A2C86C880393', NULL, NULL, '', '测试订单-S20220304000020'),('7519', '7519', '4', 'testOrder:2:5010', '2022-03-04 17:57:42.226', NULL, NULL, NULL, 'sid-7D2009B2-7BDC-4242-AD07-B41F86CC61A7', NULL, NULL, NULL, '', '测试订单-S20220304000021');
UNLOCK TABLES;
COMMIT;
BEGIN;
LOCK TABLES `jqp`.`act_hi_taskinst` WRITE;
DELETE FROM `jqp`.`act_hi_taskinst`;
INSERT INTO `jqp`.`act_hi_taskinst` (`ID_`,`PROC_DEF_ID_`,`TASK_DEF_KEY_`,`PROC_INST_ID_`,`EXECUTION_ID_`,`NAME_`,`PARENT_TASK_ID_`,`DESCRIPTION_`,`OWNER_`,`ASSIGNEE_`,`START_TIME_`,`CLAIM_TIME_`,`END_TIME_`,`DURATION_`,`DELETE_REASON_`,`PRIORITY_`,`DUE_DATE_`,`FORM_KEY_`,`CATEGORY_`,`TENANT_ID_`) VALUES ('15010', 'testOrder:5:12544', 'sid-9FB1573D-2C3A-4E0E-A324-AFFE61FF0306', '15001', '15001', '客户经理下单', NULL, '1', NULL, NULL, '2022-04-29 09:19:42.356', NULL, '2022-04-29 09:19:42.521', 165, 'completed', 50, NULL, NULL, NULL, ''),('15014', 'testOrder:5:12544', 'sid-AA60E4E0-C5DC-4086-A971-BFC5569910E7', '15001', '15001', '设计师审核', NULL, '2', '1', NULL, '2022-04-29 09:19:42.523', NULL, '2023-03-28 18:07:13.345', 28802850822, 'completed', 50, NULL, NULL, NULL, ''),('15032', 'testOrder:6:15022', 'sid-9FB1573D-2C3A-4E0E-A324-AFFE61FF0306', '15023', '15023', '客户经理下单', NULL, '1', NULL, NULL, '2022-04-29 09:34:34.009', NULL, '2022-04-29 09:34:34.172', 163, 'completed', 50, NULL, NULL, NULL, ''),('15036', 'testOrder:6:15022', 'sid-AA60E4E0-C5DC-4086-A971-BFC5569910E7', '15023', '15023', '设计师审核', NULL, '2', '2', '3', '2022-04-29 09:34:34.173', NULL, '2022-04-29 10:22:19.683', 2865510, 'completed', 50, NULL, NULL, NULL, ''),('17505', 'testOrder:5:12544', 'sid-9FB1573D-2C3A-4E0E-A324-AFFE61FF0306', '15001', '15001', '客户经理下单', NULL, '1', '1', NULL, '2023-03-28 18:07:13.367', NULL, '2023-03-28 18:08:13.134', 59767, 'completed', 50, NULL, NULL, NULL, ''),('20003', 'testOrder:5:12544', 'sid-AA60E4E0-C5DC-4086-A971-BFC5569910E7', '15001', '15001', '设计师审核', NULL, '2', '1', NULL, '2023-03-28 18:08:13.161', NULL, '2023-03-28 18:08:30.593', 17432, 'completed', 50, NULL, NULL, NULL, ''),('22510', 'testOrder:6:15022', 'sid-9FB1573D-2C3A-4E0E-A324-AFFE61FF0306', '22501', '22501', '客户经理下单', NULL, '1', '1', NULL, '2023-03-29 09:09:33.268', NULL, '2023-03-29 09:09:33.618', 350, 'completed', 50, NULL, NULL, NULL, ''),('22516', 'testOrder:6:15022', 'sid-AA60E4E0-C5DC-4086-A971-BFC5569910E7', '22501', '22501', '设计师审核', NULL, '2', '1', '2', '2023-03-29 09:09:33.620', NULL, '2023-03-29 09:11:31.658', 118038, 'completed', 50, NULL, NULL, NULL, ''),('2528', 'testOrder:1:8', 'sid-9FB1573D-2C3A-4E0E-A324-AFFE61FF0306', '2517', '2517', '客户经理下单', NULL, '1', NULL, NULL, '2022-03-04 15:03:57.945', NULL, '2022-03-04 15:03:58.125', 180, 'completed', 50, NULL, NULL, NULL, ''),('2532', 'testOrder:1:8', 'sid-AA60E4E0-C5DC-4086-A971-BFC5569910E7', '2517', '2517', '设计师审核', NULL, '2', NULL, NULL, '2022-03-04 15:03:58.126', NULL, '2022-03-04 17:23:50.488', 8392362, 'completed', 50, NULL, NULL, NULL, ''),('5004', 'testOrder:1:8', 'sid-9FB1573D-2C3A-4E0E-A324-AFFE61FF0306', '2517', '5001', '客户经理下单', NULL, '1', NULL, NULL, '2022-03-04 17:23:50.537', NULL, NULL, NULL, NULL, 50, NULL, NULL, NULL, ''),('5022', 'testOrder:2:5010', 'sid-9FB1573D-2C3A-4E0E-A324-AFFE61FF0306', '5011', '5011', '客户经理下单', NULL, '1', NULL, NULL, '2022-03-04 17:34:07.792', NULL, '2022-03-04 17:34:07.908', 116, 'completed', 50, NULL, NULL, NULL, ''),('5026', 'testOrder:2:5010', 'sid-AA60E4E0-C5DC-4086-A971-BFC5569910E7', '5011', '5011', '设计师审核', NULL, '2', NULL, NULL, '2022-03-04 17:34:07.910', NULL, '2022-03-04 17:35:32.892', 84982, 'completed', 50, NULL, NULL, NULL, ''),('5029', 'testOrder:2:5010', 'sid-9FB1573D-2C3A-4E0E-A324-AFFE61FF0306', '5011', '5011', '客户经理下单', NULL, '1', NULL, NULL, '2022-03-04 17:35:32.895', NULL, '2022-03-04 17:35:52.100', 19205, 'completed', 50, NULL, NULL, NULL, ''),('5031', 'testOrder:2:5010', 'sid-AA60E4E0-C5DC-4086-A971-BFC5569910E7', '5011', '5011', '设计师审核', NULL, '2', NULL, NULL, '2022-03-04 17:35:52.113', NULL, '2022-03-04 17:35:59.870', 7757, 'completed', 50, NULL, NULL, NULL, ''),('7512', 'testOrder:2:5010', 'sid-9FB1573D-2C3A-4E0E-A324-AFFE61FF0306', '7501', '7501', '客户经理下单', NULL, '1', NULL, NULL, '2022-03-04 17:56:52.557', NULL, '2022-03-04 17:56:52.788', 231, 'completed', 50, NULL, NULL, NULL, ''),('7516', 'testOrder:2:5010', 'sid-AA60E4E0-C5DC-4086-A971-BFC5569910E7', '7501', '7501', '设计师审核', NULL, '2', NULL, NULL, '2022-03-04 17:56:52.790', NULL, '2022-03-04 17:57:01.559', 8769, 'completed', 50, NULL, NULL, NULL, ''),('7530', 'testOrder:2:5010', 'sid-9FB1573D-2C3A-4E0E-A324-AFFE61FF0306', '7519', '7519', '客户经理下单', NULL, '1', NULL, NULL, '2022-03-04 17:57:42.227', NULL, '2022-03-04 17:57:42.402', 175, 'completed', 50, NULL, NULL, NULL, ''),('7534', 'testOrder:2:5010', 'sid-AA60E4E0-C5DC-4086-A971-BFC5569910E7', '7519', '7519', '设计师审核', NULL, '2', NULL, NULL, '2022-03-04 17:57:42.403', NULL, '2022-03-04 17:58:24.286', 41883, 'completed', 50, NULL, NULL, NULL, ''),('7537', 'testOrder:2:5010', 'sid-9FB1573D-2C3A-4E0E-A324-AFFE61FF0306', '7519', '7519', '客户经理下单', NULL, '1', NULL, NULL, '2022-03-04 17:58:24.287', NULL, '2022-03-04 17:58:55.909', 31622, 'completed', 50, NULL, NULL, NULL, ''),('7539', 'testOrder:2:5010', 'sid-AA60E4E0-C5DC-4086-A971-BFC5569910E7', '7519', '7519', '设计师审核', NULL, '2', NULL, NULL, '2022-03-04 17:58:55.913', NULL, NULL, NULL, NULL, 50, NULL, NULL, NULL, '');
UNLOCK TABLES;
COMMIT;
BEGIN;
LOCK TABLES `jqp`.`act_hi_varinst` WRITE;
DELETE FROM `jqp`.`act_hi_varinst`;
INSERT INTO `jqp`.`act_hi_varinst` (`ID_`,`PROC_INST_ID_`,`EXECUTION_ID_`,`TASK_ID_`,`NAME_`,`VAR_TYPE_`,`REV_`,`BYTEARRAY_ID_`,`DOUBLE_`,`LONG_`,`TEXT_`,`TEXT2_`,`CREATE_TIME_`,`LAST_UPDATED_TIME_`) VALUES ('15003', '15001', '15001', NULL, 'designerId', 'string', 2, NULL, NULL, NULL, '3', NULL, '2022-04-29 09:19:42.339', '2023-03-28 18:08:30.609'),('15004', '15001', '15001', NULL, 'testOrderStatus', 'string', 2, NULL, NULL, NULL, '1', NULL, '2022-04-29 09:19:42.340', '2023-03-28 18:08:30.609'),('15005', '15001', '15001', NULL, 'createTime', 'string', 2, NULL, NULL, NULL, '2022-03-07T09:10:35', NULL, '2022-04-29 09:19:42.340', '2023-03-28 18:08:30.609'),('15006', '15001', '15001', NULL, 'customerManagerId', 'string', 2, NULL, NULL, NULL, '2', NULL, '2022-04-29 09:19:42.340', '2023-03-28 18:08:30.609'),('15007', '15001', '15001', NULL, 'orderCode', 'string', 2, NULL, NULL, NULL, 'S20220307000001', NULL, '2022-04-29 09:19:42.340', '2023-03-28 18:08:30.609'),('15008', '15001', '15001', NULL, 'id', 'string', 2, NULL, NULL, NULL, '5', NULL, '2022-04-29 09:19:42.340', '2023-03-28 18:08:30.609'),('15011', '15001', '15001', NULL, 'nextStatus', 'string', 1, NULL, NULL, NULL, '2', NULL, '2022-04-29 09:19:42.516', '2023-03-28 18:08:30.609'),('15012', '15001', '15001', NULL, 'prevStatus', 'string', 1, NULL, NULL, NULL, '1', NULL, '2022-04-29 09:19:42.516', '2023-03-28 18:08:30.609'),('15025', '15023', '15023', NULL, 'designerId', 'string', 2, NULL, NULL, NULL, '3', NULL, '2022-04-29 09:34:34.008', '2022-04-29 10:22:19.696'),('15026', '15023', '15023', NULL, 'testOrderStatus', 'string', 2, NULL, NULL, NULL, '1', NULL, '2022-04-29 09:34:34.008', '2022-04-29 10:22:19.696'),('15027', '15023', '15023', NULL, 'createTime', 'string', 2, NULL, NULL, NULL, '2022-04-29T09:34:19', NULL, '2022-04-29 09:34:34.008', '2022-04-29 10:22:19.696'),('15028', '15023', '15023', NULL, 'customerManagerId', 'string', 2, NULL, NULL, NULL, '2', NULL, '2022-04-29 09:34:34.008', '2022-04-29 10:22:19.696'),('15029', '15023', '15023', NULL, 'orderCode', 'string', 2, NULL, NULL, NULL, 'S20220429000001', NULL, '2022-04-29 09:34:34.008', '2022-04-29 10:22:19.696'),('15030', '15023', '15023', NULL, 'id', 'string', 2, NULL, NULL, NULL, '6', NULL, '2022-04-29 09:34:34.008', '2022-04-29 10:22:19.696'),('15033', '15023', '15023', NULL, 'nextStatus', 'string', 1, NULL, NULL, NULL, '2', NULL, '2022-04-29 09:34:34.169', '2022-04-29 10:22:19.696'),('15034', '15023', '15023', NULL, 'prevStatus', 'string', 1, NULL, NULL, NULL, '1', NULL, '2022-04-29 09:34:34.169', '2022-04-29 10:22:19.696'),('15042', '15023', '15023', NULL, 'result', 'string', 0, NULL, NULL, NULL, '3', NULL, '2022-04-29 10:22:19.682', '2022-04-29 10:22:19.696'),('17503', '15001', '15001', NULL, 'result', 'string', 2, NULL, NULL, NULL, '3', NULL, '2023-03-28 18:07:13.337', '2023-03-28 18:08:30.609'),('22503', '22501', '22501', NULL, 'designerId', 'string', 2, NULL, NULL, NULL, '2', NULL, '2023-03-29 09:09:33.243', '2023-03-29 09:11:31.671'),('22504', '22501', '22501', NULL, 'testOrderStatus', 'string', 2, NULL, NULL, NULL, '1', NULL, '2023-03-29 09:09:33.244', '2023-03-29 09:11:31.671'),('22505', '22501', '22501', NULL, 'createTime', 'string', 2, NULL, NULL, NULL, '2023-03-29T09:09:20', NULL, '2023-03-29 09:09:33.244', '2023-03-29 09:11:31.671'),('22506', '22501', '22501', NULL, 'customerManagerId', 'string', 2, NULL, NULL, NULL, '3', NULL, '2023-03-29 09:09:33.245', '2023-03-29 09:11:31.671'),('22507', '22501', '22501', NULL, 'orderCode', 'string', 2, NULL, NULL, NULL, 'S20230329000001', NULL, '2023-03-29 09:09:33.245', '2023-03-29 09:11:31.671'),('22508', '22501', '22501', NULL, 'id', 'string', 2, NULL, NULL, NULL, '7', NULL, '2023-03-29 09:09:33.245', '2023-03-29 09:11:31.671'),('22513', '22501', '22501', NULL, 'nextStatus', 'string', 1, NULL, NULL, NULL, '2', NULL, '2023-03-29 09:09:33.609', '2023-03-29 09:11:31.671'),('22514', '22501', '22501', NULL, 'prevStatus', 'string', 1, NULL, NULL, NULL, '1', NULL, '2023-03-29 09:09:33.610', '2023-03-29 09:11:31.671'),('22521', '22501', '22501', NULL, 'result', 'string', 0, NULL, NULL, NULL, '3', NULL, '2023-03-29 09:11:31.656', '2023-03-29 09:11:31.671'),('2519', '2517', '2517', NULL, 'designerId', 'long', 1, NULL, NULL, 3, '3', NULL, '2022-03-04 15:03:57.944', '2022-03-04 15:03:58.119'),('2520', '2517', '2517', NULL, 'testOrderStatus', 'string', 1, NULL, NULL, NULL, '1', NULL, '2022-03-04 15:03:57.944', '2022-03-04 15:03:58.119'),('2522', '2517', '2517', NULL, 'createTime', 'serializable', 1, '2523', NULL, NULL, NULL, NULL, '2022-03-04 15:03:57.944', '2022-03-04 15:03:58.121'),('2524', '2517', '2517', NULL, 'customerManagerId', 'long', 1, NULL, NULL, 2, '2', NULL, '2022-03-04 15:03:57.944', '2022-03-04 15:03:58.122'),('2525', '2517', '2517', NULL, 'orderCode', 'string', 1, NULL, NULL, NULL, 'S20220304000013', NULL, '2022-03-04 15:03:57.944', '2022-03-04 15:03:58.123'),('2526', '2517', '2517', NULL, 'id', 'long', 1, NULL, NULL, 1, '1', NULL, '2022-03-04 15:03:57.944', '2022-03-04 15:03:58.123'),('2529', '2517', '2517', NULL, 'nextStatus', 'string', 0, NULL, NULL, NULL, '2', NULL, '2022-03-04 15:03:58.119', '2022-03-04 15:03:58.119'),('2530', '2517', '2517', NULL, 'prevStatus', 'string', 0, NULL, NULL, NULL, '1', NULL, '2022-03-04 15:03:58.121', '2022-03-04 15:03:58.121'),('5013', '5011', '5011', NULL, 'designerId', 'long', 2, NULL, NULL, 3, '3', NULL, '2022-03-04 17:34:07.788', '2022-03-04 17:35:59.875'),('5014', '5011', '5011', NULL, 'testOrderStatus', 'string', 2, NULL, NULL, NULL, '1', NULL, '2022-03-04 17:34:07.789', '2022-03-04 17:35:59.875'),('5016', '5011', '5011', NULL, 'createTime', 'serializable', 2, '5017', NULL, NULL, NULL, NULL, '2022-03-04 17:34:07.790', '2022-03-04 17:35:59.875'),('5018', '5011', '5011', NULL, 'customerManagerId', 'long', 2, NULL, NULL, 2, '2', NULL, '2022-03-04 17:34:07.790', '2022-03-04 17:35:59.875'),('5019', '5011', '5011', NULL, 'orderCode', 'string', 2, NULL, NULL, NULL, 'S20220304000019', NULL, '2022-03-04 17:34:07.790', '2022-03-04 17:35:59.875'),('5020', '5011', '5011', NULL, 'id', 'long', 2, NULL, NULL, 2, '2', NULL, '2022-03-04 17:34:07.790', '2022-03-04 17:35:59.875'),('5023', '5011', '5011', NULL, 'nextStatus', 'string', 1, NULL, NULL, NULL, '2', NULL, '2022-03-04 17:34:07.904', '2022-03-04 17:35:59.875'),('5024', '5011', '5011', NULL, 'prevStatus', 'string', 1, NULL, NULL, NULL, '1', NULL, '2022-03-04 17:34:07.905', '2022-03-04 17:35:59.875'),('5027', '5011', '5011', NULL, 'result', 'string', 2, NULL, NULL, NULL, '3', NULL, '2022-03-04 17:35:32.891', '2022-03-04 17:35:59.875'),('7503', '7501', '7501', NULL, 'designerId', 'long', 2, NULL, NULL, 2, '2', NULL, '2022-03-04 17:56:52.544', '2022-03-04 17:57:01.571'),('7504', '7501', '7501', NULL, 'testOrderStatus', 'string', 2, NULL, NULL, NULL, '1', NULL, '2022-03-04 17:56:52.544', '2022-03-04 17:57:01.571'),('7506', '7501', '7501', NULL, 'createTime', 'serializable', 2, '7507', NULL, NULL, NULL, NULL, '2022-03-04 17:56:52.546', '2022-03-04 17:57:01.571'),('7508', '7501', '7501', NULL, 'customerManagerId', 'long', 2, NULL, NULL, 3, '3', NULL, '2022-03-04 17:56:52.546', '2022-03-04 17:57:01.571'),('7509', '7501', '7501', NULL, 'orderCode', 'string', 2, NULL, NULL, NULL, 'S20220304000020', NULL, '2022-03-04 17:56:52.546', '2022-03-04 17:57:01.571'),('7510', '7501', '7501', NULL, 'id', 'long', 2, NULL, NULL, 3, '3', NULL, '2022-03-04 17:56:52.546', '2022-03-04 17:57:01.571'),('7513', '7501', '7501', NULL, 'nextStatus', 'string', 1, NULL, NULL, NULL, '2', NULL, '2022-03-04 17:56:52.785', '2022-03-04 17:57:01.571'),('7514', '7501', '7501', NULL, 'prevStatus', 'string', 1, NULL, NULL, NULL, '1', NULL, '2022-03-04 17:56:52.786', '2022-03-04 17:57:01.571'),('7517', '7501', '7501', NULL, 'result', 'string', 0, NULL, NULL, NULL, '3', NULL, '2022-03-04 17:57:01.558', '2022-03-04 17:57:01.571'),('7521', '7519', '7519', NULL, 'designerId', 'long', 1, NULL, NULL, 3, '3', NULL, '2022-03-04 17:57:42.226', '2022-03-04 17:57:42.396'),('7522', '7519', '7519', NULL, 'testOrderStatus', 'string', 1, NULL, NULL, NULL, '1', NULL, '2022-03-04 17:57:42.226', '2022-03-04 17:57:42.397'),('7524', '7519', '7519', NULL, 'createTime', 'serializable', 1, '7525', NULL, NULL, NULL, NULL, '2022-03-04 17:57:42.226', '2022-03-04 17:57:42.399'),('7526', '7519', '7519', NULL, 'customerManagerId', 'long', 1, NULL, NULL, 3, '3', NULL, '2022-03-04 17:57:42.226', '2022-03-04 17:57:42.399'),('7527', '7519', '7519', NULL, 'orderCode', 'string', 1, NULL, NULL, NULL, 'S20220304000021', NULL, '2022-03-04 17:57:42.226', '2022-03-04 17:57:42.399'),('7528', '7519', '7519', NULL, 'id', 'long', 1, NULL, NULL, 4, '4', NULL, '2022-03-04 17:57:42.226', '2022-03-04 17:57:42.400'),('7531', '7519', '7519', NULL, 'nextStatus', 'string', 0, NULL, NULL, NULL, '2', NULL, '2022-03-04 17:57:42.397', '2022-03-04 17:57:42.397'),('7532', '7519', '7519', NULL, 'prevStatus', 'string', 0, NULL, NULL, NULL, '1', NULL, '2022-03-04 17:57:42.399', '2022-03-04 17:57:42.399'),('7535', '7519', '7519', NULL, 'result', 'string', 1, NULL, NULL, NULL, '2', NULL, '2022-03-04 17:58:24.285', '2022-03-04 17:58:55.908');
UNLOCK TABLES;
COMMIT;
BEGIN;
LOCK TABLES `jqp`.`act_id_group` WRITE;
DELETE FROM `jqp`.`act_id_group`;
UNLOCK TABLES;
COMMIT;
BEGIN;
LOCK TABLES `jqp`.`act_id_info` WRITE;
DELETE FROM `jqp`.`act_id_info`;
UNLOCK TABLES;
COMMIT;
BEGIN;
LOCK TABLES `jqp`.`act_id_membership` WRITE;
DELETE FROM `jqp`.`act_id_membership`;
UNLOCK TABLES;
COMMIT;
BEGIN;
LOCK TABLES `jqp`.`act_id_user` WRITE;
DELETE FROM `jqp`.`act_id_user`;
UNLOCK TABLES;
COMMIT;
BEGIN;
LOCK TABLES `jqp`.`act_procdef_info` WRITE;
DELETE FROM `jqp`.`act_procdef_info`;
UNLOCK TABLES;
COMMIT;
BEGIN;
LOCK TABLES `jqp`.`act_re_deployment` WRITE;
DELETE FROM `jqp`.`act_re_deployment`;
INSERT INTO `jqp`.`act_re_deployment` (`ID_`,`NAME_`,`CATEGORY_`,`TENANT_ID_`,`DEPLOY_TIME_`) VALUES ('10001', '测试订单审核', NULL, '', '2022-03-08 11:06:48.083'),('12501', '测试订单审核', NULL, '', '2022-04-29 09:08:50.066'),('12540', '测试订单审核', NULL, '', '2022-04-29 09:14:53.923'),('15018', '测试订单审核', NULL, '', '2022-04-29 09:34:14.712'),('4', '测试订单审核', NULL, '', '2022-03-04 14:47:36.521'),('5006', '测试订单审核', NULL, '', '2022-03-04 17:33:42.658');
UNLOCK TABLES;
COMMIT;
BEGIN;
LOCK TABLES `jqp`.`act_re_model` WRITE;
DELETE FROM `jqp`.`act_re_model`;
INSERT INTO `jqp`.`act_re_model` (`ID_`,`REV_`,`NAME_`,`KEY_`,`CATEGORY_`,`CREATE_TIME_`,`LAST_UPDATE_TIME_`,`VERSION_`,`META_INFO_`,`DEPLOYMENT_ID_`,`EDITOR_SOURCE_VALUE_ID_`,`EDITOR_SOURCE_EXTRA_VALUE_ID_`,`TENANT_ID_`) VALUES ('1', 18, '测试订单审核', 'testOrder', NULL, '2022-03-04 14:44:21.287', '2022-04-29 09:34:14.946', 1, '{\"name\":\"测试订单审核\",\"description\":\"测试\",\"revision\":1,\"initSql\":\"\",\"beforeApi\":null,\"afterApi\":null,\"tableName\":\"test_order\",\"statusField\":\"test_order_status\",\"statusDic\":\"testOrderStatus\",\"viewForm\":\"testOrderView\"}', '15018', '2', '3', '');
UNLOCK TABLES;
COMMIT;
BEGIN;
LOCK TABLES `jqp`.`act_re_procdef` WRITE;
DELETE FROM `jqp`.`act_re_procdef`;
INSERT INTO `jqp`.`act_re_procdef` (`ID_`,`REV_`,`CATEGORY_`,`NAME_`,`KEY_`,`VERSION_`,`DEPLOYMENT_ID_`,`RESOURCE_NAME_`,`DGRM_RESOURCE_NAME_`,`DESCRIPTION_`,`HAS_START_FORM_KEY_`,`HAS_GRAPHICAL_NOTATION_`,`SUSPENSION_STATE_`,`TENANT_ID_`) VALUES ('testOrder:1:8', 1, 'http://www.activiti.org/processdef', '测试订单审核', 'testOrder', 1, '4', '测试订单审核.bpmn20.xml', '测试订单审核.testOrder.png', '测试', 0, 1, 1, ''),('testOrder:2:5010', 1, 'http://www.activiti.org/processdef', '测试订单审核', 'testOrder', 2, '5006', '测试订单审核.bpmn20.xml', '测试订单审核.testOrder.png', '测试', 0, 1, 1, ''),('testOrder:3:10005', 1, 'http://www.activiti.org/processdef', '测试订单审核', 'testOrder', 3, '10001', '测试订单审核.bpmn20.xml', '测试订单审核.testOrder.png', '测试', 0, 1, 1, ''),('testOrder:4:12505', 1, 'http://www.activiti.org/processdef', '测试订单审核', 'testOrder', 4, '12501', '测试订单审核.bpmn20.xml', '测试订单审核.testOrder.png', '测试', 0, 1, 1, ''),('testOrder:5:12544', 1, 'http://www.activiti.org/processdef', '测试订单审核', 'testOrder', 5, '12540', '测试订单审核.bpmn20.xml', '测试订单审核.testOrder.png', '测试', 0, 1, 1, ''),('testOrder:6:15022', 1, 'http://www.activiti.org/processdef', '测试订单审核', 'testOrder', 6, '15018', '测试订单审核.bpmn20.xml', '测试订单审核.testOrder.png', '测试', 0, 1, 1, '');
UNLOCK TABLES;
COMMIT;
BEGIN;
LOCK TABLES `jqp`.`act_ru_event_subscr` WRITE;
DELETE FROM `jqp`.`act_ru_event_subscr`;
UNLOCK TABLES;
COMMIT;
BEGIN;
LOCK TABLES `jqp`.`act_ru_execution` WRITE;
DELETE FROM `jqp`.`act_ru_execution`;
INSERT INTO `jqp`.`act_ru_execution` (`ID_`,`REV_`,`PROC_INST_ID_`,`BUSINESS_KEY_`,`PARENT_ID_`,`PROC_DEF_ID_`,`SUPER_EXEC_`,`ACT_ID_`,`IS_ACTIVE_`,`IS_CONCURRENT_`,`IS_SCOPE_`,`IS_EVENT_SCOPE_`,`SUSPENSION_STATE_`,`CACHED_ENT_STATE_`,`TENANT_ID_`,`NAME_`,`LOCK_TIME_`) VALUES ('2517', 4, '2517', '1', NULL, 'testOrder:1:8', NULL, 'sid-9FB1573D-2C3A-4E0E-A324-AFFE61FF0306', 1, 0, 1, 0, 1, 2, '', '测试订单-S20220304000013', NULL),('7519', 5, '7519', '4', NULL, 'testOrder:2:5010', NULL, 'sid-AA60E4E0-C5DC-4086-A971-BFC5569910E7', 1, 0, 1, 0, 1, 2, '', '测试订单-S20220304000021', NULL);
UNLOCK TABLES;
COMMIT;
BEGIN;
LOCK TABLES `jqp`.`act_ru_identitylink` WRITE;
DELETE FROM `jqp`.`act_ru_identitylink`;
UNLOCK TABLES;
COMMIT;
BEGIN;
LOCK TABLES `jqp`.`act_ru_job` WRITE;
DELETE FROM `jqp`.`act_ru_job`;
UNLOCK TABLES;
COMMIT;
BEGIN;
LOCK TABLES `jqp`.`act_ru_task` WRITE;
DELETE FROM `jqp`.`act_ru_task`;
INSERT INTO `jqp`.`act_ru_task` (`ID_`,`REV_`,`EXECUTION_ID_`,`PROC_INST_ID_`,`PROC_DEF_ID_`,`NAME_`,`PARENT_TASK_ID_`,`DESCRIPTION_`,`TASK_DEF_KEY_`,`OWNER_`,`ASSIGNEE_`,`DELEGATION_`,`PRIORITY_`,`CREATE_TIME_`,`DUE_DATE_`,`CATEGORY_`,`SUSPENSION_STATE_`,`TENANT_ID_`,`FORM_KEY_`) VALUES ('5004', 1, '2517', '2517', 'testOrder:1:8', '客户经理下单', NULL, '1', 'sid-9FB1573D-2C3A-4E0E-A324-AFFE61FF0306', NULL, NULL, NULL, 50, '2022-03-04 17:23:50.537', NULL, NULL, 1, '', NULL),('7539', 1, '7519', '7519', 'testOrder:2:5010', '设计师审核', NULL, '2', 'sid-AA60E4E0-C5DC-4086-A971-BFC5569910E7', NULL, NULL, NULL, 50, '2022-03-04 17:58:55.913', NULL, NULL, 1, '', NULL);
UNLOCK TABLES;
COMMIT;
BEGIN;
LOCK TABLES `jqp`.`act_ru_variable` WRITE;
DELETE FROM `jqp`.`act_ru_variable`;
INSERT INTO `jqp`.`act_ru_variable` (`ID_`,`REV_`,`TYPE_`,`NAME_`,`EXECUTION_ID_`,`PROC_INST_ID_`,`TASK_ID_`,`BYTEARRAY_ID_`,`DOUBLE_`,`LONG_`,`TEXT_`,`TEXT2_`) VALUES ('2519', 1, 'long', 'designerId', '2517', '2517', NULL, NULL, NULL, 3, '3', NULL),('2520', 1, 'string', 'testOrderStatus', '2517', '2517', NULL, NULL, NULL, NULL, '1', NULL),('2522', 1, 'serializable', 'createTime', '2517', '2517', NULL, '2521', NULL, NULL, NULL, NULL),('2524', 1, 'long', 'customerManagerId', '2517', '2517', NULL, NULL, NULL, 2, '2', NULL),('2525', 1, 'string', 'orderCode', '2517', '2517', NULL, NULL, NULL, NULL, 'S20220304000013', NULL),('2526', 1, 'long', 'id', '2517', '2517', NULL, NULL, NULL, 1, '1', NULL),('2529', 1, 'string', 'nextStatus', '2517', '2517', NULL, NULL, NULL, NULL, '2', NULL),('2530', 1, 'string', 'prevStatus', '2517', '2517', NULL, NULL, NULL, NULL, '1', NULL),('7521', 1, 'long', 'designerId', '7519', '7519', NULL, NULL, NULL, 3, '3', NULL),('7522', 1, 'string', 'testOrderStatus', '7519', '7519', NULL, NULL, NULL, NULL, '1', NULL),('7524', 1, 'serializable', 'createTime', '7519', '7519', NULL, '7523', NULL, NULL, NULL, NULL),('7526', 1, 'long', 'customerManagerId', '7519', '7519', NULL, NULL, NULL, 3, '3', NULL),('7527', 1, 'string', 'orderCode', '7519', '7519', NULL, NULL, NULL, NULL, 'S20220304000021', NULL),('7528', 1, 'long', 'id', '7519', '7519', NULL, NULL, NULL, 4, '4', NULL),('7531', 1, 'string', 'nextStatus', '7519', '7519', NULL, NULL, NULL, NULL, '2', NULL),('7532', 1, 'string', 'prevStatus', '7519', '7519', NULL, NULL, NULL, NULL, '1', NULL),('7535', 2, 'string', 'result', '7519', '7519', NULL, NULL, NULL, NULL, '2', NULL);
UNLOCK TABLES;
COMMIT;
BEGIN;
LOCK TABLES `jqp`.`address_code` WRITE;
DELETE FROM `jqp`.`address_code`;
INSERT INTO `jqp`.`address_code` (`id`,`code`,`name`) VALUES (1, '130000', '河北省'),(2, '230000', '黑龙江省'),(3, '210000', '辽宁省'),(4, '150000', '内蒙古自治区'),(5, '370000', '山东省'),(6, '140000', '山西省'),(7, '310000', '上海市'),(8, '120000', '天津市'),(9, '650000', '新疆维吾尔自治区'),(10, '220000', '吉林省'),(11, '620000', '甘肃省'),(12, '420000', '湖北省'),(13, '360000', '江西省'),(14, '350000', '福建省'),(15, '630000', '青海省'),(16, '610000', '陕西省'),(17, '510000', '四川省'),(18, '530000', '云南省'),(19, '410000', '河南省'),(20, '520000', '贵州省'),(21, '430000', '湖南省'),(22, '710000', '台湾省'),(23, '320000', '江苏省'),(24, '540000', '西藏自治区'),(25, '500000', '重庆市'),(26, '340000', '安徽省'),(27, '640000', '宁夏回族自治区'),(28, '110000', '北京市'),(29, '450000', '广西壮族自治区'),(30, '440000', '广东省'),(31, '460000', '海南省'),(32, '330000', '浙江省'),(33, '820000', '澳门'),(34, '810000', '香港'),(35, '990000', '苏鲁交界'),(36, '130100', '河北省石家庄市'),(37, '232700', '黑龙江省大兴安岭地区'),(38, '210500', '辽宁省本溪市'),(39, '211300', '辽宁省朝阳市'),(40, '210600', '辽宁省丹东市'),(41, '210400', '辽宁省抚顺市'),(42, '210900', '辽宁省阜新市'),(43, '211400', '辽宁省葫芦岛市'),(44, '210700', '辽宁省锦州市'),(45, '211100', '辽宁省盘锦市'),(46, '211200', '辽宁省铁岭市'),(47, '210800', '辽宁省营口市'),(48, '210300', '辽宁省鞍山市'),(49, '210200', '辽宁省大连市'),(50, '211000', '辽宁省辽阳市'),(51, '150800', '内蒙古自治区巴彦淖尔市'),(52, '150200', '内蒙古自治区包头市'),(53, '150700', '内蒙古自治区呼伦贝尔市'),(54, '150500', '内蒙古自治区通辽市'),(55, '152500', '内蒙古自治区锡林郭勒盟'),(56, '150100', '内蒙古自治区呼和浩特市'),(57, '152900', '内蒙古自治区阿拉善盟'),(58, '371100', '山东省日照市'),(59, '370200', '山东省青岛市'),(60, '370100', '山东省济南市'),(61, '370700', '山东省潍坊市'),(62, '370800', '山东省济宁市'),(63, '140300', '山西省阳泉市'),(64, '310100', '上海市'),(65, '120100', '天津市'),(66, '652800', '新疆维吾尔自治区巴音郭楞蒙古自治州'),(67, '652700', '新疆维吾尔自治区博尔塔拉蒙古自治州'),(68, '652300', '新疆维吾尔自治区昌吉回族自治州'),(69, '650500', '新疆维吾尔自治区哈密市'),(70, '653200', '新疆维吾尔自治区和田地区'),(71, '653100', '新疆维吾尔自治区喀什地区'),(72, '654200', '新疆维吾尔自治区塔城地区'),(73, '654300', '新疆维吾尔自治区阿勒泰地区'),(74, '659000', '新疆维吾尔自治区胡杨河市'),(75, '654000', '新疆维吾尔自治区伊犁哈萨克自治州'),(76, '222400', '吉林省延边朝鲜族自治州'),(77, '220500', '吉林省通化市'),(78, '220700', '吉林省松原市'),(79, '220100', '吉林省长春市'),(80, '220300', '吉林省四平市'),(81, '220400', '吉林省辽源市'),(82, '220800', '吉林省白城市'),(83, '220200', '吉林省吉林市'),(84, '620500', '甘肃省天水市'),(85, '621100', '甘肃省定西市'),(86, '621000', '甘肃省庆阳市'),(87, '623000', '甘肃省甘南藏族自治州'),(88, '620900', '甘肃省酒泉市'),(89, '620700', '甘肃省张掖市'),(90, '620300', '甘肃省金昌市'),(91, '620600', '甘肃省武威市'),(92, '620100', '甘肃省兰州市'),(93, '620400', '甘肃省白银市'),(94, '620800', '甘肃省平凉市'),(95, '621200', '甘肃省陇南市'),(96, '620200', '甘肃省嘉峪关市'),(97, '429004', '湖北省仙桃市'),(98, '360200', '江西省景德镇市'),(99, '350900', '福建省宁德市'),(100, '632200', '青海省海北藏族自治州'),(101, '630200', '青海省海东市'),(102, '632500', '青海省海南藏族自治州'),(103, '632800', '青海省海西蒙古族藏族自治州'),(104, '632300', '青海省黄南藏族自治州'),(105, '630100', '青海省西宁市'),(106, '632600', '青海省果洛藏族自治州'),(107, '632700', '青海省玉树藏族自治州'),(108, '610600', '陕西省延安市'),(109, '610800', '陕西省榆林市'),(110, '610100', '陕西省西安市'),(111, '610200', '陕西省铜川市'),(112, '510800', '四川省广元市'),(113, '511900', '四川省巴中市'),(114, '511700', '四川省达州市'),(115, '510700', '四川省绵阳市'),(116, '511500', '四川省宜宾市'),(117, '511400', '四川省眉山市'),(118, '513400', '四川省凉山彝族自治州'),(119, '511100', '四川省乐山市'),(120, '510300', '四川省自贡市'),(121, '532900', '云南省大理白族自治州'),(122, '532600', '云南省文山壮族苗族自治州'),(123, '530900', '云南省临沧市'),(124, '532800', '云南省西双版纳傣族自治州'),(125, '533300', '云南省怒江傈僳族自治州'),(126, '410600', '河南省鹤壁市'),(127, '410800', '河南省焦作市'),(128, '410200', '河南省开封市'),(129, '411100', '河南省漯河市'),(130, '411300', '河南省南阳市'),(131, '410400', '河南省平顶山市'),(132, '411200', '河南省三门峡市'),(133, '411400', '河南省商丘市'),(134, '419001', '河南省济源市'),(135, '410700', '河南省新乡市'),(136, '411500', '河南省信阳市'),(137, '410100', '河南省郑州市'),(138, '410500', '河南省安阳市'),(139, '410300', '河南省洛阳市'),(140, '520500', '贵州省毕节市'),(141, '430200', '湖南省株洲市'),(142, '430300', '湖南省湘潭市'),(143, '430600', '湖南省岳阳市'),(144, '430100', '湖南省长沙市'),(145, '433100', '湖南省湘西土家族苗族自治州'),(146, '430700', '湖南省常德市'),(147, '430400', '湖南省衡阳市'),(148, '431300', '湖南省娄底市'),(149, '431200', '湖南省怀化市'),(150, '431000', '湖南省郴州市'),(151, '430900', '湖南省益阳市'),(152, '659009', '新疆维吾尔自治区昆玉市'),(153, '719003', '台湾省嘉义市'),(154, '710600', '台湾省桃园市'),(155, '710100', '台湾省台北市'),(156, '710400', '台湾省台中市'),(157, '710300', '台湾省新北市'),(158, '710500', '台湾省台南市'),(159, '710200', '台湾省高雄市'),(160, '719002', '台湾省新竹市'),(161, '719010', '台湾省嘉义县'),(162, '719008', '台湾省云林县'),(163, '719011', '台湾省屏东县'),(164, '719009', '台湾省南投县'),(165, '719013', '台湾省花莲县'),(166, '719007', '台湾省彰化县'),(167, '719012', '台湾省台东县'),(168, '719005', '台湾省宜兰县'),(169, '719006', '台湾省苗栗县'),(170, '719004', '台湾省新竹县'),(171, '320200', '江苏省无锡市'),(172, '210100', '辽宁省沈阳市'),(173, '431100', '湖南省永州市'),(174, '130400', '河北省邯郸市'),(175, '320500', '江苏省苏州市'),(176, '430800', '湖南省张家界市'),(177, '411700', '河南省驻马店市'),(178, '320400', '江苏省常州市'),(179, '320300', '江苏省徐州市'),(180, '320800', '江苏省淮安市'),(181, '321000', '江苏省扬州市'),(182, '320900', '江苏省盐城市'),(183, '320700', '江苏省连云港市'),(184, '321300', '江苏省宿迁市'),(185, '320100', '江苏省南京市'),(186, '321100', '江苏省镇江市'),(187, '321200', '江苏省泰州市'),(188, '320600', '江苏省南通市'),(189, '430500', '湖南省邵阳市'),(190, '411600', '河南省周口市'),(191, '411000', '河南省许昌市'),(192, '410900', '河南省濮阳市'),(193, '360100', '江西省南昌市'),(194, '361000', '江西省抚州市'),(195, '360500', '江西省新余市'),(196, '360300', '江西省萍乡市'),(197, '140500', '山西省晋城市'),(198, '652900', '新疆维吾尔自治区阿克苏地区'),(199, '510100', '四川省成都市'),(200, '511800', '四川省雅安市'),(201, '510600', '四川省德阳市'),(202, '659002', '新疆维吾尔自治区阿拉尔市'),(203, '653000', '新疆维吾尔自治区克孜勒苏柯尔克孜自治州'),(204, '659005', '新疆维吾尔自治区北屯市'),(205, '513200', '四川省阿坝藏族羌族自治州'),(206, '513300', '四川省甘孜藏族自治州'),(207, '511300', '四川省南充市'),(208, '150400', '内蒙古自治区赤峰市'),(209, '150600', '内蒙古自治区鄂尔多斯市'),(210, '540100', '西藏自治区拉萨市'),(211, '540300', '西藏自治区昌都市'),(212, '540400', '西藏自治区林芝市'),(213, '360400', '江西省九江市'),(214, '659006', '新疆维吾尔自治区铁门关市'),(215, '420300', '湖北省十堰市'),(216, '610900', '陕西省安康市'),(217, '611000', '陕西省商洛市'),(218, '420600', '湖北省襄阳市'),(219, '429021', '湖北省神农架林区'),(220, '610400', '陕西省咸阳市'),(221, '610300', '陕西省宝鸡市'),(222, '610700', '陕西省汉中市'),(223, '610500', '陕西省渭南市'),(224, '421200', '湖北省咸宁市'),(225, '422800', '湖北省恩施土家族苗族自治州'),(226, '141000', '山西省临汾市'),(227, '140200', '山西省大同市'),(228, '140400', '山西省长治市'),(229, '420900', '湖北省孝感市'),(230, '429006', '湖北省天门市'),(231, '420800', '湖北省荆门市'),(232, '420500', '湖北省宜昌市'),(233, '420100', '湖北省武汉市'),(234, '429005', '湖北省潜江市'),(235, '421000', '湖北省荆州市'),(236, '719014', '台湾省澎湖县'),(237, '141100', '山西省吕梁市'),(238, '140100', '山西省太原市'),(239, '140700', '山西省晋中市'),(240, '140600', '山西省朔州市'),(241, '140800', '山西省运城市'),(242, '361100', '江西省上饶市'),(243, '540500', '西藏自治区山南市'),(244, '540200', '西藏自治区日喀则市'),(245, '540600', '西藏自治区那曲市'),(246, '542500', '西藏自治区阿里地区'),(247, '420700', '湖北省鄂州市'),(248, '421300', '湖北省随州市'),(249, '421100', '湖北省黄冈市'),(250, '420200', '湖北省黄石市'),(251, '500100', '重庆市'),(252, '500200', '重庆市'),(253, '371700', '山东省菏泽市'),(254, '152200', '内蒙古自治区兴安盟'),(255, '140900', '山西省忻州市'),(256, '350300', '福建省莆田市'),(257, '360800', '江西省吉安市'),(258, '360900', '江西省宜春市'),(259, '360700', '江西省赣州市'),(260, '360600', '江西省鹰潭市'),(261, '511600', '四川省广安市'),(262, '510500', '四川省泸州市'),(263, '511000', '四川省内江市'),(264, '510400', '四川省攀枝花市'),(265, '510900', '四川省遂宁市'),(266, '512000', '四川省资阳市'),(267, '659008', '新疆维吾尔自治区可克达拉市'),(268, '370600', '山东省烟台市'),(269, '650100', '新疆维吾尔自治区乌鲁木齐市'),(270, '650400', '新疆维吾尔自治区吐鲁番市'),(271, '650200', '新疆维吾尔自治区克拉玛依市'),(272, '659004', '新疆维吾尔自治区五家渠市'),(273, '659001', '新疆维吾尔自治区石河子市'),(274, '659003', '新疆维吾尔自治区图木舒克市'),(275, '659007', '新疆维吾尔自治区双河市'),(276, '350400', '福建省三明市'),(277, '350500', '福建省泉州市'),(278, '350800', '福建省龙岩市'),(279, '350100', '福建省福州市'),(280, '350700', '福建省南平市'),(281, '350200', '福建省厦门市'),(282, '350600', '福建省漳州市'),(283, '150900', '内蒙古自治区乌兰察布市'),(284, '150300', '内蒙古自治区乌海市'),(285, '220600', '吉林省白山市'),(286, '371600', '山东省滨州市'),(287, '371400', '山东省德州市'),(288, '370300', '山东省淄博市'),(289, '370400', '山东省枣庄市'),(290, '370900', '山东省泰安市'),(291, '371500', '山东省聊城市'),(292, '371000', '山东省威海市'),(293, '622900', '甘肃省临夏回族自治州'),(294, '230700', '黑龙江省伊春市'),(295, '230600', '黑龙江省大庆市'),(296, '230100', '黑龙江省哈尔滨市'),(297, '230400', '黑龙江省鹤岗市'),(298, '231100', '黑龙江省黑河市'),(299, '230300', '黑龙江省鸡西市'),(300, '230800', '黑龙江省佳木斯市'),(301, '231000', '黑龙江省牡丹江市'),(302, '230900', '黑龙江省七台河市'),(303, '230200', '黑龙江省齐齐哈尔市'),(304, '230500', '黑龙江省双鸭山市'),(305, '231200', '黑龙江省绥化市'),(306, '520100', '贵州省贵阳市'),(307, '520400', '贵州省安顺市'),(308, '520200', '贵州省六盘水市'),(309, '522600', '贵州省黔东南苗族侗族自治州'),(310, '522700', '贵州省黔南布依族苗族自治州'),(311, '522300', '贵州省黔西南布依族苗族自治州'),(312, '520600', '贵州省铜仁市'),(313, '520300', '贵州省遵义市'),(314, '340100', '安徽省合肥市'),(315, '341100', '安徽省滁州市'),(316, '340800', '安徽省安庆市'),(317, '340300', '安徽省蚌埠市'),(318, '341600', '安徽省亳州市'),(319, '341700', '安徽省池州市'),(320, '341200', '安徽省阜阳市'),(321, '340600', '安徽省淮北市'),(322, '340400', '安徽省淮南市'),(323, '341000', '安徽省黄山市'),(324, '341500', '安徽省六安市'),(325, '340500', '安徽省马鞍山市'),(326, '340700', '安徽省铜陵市'),(327, '340200', '安徽省芜湖市'),(328, '341300', '安徽省宿州市'),(329, '341800', '安徽省宣城市'),(330, '130600', '河北省保定市'),(331, '130700', '河北省张家口市'),(332, '130500', '河北省邢台市'),(333, '130200', '河北省唐山市'),(334, '130300', '河北省秦皇岛市'),(335, '131000', '河北省廊坊市'),(336, '131100', '河北省衡水市'),(337, '130800', '河北省承德市'),(338, '130900', '河北省沧州市'),(339, '640400', '宁夏回族自治区固原市'),(340, '640200', '宁夏回族自治区石嘴山市'),(341, '640300', '宁夏回族自治区吴忠市'),(342, '640100', '宁夏回族自治区银川市'),(343, '640500', '宁夏回族自治区中卫市'),(344, '530100', '云南省昆明市'),(345, '530300', '云南省曲靖市'),(346, '530500', '云南省保山市'),(347, '532300', '云南省楚雄彝族自治州'),(348, '533100', '云南省德宏傣族景颇族自治州'),(349, '533400', '云南省迪庆藏族自治州'),(350, '532500', '云南省红河哈尼族彝族自治州'),(351, '530700', '云南省丽江市'),(352, '530800', '云南省普洱市'),(353, '530400', '云南省玉溪市'),(354, '530600', '云南省昭通市'),(355, '371300', '山东省临沂市'),(356, '370500', '山东省东营市'),(357, '110100', '北京市'),(358, '719001', '台湾省基隆市'),(359, '451100', '广西壮族自治区贺州市'),(360, '441600', '广东省河源市'),(361, '441700', '广东省阳江市'),(362, '445300', '广东省云浮市'),(363, '440800', '广东省湛江市'),(364, '440700', '广东省江门市'),(365, '442000', '广东省中山市'),(366, '441900', '广东省东莞市'),(367, '440300', '广东省深圳市'),(368, '450100', '广西壮族自治区南宁市'),(369, '460100', '海南省海口市'),(370, '450200', '广西壮族自治区柳州市'),(371, '330700', '浙江省金华市'),(372, '331000', '浙江省台州市'),(373, '330400', '浙江省嘉兴市'),(374, '331100', '浙江省丽水市'),(375, '330800', '浙江省衢州市'),(376, '330200', '浙江省宁波市'),(377, '330600', '浙江省绍兴市'),(378, '330100', '浙江省杭州市'),(379, '330500', '浙江省湖州市'),(380, '330300', '浙江省温州市'),(381, '460200', '海南省三亚市'),(382, '330900', '浙江省舟山市'),(383, '469006', '海南省万宁市'),(384, '469007', '海南省东方市'),(385, '469024', '海南省临高县'),(386, '469027', '海南省乐东黎族自治县'),(387, '469001', '海南省五指山市'),(388, '469029', '海南省保亭黎族苗族自治县'),(389, '460400', '海南省儋州市'),(390, '469021', '海南省定安县'),(391, '469022', '海南省屯昌县'),(392, '469005', '海南省文昌市'),(393, '469026', '海南省昌江黎族自治县'),(394, '469023', '海南省澄迈县'),(395, '469030', '海南省琼中黎族苗族自治县'),(396, '469002', '海南省琼海市'),(397, '469025', '海南省白沙黎族自治县'),(398, '469028', '海南省陵水黎族自治县'),(399, '450300', '广西壮族自治区桂林市'),(400, '451000', '广西壮族自治区百色市'),(401, '450500', '广西壮族自治区北海市'),(402, '450600', '广西壮族自治区防城港市'),(403, '450800', '广西壮族自治区贵港市'),(404, '451200', '广西壮族自治区河池市'),(405, '450700', '广西壮族自治区钦州市'),(406, '450400', '广西壮族自治区梧州市'),(407, '450900', '广西壮族自治区玉林市'),(408, '451400', '广西壮族自治区崇左市'),(409, '451300', '广西壮族自治区来宾市'),(410, '440100', '广东省广州市'),(411, '441200', '广东省肇庆市'),(412, '441300', '广东省惠州市'),(413, '445200', '广东省揭阳市'),(414, '441800', '广东省清远市'),(415, '440600', '广东省佛山市'),(416, '440400', '广东省珠海市'),(417, '440200', '广东省韶关市'),(418, '445100', '广东省潮州市'),(419, '440900', '广东省茂名市'),(420, '441400', '广东省梅州市'),(421, '440500', '广东省汕头市'),(422, '441500', '广东省汕尾市'),(423, '460300', '海南省三沙市'),(424, '999900', '苏鲁交界海域'),(425, '130105', '河北省石家庄市新华区'),(426, '130104', '河北省石家庄市桥西区'),(427, '232762', '黑龙江省大兴安岭地区松岭区'),(428, '232761', '黑龙江省大兴安岭地区加格达奇区'),(429, '210521', '辽宁省本溪市本溪满族自治县'),(430, '211321', '辽宁省朝阳市朝阳县'),(431, '211303', '辽宁省朝阳市龙城区'),(432, '211324', '辽宁省朝阳市喀喇沁左翼蒙古族自治县'),(433, '211382', '辽宁省朝阳市凌源市'),(434, '211381', '辽宁省朝阳市北票市'),(435, '210603', '辽宁省丹东市振兴区'),(436, '210403', '辽宁省抚顺市东洲区'),(437, '210402', '辽宁省抚顺市新抚区'),(438, '210903', '辽宁省阜新市新邱区'),(439, '211481', '辽宁省葫芦岛市兴城市'),(440, '211402', '辽宁省葫芦岛市连山区'),(441, '211421', '辽宁省葫芦岛市绥中县'),(442, '210781', '辽宁省锦州市凌海市'),(443, '211122', '辽宁省盘锦市盘山县'),(444, '211102', '辽宁省盘锦市双台子区'),(445, '211282', '辽宁省铁岭市开原市'),(446, '211224', '辽宁省铁岭市昌图县'),(447, '211281', '辽宁省铁岭市调兵山市'),(448, '211202', '辽宁省铁岭市银州区'),(449, '210804', '辽宁省营口市鲅鱼圈区'),(450, '210323', '辽宁省鞍山市岫岩满族自治县'),(451, '210214', '辽宁省大连市普兰店区'),(452, '210281', '辽宁省大连市瓦房店市'),(453, '210522', '辽宁省本溪市桓仁满族自治县'),(454, '210505', '辽宁省本溪市南芬区'),(455, '210502', '辽宁省本溪市平山区'),(456, '210503', '辽宁省本溪市溪湖区'),(457, '210504', '辽宁省本溪市明山区'),(458, '211322', '辽宁省朝阳市建平县'),(459, '211302', '辽宁省朝阳市双塔区'),(460, '210624', '辽宁省丹东市宽甸满族自治县'),(461, '210682', '辽宁省丹东市凤城市'),(462, '210681', '辽宁省丹东市东港市'),(463, '210604', '辽宁省丹东市振安区'),(464, '210602', '辽宁省丹东市元宝区'),(465, '210423', '辽宁省抚顺市清原满族自治县'),(466, '210422', '辽宁省抚顺市新宾满族自治县'),(467, '210911', '辽宁省阜新市细河区'),(468, '210905', '辽宁省阜新市清河门区'),(469, '210904', '辽宁省阜新市太平区'),(470, '211404', '辽宁省葫芦岛市南票区'),(471, '211422', '辽宁省葫芦岛市建昌县'),(472, '211403', '辽宁省葫芦岛市龙港区'),(473, '210782', '辽宁省锦州市北镇市'),(474, '210727', '辽宁省锦州市义县'),(475, '210711', '辽宁省锦州市太和区'),(476, '210702', '辽宁省锦州市古塔区'),(477, '210703', '辽宁省锦州市凌河区'),(478, '211002', '辽宁省辽阳市白塔区'),(479, '211103', '辽宁省盘锦市兴隆台区'),(480, '211204', '辽宁省铁岭市清河区'),(481, '211223', '辽宁省铁岭市西丰县'),(482, '210811', '辽宁省营口市老边区'),(483, '210881', '辽宁省营口市盖州市'),(484, '210882', '辽宁省营口市大石桥市'),(485, '210802', '辽宁省营口市站前区'),(486, '210803', '辽宁省营口市西市区'),(487, '210311', '辽宁省鞍山市千山区'),(488, '210381', '辽宁省鞍山市海城市'),(489, '210304', '辽宁省鞍山市立山区'),(490, '210302', '辽宁省鞍山市铁东区'),(491, '210303', '辽宁省鞍山市铁西区'),(492, '210321', '辽宁省鞍山市台安县'),(493, '210211', '辽宁省大连市甘井子区'),(494, '210213', '辽宁省大连市金州区'),(495, '210283', '辽宁省大连市庄河市'),(496, '210203', '辽宁省大连市西岗区'),(497, '210202', '辽宁省大连市中山区'),(498, '150802', '内蒙古自治区巴彦淖尔市临河区'),(499, '150202', '内蒙古自治区包头市东河区'),(500, '150203', '内蒙古自治区包头市昆都仑区'),(501, '150205', '内蒙古自治区包头市石拐区'),(502, '150702', '内蒙古自治区呼伦贝尔市海拉尔区'),(503, '150526', '内蒙古自治区通辽市扎鲁特旗'),(504, '152530', '内蒙古自治区锡林郭勒盟正蓝旗'),(505, '150822', '内蒙古自治区巴彦淖尔市磴口县'),(506, '152525', '内蒙古自治区锡林郭勒盟东乌珠穆沁旗'),(507, '150103', '内蒙古自治区呼和浩特市回民区'),(508, '150102', '内蒙古自治区呼和浩特市新城区'),(509, '150104', '内蒙古自治区呼和浩特市玉泉区'),(510, '150125', '内蒙古自治区呼和浩特市武川县'),(511, '150105', '内蒙古自治区呼和浩特市赛罕区'),(512, '150121', '内蒙古自治区呼和浩特市土默特左旗'),(513, '150824', '内蒙古自治区巴彦淖尔市乌拉特中旗'),(514, '152531', '内蒙古自治区锡林郭勒盟多伦县'),(515, '152522', '内蒙古自治区锡林郭勒盟阿巴嘎旗'),(516, '152529', '内蒙古自治区锡林郭勒盟正镶白旗'),(517, '152923', '内蒙古自治区阿拉善盟额济纳旗'),(518, '152921', '内蒙古自治区阿拉善盟阿拉善左旗'),(519, '150826', '内蒙古自治区巴彦淖尔市杭锦后旗'),(520, '152526', '内蒙古自治区锡林郭勒盟西乌珠穆沁旗'),(521, '152501', '内蒙古自治区锡林郭勒盟二连浩特市'),(522, '152502', '内蒙古自治区锡林郭勒盟锡林浩特市'),(523, '152523', '内蒙古自治区锡林郭勒盟苏尼特左旗'),(524, '371122', '山东省日照市莒县'),(525, '371121', '山东省日照市五莲县'),(526, '371103', '山东省日照市岚山区'),(527, '371102', '山东省日照市东港区'),(528, '370283', '山东省青岛市平度市'),(529, '370211', '山东省青岛市黄岛区'),(530, '370203', '山东省青岛市市北区'),(531, '370215', '山东省青岛市即墨区'),(532, '370213', '山东省青岛市李沧区'),(533, '370285', '山东省青岛市莱西市'),(534, '370126', '山东省济南市商河县'),(535, '370114', '山东省济南市章丘区'),(536, '370113', '山东省济南市长清区'),(537, '370115', '山东省济南市济阳区'),(538, '370112', '山东省济南市历城区'),(539, '370104', '山东省济南市槐荫区'),(540, '370102', '山东省济南市历下区'),(541, '370103', '山东省济南市市中区'),(542, '370105', '山东省济南市天桥区'),(543, '370705', '山东省潍坊市奎文区'),(544, '370826', '山东省济宁市微山县'),(545, '370281', '山东省青岛市胶州市'),(546, '140311', '山西省阳泉市郊区'),(547, '140322', '山西省阳泉市盂县'),(548, '140321', '山西省阳泉市平定县'),(549, '140303', '山西省阳泉市矿区'),(550, '140302', '山西省阳泉市城区'),(551, '310110', '上海市杨浦区'),(552, '310118', '上海市青浦区'),(553, '120119', '天津市蓟州区'),(554, '120102', '天津市河东区'),(555, '120101', '天津市和平区'),(556, '120118', '天津市静海区'),(557, '652824', '新疆维吾尔自治区巴音郭楞蒙古自治州若羌县'),(558, '652828', '新疆维吾尔自治区巴音郭楞蒙古自治州和硕县'),(559, '652801', '新疆维吾尔自治区巴音郭楞蒙古自治州库尔勒市'),(560, '652723', '新疆维吾尔自治区博尔塔拉蒙古自治州温泉县'),(561, '652302', '新疆维吾尔自治区昌吉回族自治州阜康市'),(562, '652324', '新疆维吾尔自治区昌吉回族自治州玛纳斯县'),(563, '652327', '新疆维吾尔自治区昌吉回族自治州吉木萨尔县'),(564, '652325', '新疆维吾尔自治区昌吉回族自治州奇台县'),(565, '650521', '新疆维吾尔自治区哈密市巴里坤哈萨克自治县'),(566, '650522', '新疆维吾尔自治区哈密市伊吾县'),(567, '650502', '新疆维吾尔自治区哈密市伊州区'),(568, '653223', '新疆维吾尔自治区和田地区皮山县'),(569, '653227', '新疆维吾尔自治区和田地区民丰县'),(570, '653221', '新疆维吾尔自治区和田地区和田县'),(571, '653225', '新疆维吾尔自治区和田地区策勒县'),(572, '653226', '新疆维吾尔自治区和田地区于田县'),(573, '653222', '新疆维吾尔自治区和田地区墨玉县'),(574, '653201', '新疆维吾尔自治区和田地区和田市'),(575, '653125', '新疆维吾尔自治区喀什地区莎车县'),(576, '654202', '新疆维吾尔自治区塔城地区乌苏市'),(577, '654324', '新疆维吾尔自治区阿勒泰地区哈巴河县'),(578, '654321', '新疆维吾尔自治区阿勒泰地区布尔津县'),(579, '654323', '新疆维吾尔自治区阿勒泰地区福海县'),(580, '654325', '新疆维吾尔自治区阿勒泰地区青河县'),(581, '654221', '新疆维吾尔自治区塔城地区额敏县'),(582, '654226', '新疆维吾尔自治区塔城地区和布克赛尔蒙古自治县'),(583, '659010', '新疆维吾尔自治区胡杨河市胡杨河市'),(584, '654004', '新疆维吾尔自治区伊犁哈萨克自治州霍尔果斯市'),(585, '222424', '吉林省延边朝鲜族自治州汪清县'),(586, '220581', '吉林省通化市梅河口市'),(587, '220722', '吉林省松原市长岭县'),(588, '220184', '吉林省长春市公主岭市'),(589, '220323', '吉林省四平市伊通满族自治县'),(590, '220303', '吉林省四平市铁东区'),(591, '220382', '吉林省四平市双辽市'),(592, '220322', '吉林省四平市梨树县'),(593, '220422', '吉林省辽源市东辽县'),(594, '220402', '吉林省辽源市龙山区'),(595, '220802', '吉林省白城市洮北区'),(596, '220882', '吉林省白城市大安市'),(597, '220822', '吉林省白城市通榆县'),(598, '220881', '吉林省白城市洮南市'),(599, '220302', '吉林省四平市铁西区'),(600, '220204', '吉林省吉林市船营区'),(601, '220282', '吉林省吉林市桦甸市'),(602, '220284', '吉林省吉林市磐石市'),(603, '220203', '吉林省吉林市龙潭区'),(604, '220221', '吉林省吉林市永吉县'),(605, '220211', '吉林省吉林市丰满区'),(606, '220202', '吉林省吉林市昌邑区'),(607, '220113', '吉林省长春市九台区'),(608, '220105', '吉林省长春市二道区'),(609, '220104', '吉林省长春市朝阳区'),(610, '220112', '吉林省长春市双阳区'),(611, '220106', '吉林省长春市绿园区'),(612, '220122', '吉林省长春市农安县'),(613, '222403', '吉林省延边朝鲜族自治州敦化市'),(614, '222401', '吉林省延边朝鲜族自治州延吉市'),(615, '220521', '吉林省通化市通化县'),(616, '220502', '吉林省通化市东昌区'),(617, '220524', '吉林省通化市柳河县'),(618, '220523', '吉林省通化市辉南县'),(619, '220503', '吉林省通化市二道江区'),(620, '220721', '吉林省松原市前郭尔罗斯蒙古族自治县'),(621, '220781', '吉林省松原市扶余市'),(622, '220702', '吉林省松原市宁江区'),(623, '220421', '吉林省辽源市东丰县'),(624, '220403', '吉林省辽源市西安区'),(625, '220283', '吉林省吉林市舒兰市'),(626, '220281', '吉林省吉林市蛟河市'),(627, '220183', '吉林省长春市德惠市'),(628, '220103', '吉林省长春市宽城区'),(629, '220182', '吉林省长春市榆树市'),(630, '220102', '吉林省长春市南关区'),(631, '620525', '甘肃省天水市张家川回族自治县'),(632, '620521', '甘肃省天水市清水县'),(633, '621121', '甘肃省定西市通渭县'),(634, '621023', '甘肃省庆阳市华池县'),(635, '623023', '甘肃省甘南藏族自治州舟曲县'),(636, '623001', '甘肃省甘南藏族自治州合作市'),(637, '620922', '甘肃省酒泉市瓜州县'),(638, '620902', '甘肃省酒泉市肃州区'),(639, '620702', '甘肃省张掖市甘州区'),(640, '620722', '甘肃省张掖市民乐县'),(641, '620725', '甘肃省张掖市山丹县'),(642, '620321', '甘肃省金昌市永昌县'),(643, '620622', '甘肃省武威市古浪县'),(644, '620121', '甘肃省兰州市永登县'),(645, '620123', '甘肃省兰州市榆中县'),(646, '620122', '甘肃省兰州市皋兰县'),(647, '620403', '甘肃省白银市平川区'),(648, '621022', '甘肃省庆阳市环县'),(649, '621021', '甘肃省庆阳市庆城县'),(650, '621024', '甘肃省庆阳市合水县'),(651, '621027', '甘肃省庆阳市镇原县'),(652, '621002', '甘肃省庆阳市西峰区'),(653, '621026', '甘肃省庆阳市宁县'),(654, '621025', '甘肃省庆阳市正宁县'),(655, '620881', '甘肃省平凉市华亭市'),(656, '623027', '甘肃省甘南藏族自治州夏河县'),(657, '620825', '甘肃省平凉市庄浪县'),(658, '620826', '甘肃省平凉市静宁县'),(659, '620522', '甘肃省天水市秦安县'),(660, '620503', '甘肃省天水市麦积区'),(661, '620502', '甘肃省天水市秦州区'),(662, '621226', '甘肃省陇南市礼县'),(663, '621225', '甘肃省陇南市西和县'),(664, '621223', '甘肃省陇南市宕昌县'),(665, '623024', '甘肃省甘南藏族自治州迭部县'),(666, '620523', '甘肃省天水市甘谷县'),(667, '620524', '甘肃省天水市武山县'),(668, '623022', '甘肃省甘南藏族自治州卓尼县'),(669, '623021', '甘肃省甘南藏族自治州临潭县'),(670, '620982', '甘肃省酒泉市敦煌市'),(671, '620924', '甘肃省酒泉市阿克塞哈萨克族自治县'),(672, '620981', '甘肃省酒泉市玉门市'),(673, '620921', '甘肃省酒泉市金塔县'),(674, '620721', '甘肃省张掖市肃南裕固族自治县'),(675, '620724', '甘肃省张掖市高台县'),(676, '620302', '甘肃省金昌市金川区'),(677, '620621', '甘肃省武威市民勤县'),(678, '620602', '甘肃省武威市凉州区'),(679, '620423', '甘肃省白银市景泰县'),(680, '620111', '甘肃省兰州市红古区'),(681, '620104', '甘肃省兰州市西固区'),(682, '620422', '甘肃省白银市会宁县'),(683, '620105', '甘肃省兰州市安宁区'),(684, '620103', '甘肃省兰州市七里河区'),(685, '620102', '甘肃省兰州市城关区'),(686, '620402', '甘肃省白银市白银区'),(687, '620421', '甘肃省白银市靖远县'),(688, '620802', '甘肃省平凉市崆峒区'),(689, '620823', '甘肃省平凉市崇信县'),(690, '620821', '甘肃省平凉市泾川县'),(691, '620822', '甘肃省平凉市灵台县'),(692, '621102', '甘肃省定西市安定区'),(693, '621122', '甘肃省定西市陇西县'),(694, '621123', '甘肃省定西市渭源县'),(695, '621124', '甘肃省定西市临洮县'),(696, '623026', '甘肃省甘南藏族自治州碌曲县'),(697, '623025', '甘肃省甘南藏族自治州玛曲县'),(698, '621125', '甘肃省定西市漳县'),(699, '621126', '甘肃省定西市岷县'),(700, '620200', '甘肃省嘉峪关市嘉峪关市'),(701, '621221', '甘肃省陇南市成县'),(702, '621227', '甘肃省陇南市徽县'),(703, '621228', '甘肃省陇南市两当县'),(704, '621224', '甘肃省陇南市康县'),(705, '621222', '甘肃省陇南市文县'),(706, '621202', '甘肃省陇南市武都区'),(707, '429004', '湖北省仙桃市仙桃市'),(708, '360203', '江西省景德镇市珠山区'),(709, '350981', '福建省宁德市福安市'),(710, '632221', '青海省海北藏族自治州门源回族自治县'),(711, '632222', '青海省海北藏族自治州祁连县'),(712, '632224', '青海省海北藏族自治州刚察县'),(713, '632223', '青海省海北藏族自治州海晏县'),(714, '630223', '青海省海东市互助土族自治县'),(715, '630202', '青海省海东市乐都区'),(716, '630203', '青海省海东市平安区'),(717, '630222', '青海省海东市民和回族土族自治县'),(718, '630224', '青海省海东市化隆回族自治县'),(719, '630225', '青海省海东市循化撒拉族自治县'),(720, '632522', '青海省海南藏族自治州同德县'),(721, '632525', '青海省海南藏族自治州贵南县'),(722, '632523', '青海省海南藏族自治州贵德县'),(723, '632521', '青海省海南藏族自治州共和县'),(724, '632524', '青海省海南藏族自治州兴海县'),(725, '632823', '青海省海西蒙古族藏族自治州天峻县'),(726, '632802', '青海省海西蒙古族藏族自治州德令哈市'),(727, '632821', '青海省海西蒙古族藏族自治州乌兰县'),(728, '632822', '青海省海西蒙古族藏族自治州都兰县'),(729, '632801', '青海省海西蒙古族藏族自治州格尔木市'),(730, '632301', '青海省黄南藏族自治州同仁市'),(731, '632324', '青海省黄南藏族自治州河南蒙古族自治县'),(732, '632323', '青海省黄南藏族自治州泽库县'),(733, '632322', '青海省黄南藏族自治州尖扎县'),(734, '630121', '青海省西宁市大通回族土族自治县'),(735, '630106', '青海省西宁市湟中区'),(736, '630123', '青海省西宁市湟源县'),(737, '630102', '青海省西宁市城东区'),(738, '630105', '青海省西宁市城北区'),(739, '630104', '青海省西宁市城西区'),(740, '630103', '青海省西宁市城中区'),(741, '632622', '青海省果洛藏族自治州班玛县'),(742, '632624', '青海省果洛藏族自治州达日县'),(743, '632625', '青海省果洛藏族自治州久治县'),(744, '632623', '青海省果洛藏族自治州甘德县'),(745, '632621', '青海省果洛藏族自治州玛沁县'),(746, '632626', '青海省果洛藏族自治州玛多县'),(747, '632701', '青海省玉树藏族自治州玉树市'),(748, '632725', '青海省玉树藏族自治州囊谦县'),(749, '632722', '青海省玉树藏族自治州杂多县'),(750, '632723', '青海省玉树藏族自治州称多县'),(751, '610632', '陕西省延安市黄陵县'),(752, '610825', '陕西省榆林市定边县'),(753, '610681', '陕西省延安市子长市'),(754, '610621', '陕西省延安市延长县'),(755, '610802', '陕西省榆林市榆阳区'),(756, '610626', '陕西省延安市吴起县'),(757, '610826', '陕西省榆林市绥德县'),(758, '610103', '陕西省西安市碑林区'),(759, '610625', '陕西省延安市志丹县'),(760, '610602', '陕西省延安市宝塔区'),(761, '610628', '陕西省延安市富县'),(762, '610104', '陕西省西安市莲湖区'),(763, '610803', '陕西省榆林市横山区'),(764, '610102', '陕西省西安市新城区'),(765, '610203', '陕西省铜川市印台区'),(766, '610222', '陕西省铜川市宜君县'),(767, '610627', '陕西省延安市甘泉县'),(768, '610881', '陕西省榆林市神木市'),(769, '610112', '陕西省西安市未央区'),(770, '610113', '陕西省西安市雁塔区'),(771, '610630', '陕西省延安市宜川县'),(772, '610831', '陕西省榆林市子洲县'),(773, '610830', '陕西省榆林市清涧县'),(774, '610828', '陕西省榆林市佳县'),(775, '610204', '陕西省铜川市耀州区'),(776, '610827', '陕西省榆林市米脂县'),(777, '610111', '陕西省西安市灞桥区'),(778, '610629', '陕西省延安市洛川县'),(779, '610603', '陕西省延安市安塞区'),(780, '610822', '陕西省榆林市府谷县'),(781, '610622', '陕西省延安市延川县'),(782, '610202', '陕西省铜川市王益区'),(783, '610824', '陕西省榆林市靖边县'),(784, '610631', '陕西省延安市黄龙县'),(785, '610829', '陕西省榆林市吴堡县'),(786, '510824', '四川省广元市苍溪县'),(787, '511923', '四川省巴中市平昌县'),(788, '510823', '四川省广元市剑阁县'),(789, '510822', '四川省广元市青川县'),(790, '511781', '四川省达州市万源市'),(791, '511722', '四川省达州市宣汉县'),(792, '510704', '四川省绵阳市游仙区'),(793, '510725', '四川省绵阳市梓潼县'),(794, '510723', '四川省绵阳市盐亭县'),(795, '510705', '四川省绵阳市安州区'),(796, '511504', '四川省宜宾市叙州区'),(797, '511421', '四川省眉山市仁寿县'),(798, '513425', '四川省凉山彝族自治州会理市'),(799, '511102', '四川省乐山市市中区'),(800, '510321', '四川省自贡市荣县'),(801, '532926', '云南省大理白族自治州南涧彝族自治县'),(802, '532923', '云南省大理白族自治州祥云县'),(803, '532601', '云南省文山壮族苗族自治州文山市'),(804, '532932', '云南省大理白族自治州鹤庆县'),(805, '532931', '云南省大理白族自治州剑川县'),(806, '532930', '云南省大理白族自治州洱源县'),(807, '530922', '云南省临沧市云县'),(808, '532822', '云南省西双版纳傣族自治州勐海县'),(809, '532922', '云南省大理白族自治州漾濞彝族自治县'),(810, '532925', '云南省大理白族自治州弥渡县'),(811, '532901', '云南省大理白族自治州大理市'),(812, '532927', '云南省大理白族自治州巍山彝族回族自治县'),(813, '530921', '云南省临沧市凤庆县'),(814, '530923', '云南省临沧市永德县'),(815, '530924', '云南省临沧市镇康县'),(816, '530902', '云南省临沧市临翔区'),(817, '530926', '云南省临沧市耿马傣族佤族自治县'),(818, '530925', '云南省临沧市双江拉祜族佤族布朗族傣族自治县'),(819, '530927', '云南省临沧市沧源佤族自治县'),(820, '532625', '云南省文山壮族苗族自治州马关县'),(821, '532623', '云南省文山壮族苗族自治州西畴县'),(822, '532624', '云南省文山壮族苗族自治州麻栗坡县'),(823, '532622', '云南省文山壮族苗族自治州砚山县'),(824, '532626', '云南省文山壮族苗族自治州丘北县'),(825, '532627', '云南省文山壮族苗族自治州广南县'),(826, '532628', '云南省文山壮族苗族自治州富宁县'),(827, '533325', '云南省怒江傈僳族自治州兰坪白族普米族自治县'),(828, '532928', '云南省大理白族自治州永平县'),(829, '410602', '河南省鹤壁市鹤山区'),(830, '410603', '河南省鹤壁市山城区'),(831, '410611', '河南省鹤壁市淇滨区'),(832, '410802', '河南省焦作市解放区'),(833, '410811', '河南省焦作市山阳区'),(834, '410804', '河南省焦作市马村区'),(835, '410803', '河南省焦作市中站区'),(836, '410202', '河南省开封市龙亭区'),(837, '410204', '河南省开封市鼓楼区'),(838, '410205', '河南省开封市禹王台区'),(839, '410203', '河南省开封市顺河回族区'),(840, '411104', '河南省漯河市召陵区'),(841, '411303', '河南省南阳市卧龙区'),(842, '411302', '河南省南阳市宛城区'),(843, '410402', '河南省平顶山市新华区'),(844, '410403', '河南省平顶山市卫东区'),(845, '410411', '河南省平顶山市湛河区'),(846, '411202', '河南省三门峡市湖滨区'),(847, '411402', '河南省商丘市梁园区'),(848, '411403', '河南省商丘市睢阳区'),(849, '419001', '河南省济源市济源市'),(850, '410702', '河南省新乡市红旗区'),(851, '410704', '河南省新乡市凤泉区'),(852, '410711', '河南省新乡市牧野区'),(853, '410703', '河南省新乡市卫滨区'),(854, '411502', '河南省信阳市浉河区'),(855, '411503', '河南省信阳市平桥区'),(856, '410102', '河南省郑州市中原区'),(857, '410105', '河南省郑州市金水区'),(858, '410106', '河南省郑州市上街区'),(859, '410104', '河南省郑州市管城回族区'),(860, '410103', '河南省郑州市二七区'),(861, '410108', '河南省郑州市惠济区'),(862, '410505', '河南省安阳市殷都区'),(863, '410506', '河南省安阳市龙安区'),(864, '410503', '河南省安阳市北关区'),(865, '410502', '河南省安阳市文峰区'),(866, '410303', '河南省洛阳市西工区'),(867, '410302', '河南省洛阳市老城区'),(868, '410305', '河南省洛阳市涧西区'),(869, '410304', '河南省洛阳市瀍河回族区'),(870, '410311', '河南省洛阳市洛龙区'),(871, '520523', '贵州省毕节市金沙县'),(872, '520522', '贵州省毕节市黔西市'),(873, '520521', '贵州省毕节市大方县'),(874, '520502', '贵州省毕节市七星关区'),(875, '520527', '贵州省毕节市赫章县'),(876, '520526', '贵州省毕节市威宁彝族回族苗族自治县'),(877, '520525', '贵州省毕节市纳雍县'),(878, '520524', '贵州省毕节市织金县'),(879, '430224', '湖南省株洲市茶陵县'),(880, '430223', '湖南省株洲市攸县'),(881, '430321', '湖南省湘潭市湘潭县'),(882, '430281', '湖南省株洲市醴陵市'),(883, '430381', '湖南省湘潭市湘乡市'),(884, '430681', '湖南省岳阳市汨罗市'),(885, '430111', '湖南省长沙市雨花区'),(886, '430121', '湖南省长沙市长沙县'),(887, '430304', '湖南省湘潭市岳塘区'),(888, '433124', '湖南省湘西土家族苗族自治州花垣县'),(889, '433101', '湖南省湘西土家族苗族自治州吉首市'),(890, '430721', '湖南省常德市安乡县'),(891, '430482', '湖南省衡阳市常宁市'),(892, '430412', '湖南省衡阳市南岳区'),(893, '430422', '湖南省衡阳市衡南县'),(894, '430423', '湖南省衡阳市衡山县'),(895, '431302', '湖南省娄底市娄星区'),(896, '431202', '湖南省怀化市鹤城区'),(897, '430702', '湖南省常德市武陵区'),(898, '430424', '湖南省衡阳市衡东县'),(899, '431223', '湖南省怀化市辰溪县'),(900, '431027', '湖南省郴州市桂东县'),(901, '431023', '湖南省郴州市永兴县'),(902, '431226', '湖南省怀化市麻阳苗族自治县'),(903, '430724', '湖南省常德市临澧县'),(904, '430722', '湖南省常德市汉寿县'),(905, '430902', '湖南省益阳市资阳区'),(906, '659009', '新疆维吾尔自治区昆玉市昆玉市'),(907, '370202', '山东省青岛市市南区'),(908, '430723', '湖南省常德市澧县'),(909, '211104', '辽宁省盘锦市大洼区'),(910, '210212', '辽宁省大连市旅顺口区'),(911, '719003', '台湾省嘉义市嘉义市'),(912, '710603', '台湾省桃园市八德市'),(913, '710103', '台湾省台北市大同区'),(914, '710403', '台湾省台中市中区'),(915, '710307', '台湾省新北市深坑区'),(916, '710310', '台湾省新北市三重区'),(917, '710404', '台湾省台中市南屯区'),(918, '710509', '台湾省台南市盐水区'),(919, '710606', '台湾省桃园市复兴乡'),(920, '710313', '台湾省新北市永和区'),(921, '710314', '台湾省新北市泰山区'),(922, '710223', '台湾省高雄市湖内区'),(923, '710609', '台湾省桃园市龙潭乡'),(924, '710226', '台湾省高雄市内门区'),(925, '710526', '台湾省台南市东区'),(926, '710233', '台湾省高雄市桃源区'),(927, '710322', '台湾省新北市新店区'),(928, '710112', '台湾省台北市大安区'),(929, '710304', '台湾省新北市坪林区'),(930, '710319', '台湾省新北市双溪区'),(931, '710311', '台湾省新北市平溪区'),(932, '710427', '台湾省台中市外埔区'),(933, '710416', '台湾省台中市石冈区'),(934, '710421', '台湾省台中市和平区'),(935, '710402', '台湾省台中市新社区'),(936, '710413', '台湾省台中市太平区'),(937, '710425', '台湾省台中市潭子区'),(938, '710417', '台湾省台中市北区'),(939, '710401', '台湾省台中市东区'),(940, '710411', '台湾省台中市南区'),(941, '710426', '台湾省台中市大肚区'),(942, '710406', '台湾省台中市沙鹿区'),(943, '710415', '台湾省台中市大雅区'),(944, '710408', '台湾省台中市大里区'),(945, '710420', '台湾省台中市东势区'),(946, '710424', '台湾省台中市后里区'),(947, '710410', '台湾省台中市西区'),(948, '710407', '台湾省台中市丰原区'),(949, '710422', '台湾省台中市雾峰区'),(950, '710405', '台湾省台中市神冈区'),(951, '710323', '台湾省新北市乌来区'),(952, '710316', '台湾省新北市石碇区'),(953, '710101', '台湾省台北市北投区'),(954, '710306', '台湾省新北市汐止区'),(955, '710305', '台湾省新北市莺歌区'),(956, '710302', '台湾省新北市三峡区'),(957, '710303', '台湾省新北市新庄区'),(958, '710320', '台湾省新北市树林区'),(959, '710109', '台湾省台北市中山区'),(960, '710105', '台湾省台北市信义区'),(961, '710104', '台湾省台北市文山区'),(962, '710111', '台湾省台北市南港区'),(963, '710308', '台湾省新北市芦洲区'),(964, '710604', '台湾省桃园市桃园区'),(965, '710605', '台湾省桃园市龟山乡'),(966, '719002', '台湾省新竹市新竹市'),(967, '710315', '台湾省新北市土城区'),(968, '710107', '台湾省台北市中正区'),(969, '710108', '台湾省台北市万华区'),(970, '710317', '台湾省新北市五股区'),(971, '710217', '台湾省高雄市凤山区'),(972, '710230', '台湾省高雄市前金区'),(973, '710238', '台湾省高雄市新兴区'),(974, '710229', '台湾省高雄市三民区'),(975, '710211', '台湾省高雄市鸟松区'),(976, '710203', '台湾省高雄市大寮区'),(977, '710216', '台湾省高雄市仁武区'),(978, '710220', '台湾省高雄市大社区'),(979, '710231', '台湾省高雄市冈山区'),(980, '710213', '台湾省高雄市桥头区'),(981, '710207', '台湾省高雄市燕巢区'),(982, '710208', '台湾省高雄市大树区'),(983, '710237', '台湾省高雄市路竹区'),(984, '710209', '台湾省高雄市阿莲区'),(985, '710232', '台湾省高雄市田寮区'),(986, '710528', '台湾省台南市中西区'),(987, '710513', '台湾省台南市仁德区'),(988, '710529', '台湾省台南市北区'),(989, '710506', '台湾省台南市永康区'),(990, '710510', '台湾省台南市归仁区'),(991, '710512', '台湾省台南市关庙区'),(992, '710511', '台湾省台南市龙崎区'),(993, '710518', '台湾省台南市新化区'),(994, '710532', '台湾省台南市左镇区'),(995, '710531', '台湾省台南市南化区'),(996, '710524', '台湾省台南市玉井区'),(997, '710505', '台湾省台南市山上区'),(998, '710530', '台湾省台南市楠西区'),(999, '710516', '台湾省台南市新市区'),(1000, '710501', '台湾省台南市安定区'),(1001, '710519', '台湾省台南市西港区'),(1002, '710517', '台湾省台南市佳里区'),(1003, '710502', '台湾省台南市大内区'),(1004, '710515', '台湾省台南市善化区'),(1005, '710525', '台湾省台南市官田区'),(1006, '710527', '台湾省台南市六甲区'),(1007, '710503', '台湾省台南市东山区'),(1008, '710523', '台湾省台南市柳营区'),(1009, '710508', '台湾省台南市白河区'),(1010, '710522', '台湾省台南市后壁区'),(1011, '710507', '台湾省台南市新营区'),(1012, '710504', '台湾省台南市下营区'),(1013, '710520', '台湾省台南市麻豆区'),(1014, '710514', '台湾省台南市学甲区'),(1015, '710235', '台湾省高雄市旗山区'),(1016, '710215', '台湾省高雄市美浓区'),(1017, '710228', '台湾省高雄市杉林区'),(1018, '710222', '台湾省高雄市茂林区'),(1019, '710218', '台湾省高雄市甲仙区'),(1020, '710224', '台湾省高雄市六龟区'),(1021, '710204', '台湾省高雄市那玛夏区'),(1022, '710414', '台湾省台中市北屯区'),(1023, '710412', '台湾省台中市西屯区'),(1024, '710110', '台湾省台北市士林区'),(1025, '710613', '台湾省桃园市中坜市'),(1026, '710602', '台湾省桃园市杨梅市'),(1027, '710601', '台湾省桃园市平镇市'),(1028, '710610', '台湾省桃园市大溪镇'),(1029, '710312', '台湾省新北市中和区'),(1030, '710321', '台湾省新北市板桥区'),(1031, '710106', '台湾省台北市内湖区'),(1032, '719010', '台湾省嘉义县嘉义县'),(1033, '719008', '台湾省云林县云林县'),(1034, '719011', '台湾省屏东县屏东县'),(1035, '719009', '台湾省南投县南投县'),(1036, '719013', '台湾省花莲县花莲县'),(1037, '719007', '台湾省彰化县彰化县'),(1038, '719012', '台湾省台东县台东县'),(1039, '719005', '台湾省宜兰县宜兰县'),(1040, '719006', '台湾省苗栗县苗栗县'),(1041, '719004', '台湾省新竹县新竹县'),(1042, '710423', '台湾省台中市乌日区'),(1043, '320281', '江苏省无锡市江阴市'),(1044, '632724', '青海省玉树藏族自治州治多县'),(1045, '632726', '青海省玉树藏族自治州曲麻莱县'),(1046, '210123', '辽宁省沈阳市康平县'),(1047, '430923', '湖南省益阳市安化县'),(1048, '431222', '湖南省怀化市沅陵县'),(1049, '430703', '湖南省常德市鼎城区'),(1050, '430781', '湖南省常德市津市市'),(1051, '431028', '湖南省郴州市安仁县'),(1052, '431002', '湖南省郴州市北湖区'),(1053, '430903', '湖南省益阳市赫山区'),(1054, '431026', '湖南省郴州市汝城县'),(1055, '430726', '湖南省常德市石门县'),(1056, '431003', '湖南省郴州市苏仙区'),(1057, '430981', '湖南省益阳市沅江市'),(1058, '431081', '湖南省郴州市资兴市'),(1059, '431124', '湖南省永州市道县'),(1060, '431121', '湖南省永州市祁阳市'),(1061, '431126', '湖南省永州市宁远县'),(1062, '431123', '湖南省永州市双牌县'),(1063, '431125', '湖南省永州市江永县'),(1064, '431122', '湖南省永州市东安县'),(1065, '430481', '湖南省衡阳市耒阳市'),(1066, '150204', '内蒙古自治区包头市青山区'),(1067, '620623', '甘肃省武威市天祝藏族自治县'),(1068, '130407', '河北省邯郸市肥乡区'),(1069, '370214', '山东省青岛市城阳区'),(1070, '220723', '吉林省松原市乾安县'),(1071, '220821', '吉林省白城市镇赉县'),(1072, '632803', '青海省海西蒙古族藏族自治州茫崖市'),(1073, '430105', '湖南省长沙市开福区'),(1074, '533323', '云南省怒江傈僳族自治州福贡县'),(1075, '533301', '云南省怒江傈僳族自治州泸水市'),(1076, '320583', '江苏省苏州市昆山市'),(1077, '150723', '内蒙古自治区呼伦贝尔市鄂伦春自治旗'),(1078, '430112', '湖南省长沙市望城区'),(1079, '430821', '湖南省张家界市慈利县'),(1080, '430822', '湖南省张家界市桑植县'),(1081, '430811', '湖南省张家界市武陵源区'),(1082, '430802', '湖南省张家界市永定区'),(1083, '411727', '河南省驻马店市汝南县'),(1084, '411702', '河南省驻马店市驿城区'),(1085, '411728', '河南省驻马店市遂平县'),(1086, '411723', '河南省驻马店市平舆县'),(1087, '320404', '江苏省常州市钟楼区'),(1088, '320481', '江苏省常州市溧阳市'),(1089, '320402', '江苏省常州市天宁区'),(1090, '320412', '江苏省常州市武进区'),(1091, '320411', '江苏省常州市新北区'),(1092, '320321', '江苏省徐州市丰县'),(1093, '320303', '江苏省徐州市云龙区'),(1094, '320381', '江苏省徐州市新沂市'),(1095, '320382', '江苏省徐州市邳州市'),(1096, '320311', '江苏省徐州市泉山区'),(1097, '320305', '江苏省徐州市贾汪区'),(1098, '320322', '江苏省徐州市沛县'),(1099, '320324', '江苏省徐州市睢宁县'),(1100, '320312', '江苏省徐州市铜山区'),(1101, '320302', '江苏省徐州市鼓楼区'),(1102, '411327', '河南省南阳市社旗县'),(1103, '411328', '河南省南阳市唐河县'),(1104, '320812', '江苏省淮安市清江浦区'),(1105, '320830', '江苏省淮安市盱眙县'),(1106, '320813', '江苏省淮安市洪泽区'),(1107, '320803', '江苏省淮安市淮安区'),(1108, '320804', '江苏省淮安市淮阴区'),(1109, '320831', '江苏省淮安市金湖县'),(1110, '320826', '江苏省淮安市涟水县'),(1111, '321084', '江苏省扬州市高邮市'),(1112, '321023', '江苏省扬州市宝应县'),(1113, '320925', '江苏省盐城市建湖县'),(1114, '320923', '江苏省盐城市阜宁县'),(1115, '320922', '江苏省盐城市滨海县'),(1116, '320921', '江苏省盐城市响水县'),(1117, '320723', '江苏省连云港市灌云县'),(1118, '320724', '江苏省连云港市灌南县'),(1119, '320707', '江苏省连云港市赣榆区'),(1120, '320722', '江苏省连云港市东海县'),(1121, '320703', '江苏省连云港市连云区'),(1122, '320706', '江苏省连云港市海州区'),(1123, '321324', '江苏省宿迁市泗洪县'),(1124, '321323', '江苏省宿迁市泗阳县'),(1125, '321302', '江苏省宿迁市宿城区'),(1126, '321311', '江苏省宿迁市宿豫区'),(1127, '321322', '江苏省宿迁市沭阳县'),(1128, '320924', '江苏省盐城市射阳县'),(1129, '320902', '江苏省盐城市亭湖区'),(1130, '320903', '江苏省盐城市盐都区'),(1131, '210902', '辽宁省阜新市海州区'),(1132, '320115', '江苏省南京市江宁区'),(1133, '320106', '江苏省南京市鼓楼区'),(1134, '320105', '江苏省南京市建邺区'),(1135, '320116', '江苏省南京市六合区'),(1136, '320111', '江苏省南京市浦口区'),(1137, '320117', '江苏省南京市溧水区'),(1138, '320118', '江苏省南京市高淳区'),(1139, '321003', '江苏省扬州市邗江区'),(1140, '321012', '江苏省扬州市江都区'),(1141, '321081', '江苏省扬州市仪征市'),(1142, '321183', '江苏省镇江市句容市'),(1143, '321112', '江苏省镇江市丹徒区'),(1144, '321181', '江苏省镇江市丹阳市'),(1145, '321102', '江苏省镇江市京口区'),(1146, '321111', '江苏省镇江市润州区'),(1147, '321182', '江苏省镇江市扬中市'),(1148, '320113', '江苏省南京市栖霞区'),(1149, '320102', '江苏省南京市玄武区'),(1150, '320104', '江苏省南京市秦淮区'),(1151, '320114', '江苏省南京市雨花台区'),(1152, '321002', '江苏省扬州市广陵区'),(1153, '321203', '江苏省泰州市高港区'),(1154, '321282', '江苏省泰州市靖江市'),(1155, '321283', '江苏省泰州市泰兴市'),(1156, '321281', '江苏省泰州市兴化市'),(1157, '321202', '江苏省泰州市海陵区'),(1158, '321204', '江苏省泰州市姜堰区'),(1159, '320904', '江苏省盐城市大丰区'),(1160, '320981', '江苏省盐城市东台市'),(1161, '320613', '江苏省南通市崇川区'),(1162, '320685', '江苏省南通市海安市'),(1163, '320614', '江苏省南通市海门区'),(1164, '320681', '江苏省南通市启东市'),(1165, '320623', '江苏省南通市如东县'),(1166, '320682', '江苏省南通市如皋市'),(1167, '320612', '江苏省南通市通州区'),(1168, '320581', '江苏省苏州市常熟市'),(1169, '320585', '江苏省苏州市太仓市'),(1170, '320506', '江苏省苏州市吴中区'),(1171, '320571', '江苏省苏州市苏州工业园区'),(1172, '320505', '江苏省苏州市虎丘区'),(1173, '320508', '江苏省苏州市姑苏区'),(1174, '320507', '江苏省苏州市相城区'),(1175, '320582', '江苏省苏州市张家港市'),(1176, '320211', '江苏省无锡市滨湖区'),(1177, '320206', '江苏省无锡市惠山区'),(1178, '320213', '江苏省无锡市梁溪区'),(1179, '320205', '江苏省无锡市锡山区'),(1180, '320282', '江苏省无锡市宜兴市'),(1181, '320214', '江苏省无锡市新吴区'),(1182, '320509', '江苏省苏州市吴江区'),(1183, '320413', '江苏省常州市金坛区'),(1184, '430528', '湖南省邵阳市新宁县'),(1185, '430527', '湖南省邵阳市绥宁县'),(1186, '430525', '湖南省邵阳市洞口县'),(1187, '430502', '湖南省邵阳市双清区'),(1188, '430523', '湖南省邵阳市邵阳县'),(1189, '430582', '湖南省邵阳市邵东市'),(1190, '430581', '湖南省邵阳市武冈市'),(1191, '430522', '湖南省邵阳市新邵县'),(1192, '431382', '湖南省娄底市涟源市'),(1193, '430426', '湖南省衡阳市祁东县'),(1194, '431321', '湖南省娄底市双峰县'),(1195, '431322', '湖南省娄底市新化县'),(1196, '430529', '湖南省邵阳市城步苗族自治县'),(1197, '430421', '湖南省衡阳市衡阳县'),(1198, '410182', '河南省郑州市荥阳市'),(1199, '410822', '河南省焦作市博爱县'),(1200, '410882', '河南省焦作市沁阳市'),(1201, '410825', '河南省焦作市温县'),(1202, '410823', '河南省焦作市武陟县'),(1203, '410883', '河南省焦作市孟州市'),(1204, '410725', '河南省新乡市原阳县'),(1205, '411122', '河南省漯河市临颍县'),(1206, '411121', '河南省漯河市舞阳县'),(1207, '411102', '河南省漯河市源汇区'),(1208, '411103', '河南省漯河市郾城区'),(1209, '430225', '湖南省株洲市炎陵县'),(1210, '430212', '湖南省株洲市渌口区'),(1211, '431281', '湖南省怀化市洪江市'),(1212, '431225', '湖南省怀化市会同县'),(1213, '431227', '湖南省怀化市新晃侗族自治县'),(1214, '431224', '湖南省怀化市溆浦县'),(1215, '431221', '湖南省怀化市中方县'),(1216, '430623', '湖南省岳阳市华容县'),(1217, '430626', '湖南省岳阳市平江县'),(1218, '433130', '湖南省湘西土家族苗族自治州龙山县'),(1219, '433127', '湖南省湘西土家族苗族自治州永顺县'),(1220, '430302', '湖南省湘潭市雨湖区'),(1221, '410122', '河南省郑州市中牟县'),(1222, '410212', '河南省开封市祥符区'),(1223, '410727', '河南省新乡市封丘县'),(1224, '410223', '河南省开封市尉氏县'),(1225, '410222', '河南省开封市通许县'),(1226, '411621', '河南省周口市扶沟县'),(1227, '411024', '河南省许昌市鄢陵县'),(1228, '411082', '河南省许昌市长葛市'),(1229, '410221', '河南省开封市杞县'),(1230, '410225', '河南省开封市兰考县'),(1231, '410783', '河南省新乡市长垣市'),(1232, '411421', '河南省商丘市民权县'),(1233, '410329', '河南省洛阳市伊川县'),(1234, '410326', '河南省洛阳市汝阳县'),(1235, '370212', '山东省青岛市崂山区'),(1236, '410482', '河南省平顶山市汝州市'),(1237, '410325', '河南省洛阳市嵩县'),(1238, '410324', '河南省洛阳市栾川县'),(1239, '410328', '河南省洛阳市洛宁县'),(1240, '410327', '河南省洛阳市宜阳县'),(1241, '652702', '新疆维吾尔自治区博尔塔拉蒙古自治州阿拉山口市'),(1242, '410821', '河南省焦作市修武县'),(1243, '410724', '河南省新乡市获嘉县'),(1244, '410782', '河南省新乡市辉县市'),(1245, '410721', '河南省新乡市新乡县'),(1246, '410726', '河南省新乡市延津县'),(1247, '410526', '河南省安阳市滑县'),(1248, '410621', '河南省鹤壁市浚县'),(1249, '410622', '河南省鹤壁市淇县'),(1250, '410581', '河南省安阳市林州市'),(1251, '410522', '河南省安阳市安阳县'),(1252, '410381', '河南省洛阳市偃师区'),(1253, '410322', '河南省洛阳市孟津区'),(1254, '410323', '河南省洛阳市新安县'),(1255, '411221', '河南省三门峡市渑池县'),(1256, '411203', '河南省三门峡市陕州区'),(1257, '411224', '河南省三门峡市卢氏县'),(1258, '411282', '河南省三门峡市灵宝市'),(1259, '411325', '河南省南阳市内乡县'),(1260, '411321', '河南省南阳市南召县'),(1261, '411329', '河南省南阳市新野县'),(1262, '411322', '河南省南阳市方城县'),(1263, '411330', '河南省南阳市桐柏县'),(1264, '411326', '河南省南阳市淅川县'),(1265, '411323', '河南省南阳市西峡县'),(1266, '411381', '河南省南阳市邓州市'),(1267, '411324', '河南省南阳市镇平县'),(1268, '411522', '河南省信阳市光山县'),(1269, '411526', '河南省信阳市潢川县'),(1270, '411525', '河南省信阳市固始县'),(1271, '411527', '河南省信阳市淮滨县'),(1272, '411528', '河南省信阳市息县'),(1273, '411724', '河南省驻马店市正阳县'),(1274, '411521', '河南省信阳市罗山县'),(1275, '411523', '河南省信阳市新县'),(1276, '411524', '河南省信阳市商城县'),(1277, '430725', '湖南省常德市桃源县'),(1278, '411281', '河南省三门峡市义马市'),(1279, '410527', '河南省安阳市内黄县'),(1280, '410422', '河南省平顶山市叶县'),(1281, '410423', '河南省平顶山市鲁山县'),(1282, '410421', '河南省平顶山市宝丰县'),(1283, '411025', '河南省许昌市襄城县'),(1284, '411003', '河南省许昌市建安区'),(1285, '411002', '河南省许昌市魏都区'),(1286, '411081', '河南省许昌市禹州市'),(1287, '410425', '河南省平顶山市郏县'),(1288, '410481', '河南省平顶山市舞钢市'),(1289, '411721', '河南省驻马店市西平县'),(1290, '411623', '河南省周口市商水县'),(1291, '411603', '河南省周口市淮阳区'),(1292, '411622', '河南省周口市西华县'),(1293, '411627', '河南省周口市太康县'),(1294, '411424', '河南省商丘市柘城县'),(1295, '411423', '河南省商丘市宁陵县'),(1296, '411628', '河南省周口市鹿邑县'),(1297, '411625', '河南省周口市郸城县'),(1298, '411422', '河南省商丘市睢县'),(1299, '411624', '河南省周口市沈丘县'),(1300, '411681', '河南省周口市项城市'),(1301, '410922', '河南省濮阳市清丰县'),(1302, '410902', '河南省濮阳市华龙区'),(1303, '410928', '河南省濮阳市濮阳县'),(1304, '410523', '河南省安阳市汤阴县'),(1305, '410923', '河南省濮阳市南乐县'),(1306, '410404', '河南省平顶山市石龙区'),(1307, '411722', '河南省驻马店市上蔡县'),(1308, '410781', '河南省新乡市卫辉市'),(1309, '410927', '河南省濮阳市台前县'),(1310, '411602', '河南省周口市川汇区'),(1311, '411426', '河南省商丘市夏邑县'),(1312, '411425', '河南省商丘市虞城县'),(1313, '410181', '河南省郑州市巩义市'),(1314, '410183', '河南省郑州市新密市'),(1315, '411729', '河南省驻马店市新蔡县'),(1316, '410184', '河南省郑州市新郑市'),(1317, '411726', '河南省驻马店市泌阳县'),(1318, '410185', '河南省郑州市登封市'),(1319, '411725', '河南省驻马店市确山县'),(1320, '120113', '天津市北辰区'),(1321, '120106', '天津市红桥区'),(1322, '120112', '天津市津南区'),(1323, '120111', '天津市西青区'),(1324, '120116', '天津市滨海新区'),(1325, '120105', '天津市河北区'),(1326, '120103', '天津市河西区'),(1327, '210102', '辽宁省沈阳市和平区'),(1328, '210114', '辽宁省沈阳市于洪区'),(1329, '210105', '辽宁省沈阳市皇姑区'),(1330, '210112', '辽宁省沈阳市浑南区'),(1331, '210113', '辽宁省沈阳市沈北新区'),(1332, '210103', '辽宁省沈阳市沈河区'),(1333, '210106', '辽宁省沈阳市铁西区'),(1334, '210181', '辽宁省沈阳市新民市'),(1335, '210922', '辽宁省阜新市彰武县'),(1336, '210104', '辽宁省沈阳市大东区'),(1337, '210124', '辽宁省沈阳市法库县'),(1338, '210921', '辽宁省阜新市阜新蒙古族自治县'),(1339, '210726', '辽宁省锦州市黑山县'),(1340, '210115', '辽宁省沈阳市辽中区'),(1341, '210411', '辽宁省抚顺市顺城区'),(1342, '210111', '辽宁省沈阳市苏家屯区'),(1343, '211221', '辽宁省铁岭市铁岭县'),(1344, '210404', '辽宁省抚顺市望花区'),(1345, '360121', '江西省南昌市南昌县'),(1346, '360102', '江西省南昌市东湖区'),(1347, '360112', '江西省南昌市新建区'),(1348, '360111', '江西省南昌市青山湖区'),(1349, '360124', '江西省南昌市进贤县'),(1350, '360123', '江西省南昌市安义县'),(1351, '360103', '江西省南昌市西湖区'),(1352, '360104', '江西省南昌市青云谱区'),(1353, '361002', '江西省抚州市临川区'),(1354, '361024', '江西省抚州市崇仁县'),(1355, '361026', '江西省抚州市宜黄县'),(1356, '361003', '江西省抚州市东乡区'),(1357, '361030', '江西省抚州市广昌县'),(1358, '361022', '江西省抚州市黎川县'),(1359, '361023', '江西省抚州市南丰县'),(1360, '361027', '江西省抚州市金溪县'),(1361, '361021', '江西省抚州市南城县'),(1362, '361028', '江西省抚州市资溪县'),(1363, '361025', '江西省抚州市乐安县'),(1364, '360502', '江西省新余市渝水区'),(1365, '360521', '江西省新余市分宜县'),(1366, '360302', '江西省萍乡市安源区'),(1367, '360322', '江西省萍乡市上栗县'),(1368, '360313', '江西省萍乡市湘东区'),(1369, '360323', '江西省萍乡市芦溪县'),(1370, '360321', '江西省萍乡市莲花县'),(1371, '140524', '山西省晋城市陵川县'),(1372, '652926', '新疆维吾尔自治区阿克苏地区拜城县'),(1373, '652925', '新疆维吾尔自治区阿克苏地区新和县'),(1374, '652929', '新疆维吾尔自治区阿克苏地区柯坪县'),(1375, '652922', '新疆维吾尔自治区阿克苏地区温宿县'),(1376, '652928', '新疆维吾尔自治区阿克苏地区阿瓦提县'),(1377, '652901', '新疆维吾尔自治区阿克苏地区阿克苏市'),(1378, '654322', '新疆维吾尔自治区阿勒泰地区富蕴县'),(1379, '652822', '新疆维吾尔自治区巴音郭楞蒙古自治州轮台县'),(1380, '652829', '新疆维吾尔自治区巴音郭楞蒙古自治州博湖县'),(1381, '652826', '新疆维吾尔自治区巴音郭楞蒙古自治州焉耆回族自治县'),(1382, '431021', '湖南省郴州市桂阳县'),(1383, '431129', '湖南省永州市江华瑶族自治县'),(1384, '433122', '湖南省湘西土家族苗族自治州泸溪县'),(1385, '431230', '湖南省怀化市通道侗族自治县'),(1386, '433123', '湖南省湘西土家族苗族自治州凤凰县'),(1387, '433126', '湖南省湘西土家族苗族自治州古丈县'),(1388, '431127', '湖南省永州市蓝山县'),(1389, '431103', '湖南省永州市冷水滩区'),(1390, '431025', '湖南省郴州市临武县'),(1391, '430406', '湖南省衡阳市雁峰区'),(1392, '431228', '湖南省怀化市芷江侗族自治县'),(1393, '430405', '湖南省衡阳市珠晖区'),(1394, '431024', '湖南省郴州市嘉禾县'),(1395, '532801', '云南省西双版纳傣族自治州景洪市'),(1396, '532823', '云南省西双版纳傣族自治州勐腊县'),(1397, '532924', '云南省大理白族自治州宾川县'),(1398, '532929', '云南省大理白族自治州云龙县'),(1399, '510181', '四川省成都市都江堰市'),(1400, '510184', '四川省成都市崇州市'),(1401, '510129', '四川省成都市大邑县'),(1402, '510131', '四川省成都市蒲江县'),(1403, '510114', '四川省成都市新都区'),(1404, '511802', '四川省雅安市雨城区'),(1405, '511402', '四川省眉山市东坡区'),(1406, '510683', '四川省德阳市绵竹市'),(1407, '510681', '四川省德阳市广汉市'),(1408, '510682', '四川省德阳市什邡市'),(1409, '510722', '四川省绵阳市三台县'),(1410, '510726', '四川省绵阳市北川羌族自治县'),(1411, '510781', '四川省绵阳市江油市'),(1412, '510727', '四川省绵阳市平武县'),(1413, '652902', '新疆维吾尔自治区阿克苏地区库车市'),(1414, '652924', '新疆维吾尔自治区阿克苏地区沙雅县'),(1415, '652927', '新疆维吾尔自治区阿克苏地区乌什县'),(1416, '659002', '新疆维吾尔自治区阿拉尔市阿拉尔市'),(1417, '654326', '新疆维吾尔自治区阿勒泰地区吉木乃县'),(1418, '654301', '新疆维吾尔自治区阿勒泰地区阿勒泰市'),(1419, '653001', '新疆维吾尔自治区克孜勒苏柯尔克孜自治州阿图什市'),(1420, '653023', '新疆维吾尔自治区克孜勒苏柯尔克孜自治州阿合奇县'),(1421, '654225', '新疆维吾尔自治区塔城地区裕民县'),(1422, '654201', '新疆维吾尔自治区塔城地区塔城市'),(1423, '654224', '新疆维吾尔自治区塔城地区托里县'),(1424, '659005', '新疆维吾尔自治区北屯市北屯市'),(1425, '210204', '辽宁省大连市沙河口区'),(1426, '511921', '四川省巴中市通江县'),(1427, '511922', '四川省巴中市南江县'),(1428, '511803', '四川省雅安市名山区'),(1429, '511822', '四川省雅安市荥经县'),(1430, '511823', '四川省雅安市汉源县'),(1431, '511824', '四川省雅安市石棉县'),(1432, '513223', '四川省阿坝藏族羌族自治州茂县'),(1433, '513226', '四川省阿坝藏族羌族自治州金川县'),(1434, '513227', '四川省阿坝藏族羌族自治州小金县'),(1435, '513228', '四川省阿坝藏族羌族自治州黑水县'),(1436, '513301', '四川省甘孜藏族自治州康定市'),(1437, '513322', '四川省甘孜藏族自治州泸定县'),(1438, '513323', '四川省甘孜藏族自治州丹巴县'),(1439, '510802', '四川省广元市利州区'),(1440, '511113', '四川省乐山市金口河区'),(1441, '511123', '四川省乐山市犍为县'),(1442, '511423', '四川省眉山市洪雅县'),(1443, '511424', '四川省眉山市丹棱县'),(1444, '511825', '四川省雅安市天全县'),(1445, '511826', '四川省雅安市芦山县'),(1446, '511827', '四川省雅安市宝兴县'),(1447, '513221', '四川省阿坝藏族羌族自治州汶川县'),(1448, '513222', '四川省阿坝藏族羌族自治州理县'),(1449, '511325', '四川省南充市西充县'),(1450, '430104', '湖南省长沙市岳麓区'),(1451, '431128', '湖南省永州市新田县'),(1452, '430408', '湖南省衡阳市蒸湘区'),(1453, '431229', '湖南省怀化市靖州苗族侗族自治县'),(1454, '430682', '湖南省岳阳市临湘市'),(1455, '150223', '内蒙古自治区包头市达尔罕茂明安联合旗'),(1456, '150422', '内蒙古自治区赤峰市巴林左旗'),(1457, '150221', '内蒙古自治区包头市土默特右旗'),(1458, '150222', '内蒙古自治区包头市固阳县'),(1459, '150624', '内蒙古自治区鄂尔多斯市鄂托克旗'),(1460, '150626', '内蒙古自治区鄂尔多斯市乌审旗'),(1461, '150625', '内蒙古自治区鄂尔多斯市杭锦旗'),(1462, '150726', '内蒙古自治区呼伦贝尔市新巴尔虎左旗'),(1463, '150727', '内蒙古自治区呼伦贝尔市新巴尔虎右旗'),(1464, '150206', '内蒙古自治区包头市白云鄂博矿区'),(1465, '540102', '西藏自治区拉萨市城关区'),(1466, '540104', '西藏自治区拉萨市达孜区'),(1467, '540122', '西藏自治区拉萨市当雄县'),(1468, '540103', '西藏自治区拉萨市堆龙德庆区'),(1469, '540121', '西藏自治区拉萨市林周县'),(1470, '540127', '西藏自治区拉萨市墨竹工卡县'),(1471, '540123', '西藏自治区拉萨市尼木县'),(1472, '540124', '西藏自治区拉萨市曲水县'),(1473, '540326', '西藏自治区昌都市八宿县'),(1474, '540330', '西藏自治区昌都市边坝县'),(1475, '540325', '西藏自治区昌都市察雅县'),(1476, '540324', '西藏自治区昌都市丁青县'),(1477, '540322', '西藏自治区昌都市贡觉县'),(1478, '540321', '西藏自治区昌都市江达县'),(1479, '540302', '西藏自治区昌都市卡若区'),(1480, '540323', '西藏自治区昌都市类乌齐县'),(1481, '540329', '西藏自治区昌都市洛隆县'),(1482, '540328', '西藏自治区昌都市芒康县'),(1483, '540327', '西藏自治区昌都市左贡县'),(1484, '540402', '西藏自治区林芝市巴宜区'),(1485, '540424', '西藏自治区林芝市波密县'),(1486, '540425', '西藏自治区林芝市察隅县'),(1487, '540421', '西藏自治区林芝市工布江达县'),(1488, '540426', '西藏自治区林芝市朗县'),(1489, '540422', '西藏自治区林芝市米林县'),(1490, '540423', '西藏自治区林芝市墨脱县'),(1491, '533324', '云南省怒江傈僳族自治州贡山独龙族怒族自治县'),(1492, '620923', '甘肃省酒泉市肃北蒙古族自治县'),(1493, '360404', '江西省九江市柴桑区'),(1494, '659006', '新疆维吾尔自治区铁门关市铁门关市'),(1495, '420381', '湖北省十堰市丹江口市'),(1496, '420302', '湖北省十堰市茅箭区'),(1497, '420322', '湖北省十堰市郧西县'),(1498, '420304', '湖北省十堰市郧阳区'),(1499, '420303', '湖北省十堰市张湾区'),(1500, '420323', '湖北省十堰市竹山县'),(1501, '420324', '湖北省十堰市竹溪县'),(1502, '420325', '湖北省十堰市房县'),(1503, '610929', '陕西省安康市白河县'),(1504, '610902', '陕西省安康市汉滨区'),(1505, '610921', '陕西省安康市汉阴县'),(1506, '610925', '陕西省安康市岚皋县'),(1507, '610923', '陕西省安康市宁陕县'),(1508, '610926', '陕西省安康市平利县'),(1509, '610922', '陕西省安康市石泉县'),(1510, '610928', '陕西省安康市旬阳市'),(1511, '610927', '陕西省安康市镇坪县'),(1512, '610924', '陕西省安康市紫阳县'),(1513, '611022', '陕西省商洛市丹凤县'),(1514, '611021', '陕西省商洛市洛南县'),(1515, '611024', '陕西省商洛市山阳县'),(1516, '611023', '陕西省商洛市商南县'),(1517, '611002', '陕西省商洛市商州区'),(1518, '611026', '陕西省商洛市柞水县'),(1519, '611025', '陕西省商洛市镇安县'),(1520, '420626', '湖北省襄阳市保康县'),(1521, '420606', '湖北省襄阳市樊城区'),(1522, '420625', '湖北省襄阳市谷城县'),(1523, '420682', '湖北省襄阳市老河口市'),(1524, '420624', '湖北省襄阳市南漳县'),(1525, '420602', '湖北省襄阳市襄城区'),(1526, '420607', '湖北省襄阳市襄州区'),(1527, '420684', '湖北省襄阳市宜城市'),(1528, '420683', '湖北省襄阳市枣阳市'),(1529, '429021', '湖北省神农架林区神农架林区'),(1530, '610482', '陕西省咸阳市彬州市'),(1531, '610430', '陕西省咸阳市淳化县'),(1532, '610423', '陕西省咸阳市泾阳县'),(1533, '610425', '陕西省咸阳市礼泉县'),(1534, '610424', '陕西省咸阳市乾县'),(1535, '610402', '陕西省咸阳市秦都区'),(1536, '610422', '陕西省咸阳市三原县'),(1537, '610404', '陕西省咸阳市渭城区'),(1538, '610431', '陕西省咸阳市武功县'),(1539, '610481', '陕西省咸阳市兴平市'),(1540, '610429', '陕西省咸阳市旬邑县'),(1541, '610403', '陕西省咸阳市杨陵区'),(1542, '610426', '陕西省咸阳市永寿县'),(1543, '610428', '陕西省咸阳市长武县'),(1544, '610304', '陕西省宝鸡市陈仓区'),(1545, '610330', '陕西省宝鸡市凤县'),(1546, '610322', '陕西省宝鸡市凤翔区'),(1547, '610324', '陕西省宝鸡市扶风县'),(1548, '610303', '陕西省宝鸡市金台区'),(1549, '610329', '陕西省宝鸡市麟游县'),(1550, '610327', '陕西省宝鸡市陇县'),(1551, '610326', '陕西省宝鸡市眉县'),(1552, '610323', '陕西省宝鸡市岐山县'),(1553, '610328', '陕西省宝鸡市千阳县'),(1554, '610331', '陕西省宝鸡市太白县'),(1555, '610302', '陕西省宝鸡市渭滨区'),(1556, '610722', '陕西省汉中市城固县'),(1557, '610730', '陕西省汉中市佛坪县'),(1558, '610702', '陕西省汉中市汉台区'),(1559, '610729', '陕西省汉中市留坝县'),(1560, '610727', '陕西省汉中市略阳县'),(1561, '610725', '陕西省汉中市勉县'),(1562, '610703', '陕西省汉中市南郑区'),(1563, '610726', '陕西省汉中市宁强县'),(1564, '610724', '陕西省汉中市西乡县'),(1565, '610723', '陕西省汉中市洋县'),(1566, '610728', '陕西省汉中市镇巴县'),(1567, '610527', '陕西省渭南市白水县'),(1568, '610525', '陕西省渭南市澄城县'),(1569, '610523', '陕西省渭南市大荔县'),(1570, '610528', '陕西省渭南市富平县'),(1571, '610581', '陕西省渭南市韩城市'),(1572, '610524', '陕西省渭南市合阳县'),(1573, '610582', '陕西省渭南市华阴市'),(1574, '610503', '陕西省渭南市华州区'),(1575, '610502', '陕西省渭南市临渭区'),(1576, '610526', '陕西省渭南市蒲城县'),(1577, '610522', '陕西省渭南市潼关县'),(1578, '610117', '陕西省西安市高陵区'),(1579, '610118', '陕西省西安市鄠邑区'),(1580, '610122', '陕西省西安市蓝田县'),(1581, '610115', '陕西省西安市临潼区'),(1582, '610114', '陕西省西安市阎良区'),(1583, '610116', '陕西省西安市长安区'),(1584, '610124', '陕西省西安市周至县'),(1585, '421281', '湖北省咸宁市赤壁市'),(1586, '421223', '湖北省咸宁市崇阳县'),(1587, '421221', '湖北省咸宁市嘉鱼县'),(1588, '421222', '湖北省咸宁市通城县'),(1589, '421224', '湖北省咸宁市通山县'),(1590, '421202', '湖北省咸宁市咸安区'),(1591, '422823', '湖北省恩施土家族苗族自治州巴东县'),(1592, '422801', '湖北省恩施土家族苗族自治州恩施市'),(1593, '422828', '湖北省恩施土家族苗族自治州鹤峰县'),(1594, '422825', '湖北省恩施土家族苗族自治州宣恩县'),(1595, '422827', '湖北省恩施土家族苗族自治州来凤县'),(1596, '422826', '湖北省恩施土家族苗族自治州咸丰县'),(1597, '422802', '湖北省恩施土家族苗族自治州利川市'),(1598, '422822', '湖北省恩施土家族苗族自治州建始县'),(1599, '141027', '山西省临汾市浮山县'),(1600, '141025', '山西省临汾市古县'),(1601, '141024', '山西省临汾市洪洞县'),(1602, '141031', '山西省临汾市隰县'),(1603, '141032', '山西省临汾市永和县'),(1604, '141028', '山西省临汾市吉县'),(1605, '141033', '山西省临汾市蒲县'),(1606, '141029', '山西省临汾市乡宁县'),(1607, '141021', '山西省临汾市曲沃县'),(1608, '141002', '山西省临汾市尧都区'),(1609, '141026', '山西省临汾市安泽县'),(1610, '141082', '山西省临汾市霍州市'),(1611, '141030', '山西省临汾市大宁县'),(1612, '141034', '山西省临汾市汾西县'),(1613, '141022', '山西省临汾市翼城县'),(1614, '141023', '山西省临汾市襄汾县'),(1615, '141081', '山西省临汾市侯马市'),(1616, '140223', '山西省大同市广灵县'),(1617, '140226', '山西省大同市左云县'),(1618, '140215', '山西省大同市云州区'),(1619, '140214', '山西省大同市云冈区'),(1620, '140221', '山西省大同市阳高县'),(1621, '140212', '山西省大同市新荣区'),(1622, '140222', '山西省大同市天镇县'),(1623, '140224', '山西省大同市灵丘县'),(1624, '140225', '山西省大同市浑源县'),(1625, '140502', '山西省晋城市城区'),(1626, '140521', '山西省晋城市沁水县'),(1627, '140522', '山西省晋城市阳城县'),(1628, '140581', '山西省晋城市高平市'),(1629, '140525', '山西省晋城市泽州县'),(1630, '140431', '山西省长治市沁源县'),(1631, '140428', '山西省长治市长子县'),(1632, '140427', '山西省长治市壶关县'),(1633, '140404', '山西省长治市上党区'),(1634, '140429', '山西省长治市武乡县'),(1635, '140430', '山西省长治市沁县'),(1636, '140403', '山西省长治市潞州区'),(1637, '140406', '山西省长治市潞城区'),(1638, '140425', '山西省长治市平顺县'),(1639, '140405', '山西省长治市屯留区'),(1640, '140423', '山西省长治市襄垣县'),(1641, '120117', '天津市宁河区'),(1642, '420982', '湖北省孝感市安陆市'),(1643, '420922', '湖北省孝感市大悟县'),(1644, '420984', '湖北省孝感市汉川市'),(1645, '420921', '湖北省孝感市孝昌县'),(1646, '420902', '湖北省孝感市孝南区'),(1647, '420981', '湖北省孝感市应城市'),(1648, '420923', '湖北省孝感市云梦县'),(1649, '429006', '湖北省天门市天门市'),(1650, '420802', '湖北省荆门市东宝区'),(1651, '420804', '湖北省荆门市掇刀区'),(1652, '420882', '湖北省荆门市京山市'),(1653, '420822', '湖北省荆门市沙洋县'),(1654, '420881', '湖北省荆门市钟祥市'),(1655, '420582', '湖北省宜昌市当阳市'),(1656, '420504', '湖北省宜昌市点军区'),(1657, '420529', '湖北省宜昌市五峰土家族自治县'),(1658, '420503', '湖北省宜昌市伍家岗区'),(1659, '420502', '湖北省宜昌市西陵区'),(1660, '420505', '湖北省宜昌市猇亭区'),(1661, '420526', '湖北省宜昌市兴山县'),(1662, '420506', '湖北省宜昌市夷陵区'),(1663, '420581', '湖北省宜昌市宜都市'),(1664, '420525', '湖北省宜昌市远安县'),(1665, '420528', '湖北省宜昌市长阳土家族自治县'),(1666, '420583', '湖北省宜昌市枝江市'),(1667, '420527', '湖北省宜昌市秭归县'),(1668, '420114', '湖北省武汉市蔡甸区'),(1669, '420112', '湖北省武汉市东西湖区'),(1670, '420113', '湖北省武汉市汉南区'),(1671, '420105', '湖北省武汉市汉阳区'),(1672, '420111', '湖北省武汉市洪山区'),(1673, '420116', '湖北省武汉市黄陂区'),(1674, '420102', '湖北省武汉市江岸区'),(1675, '420103', '湖北省武汉市江汉区'),(1676, '420115', '湖北省武汉市江夏区'),(1677, '420104', '湖北省武汉市硚口区'),(1678, '420107', '湖北省武汉市青山区'),(1679, '420106', '湖北省武汉市武昌区'),(1680, '420117', '湖北省武汉市新洲区'),(1681, '429005', '湖北省潜江市潜江市'),(1682, '421022', '湖北省荆州市公安县'),(1683, '421083', '湖北省荆州市洪湖市'),(1684, '421023', '湖北省荆州市监利市'),(1685, '421024', '湖北省荆州市江陵县'),(1686, '421003', '湖北省荆州市荆州区'),(1687, '421002', '湖北省荆州市沙市区'),(1688, '421081', '湖北省荆州市石首市'),(1689, '421087', '湖北省荆州市松滋市'),(1690, '510107', '四川省成都市武侯区'),(1691, '511323', '四川省南充市蓬安县'),(1692, '710309', '台湾省新北市三芝区'),(1693, '710607', '台湾省桃园市芦竹乡'),(1694, '710608', '台湾省桃园市观音乡'),(1695, '710418', '台湾省台中市大甲区'),(1696, '710328', '台湾省新北市瑞芳区'),(1697, '710327', '台湾省新北市淡水区'),(1698, '710326', '台湾省新北市万里区'),(1699, '710429', '台湾省台中市大安区'),(1700, '710419', '台湾省台中市梧栖区'),(1701, '710428', '台湾省台中市清水区'),(1702, '710301', '台湾省新北市八里区'),(1703, '710318', '台湾省新北市林口区'),(1704, '710611', '台湾省桃园市大园乡'),(1705, '710612', '台湾省桃园市新屋乡'),(1706, '710409', '台湾省台中市龙井区'),(1707, '719014', '台湾省澎湖县澎湖县'),(1708, '710329', '台湾省新北市石门区'),(1709, '710325', '台湾省新北市金山区'),(1710, '710324', '台湾省新北市贡寮区'),(1711, '310151', '上海市崇明区'),(1712, '710205', '台湾省高雄市旗津区'),(1713, '710234', '台湾省高雄市盐埕区'),(1714, '710535', '台湾省台南市北门区'),(1715, '710225', '台湾省高雄市林园区'),(1716, '710201', '台湾省高雄市小港区'),(1717, '710221', '台湾省高雄市前镇区'),(1718, '710212', '台湾省高雄市苓雅区'),(1719, '710227', '台湾省高雄市鼓山区'),(1720, '710202', '台湾省高雄市左营区'),(1721, '710210', '台湾省高雄市楠梓区'),(1722, '710214', '台湾省高雄市梓官区'),(1723, '710206', '台湾省高雄市弥陀区'),(1724, '710236', '台湾省高雄市永安区'),(1725, '710219', '台湾省高雄市茄萣区'),(1726, '710533', '台湾省台南市南区'),(1727, '710534', '台湾省台南市安平区'),(1728, '710521', '台湾省台南市安南区'),(1729, '710536', '台湾省台南市七股区'),(1730, '710537', '台湾省台南市将军区'),(1731, '211003', '辽宁省辽阳市文圣区'),(1732, '211004', '辽宁省辽阳市宏伟区'),(1733, '211011', '辽宁省辽阳市太子河区'),(1734, '211021', '辽宁省辽阳市辽阳县'),(1735, '211005', '辽宁省辽阳市弓长岭区'),(1736, '211081', '辽宁省辽阳市灯塔市'),(1737, '141127', '山西省吕梁市岚县'),(1738, '141123', '山西省吕梁市兴县'),(1739, '141130', '山西省吕梁市交口县'),(1740, '141126', '山西省吕梁市石楼县'),(1741, '141124', '山西省吕梁市临县'),(1742, '141128', '山西省吕梁市方山县'),(1743, '141122', '山西省吕梁市交城县'),(1744, '141102', '山西省吕梁市离石区'),(1745, '141125', '山西省吕梁市柳林县'),(1746, '141121', '山西省吕梁市文水县'),(1747, '141182', '山西省吕梁市汾阳市'),(1748, '141129', '山西省吕梁市中阳县'),(1749, '141181', '山西省吕梁市孝义市'),(1750, '140121', '山西省太原市清徐县'),(1751, '140122', '山西省太原市阳曲县'),(1752, '140123', '山西省太原市娄烦县'),(1753, '140108', '山西省太原市尖草坪区'),(1754, '140106', '山西省太原市迎泽区'),(1755, '140109', '山西省太原市万柏林区'),(1756, '140105', '山西省太原市小店区'),(1757, '140110', '山西省太原市晋源区'),(1758, '140181', '山西省太原市古交市'),(1759, '140723', '山西省晋中市和顺县'),(1760, '140781', '山西省晋中市介休市'),(1761, '140729', '山西省晋中市灵石县'),(1762, '140728', '山西省晋中市平遥县'),(1763, '140727', '山西省晋中市祁县'),(1764, '140722', '山西省晋中市左权县'),(1765, '140721', '山西省晋中市榆社县'),(1766, '140703', '山西省晋中市太谷区'),(1767, '140702', '山西省晋中市榆次区'),(1768, '140725', '山西省晋中市寿阳县'),(1769, '140724', '山西省晋中市昔阳县'),(1770, '140602', '山西省朔州市朔城区'),(1771, '140622', '山西省朔州市应县'),(1772, '140681', '山西省朔州市怀仁市'),(1773, '140621', '山西省朔州市山阴县'),(1774, '140623', '山西省朔州市右玉县'),(1775, '140603', '山西省朔州市平鲁区'),(1776, '140830', '山西省运城市芮城县'),(1777, '140826', '山西省运城市绛县'),(1778, '140829', '山西省运城市平陆县'),(1779, '140824', '山西省运城市稷山县'),(1780, '140821', '山西省运城市临猗县'),(1781, '140882', '山西省运城市河津市'),(1782, '140827', '山西省运城市垣曲县'),(1783, '140881', '山西省运城市永济市'),(1784, '140802', '山西省运城市盐湖区'),(1785, '140825', '山西省运城市新绛县'),(1786, '140828', '山西省运城市夏县'),(1787, '140823', '山西省运城市闻喜县'),(1788, '140822', '山西省运城市万荣县'),(1789, '360423', '江西省九江市武宁县'),(1790, '360428', '江西省九江市都昌县'),(1791, '360430', '江西省九江市彭泽县'),(1792, '360429', '江西省九江市湖口县'),(1793, '360402', '江西省九江市濂溪区'),(1794, '360483', '江西省九江市庐山市'),(1795, '360403', '江西省九江市浔阳区'),(1796, '360482', '江西省九江市共青城市'),(1797, '360425', '江西省九江市永修县'),(1798, '360426', '江西省九江市德安县'),(1799, '360481', '江西省九江市瑞昌市'),(1800, '360424', '江西省九江市修水县'),(1801, '360202', '江西省景德镇市昌江区'),(1802, '360222', '江西省景德镇市浮梁县'),(1803, '360281', '江西省景德镇市乐平市'),(1804, '361128', '江西省上饶市鄱阳县'),(1805, '361130', '江西省上饶市婺源县'),(1806, '361181', '江西省上饶市德兴市'),(1807, '361123', '江西省上饶市玉山县'),(1808, '361125', '江西省上饶市横峰县'),(1809, '361126', '江西省上饶市弋阳县'),(1810, '361102', '江西省上饶市信州区'),(1811, '361104', '江西省上饶市广信区'),(1812, '361103', '江西省上饶市广丰区'),(1813, '361124', '江西省上饶市铅山县'),(1814, '361129', '江西省上饶市万年县'),(1815, '361127', '江西省上饶市余干县'),(1816, '540530', '西藏自治区山南市错那县'),(1817, '540528', '西藏自治区山南市加查县'),(1818, '540523', '西藏自治区山南市桑日县'),(1819, '540525', '西藏自治区山南市曲松县'),(1820, '540502', '西藏自治区山南市乃东区'),(1821, '540524', '西藏自治区山南市琼结县'),(1822, '540521', '西藏自治区山南市扎囊县'),(1823, '540526', '西藏自治区山南市措美县'),(1824, '540522', '西藏自治区山南市贡嘎县'),(1825, '540531', '西藏自治区山南市浪卡子县'),(1826, '540527', '西藏自治区山南市洛扎县'),(1827, '540529', '西藏自治区山南市隆子县'),(1828, '540221', '西藏自治区日喀则市南木林县'),(1829, '540230', '西藏自治区日喀则市康马县'),(1830, '540222', '西藏自治区日喀则市江孜县'),(1831, '540229', '西藏自治区日喀则市仁布县'),(1832, '540202', '西藏自治区日喀则市桑珠孜区'),(1833, '540227', '西藏自治区日喀则市谢通门县'),(1834, '540228', '西藏自治区日喀则市白朗县'),(1835, '540224', '西藏自治区日喀则市萨迦县'),(1836, '540233', '西藏自治区日喀则市亚东县'),(1837, '540237', '西藏自治区日喀则市岗巴县'),(1838, '540231', '西藏自治区日喀则市定结县'),(1839, '540225', '西藏自治区日喀则市拉孜县'),(1840, '540226', '西藏自治区日喀则市昂仁县'),(1841, '540223', '西藏自治区日喀则市定日县'),(1842, '540235', '西藏自治区日喀则市聂拉木县'),(1843, '540236', '西藏自治区日喀则市萨嘎县'),(1844, '540234', '西藏自治区日喀则市吉隆县'),(1845, '540232', '西藏自治区日喀则市仲巴县'),(1846, '540623', '西藏自治区那曲市聂荣县'),(1847, '540602', '西藏自治区那曲市色尼区'),(1848, '540624', '西藏自治区那曲市安多县'),(1849, '540629', '西藏自治区那曲市尼玛县'),(1850, '540625', '西藏自治区那曲市申扎县'),(1851, '540627', '西藏自治区那曲市班戈县'),(1852, '540626', '西藏自治区那曲市索县'),(1853, '540628', '西藏自治区那曲市巴青县'),(1854, '540630', '西藏自治区那曲市双湖县'),(1855, '540621', '西藏自治区那曲市嘉黎县'),(1856, '540622', '西藏自治区那曲市比如县'),(1857, '542525', '西藏自治区阿里地区革吉县'),(1858, '542521', '西藏自治区阿里地区普兰县'),(1859, '542526', '西藏自治区阿里地区改则县'),(1860, '542527', '西藏自治区阿里地区措勤县'),(1861, '542522', '西藏自治区阿里地区札达县'),(1862, '542524', '西藏自治区阿里地区日土县'),(1863, '542523', '西藏自治区阿里地区噶尔县'),(1864, '420703', '湖北省鄂州市华容区'),(1865, '420702', '湖北省鄂州市梁子湖区'),(1866, '420704', '湖北省鄂州市鄂城区'),(1867, '421303', '湖北省随州市曾都区'),(1868, '421321', '湖北省随州市随县'),(1869, '421381', '湖北省随州市广水市'),(1870, '421182', '湖北省黄冈市武穴市'),(1871, '421181', '湖北省黄冈市麻城市'),(1872, '421121', '湖北省黄冈市团风县'),(1873, '421122', '湖北省黄冈市红安县'),(1874, '421125', '湖北省黄冈市浠水县'),(1875, '421126', '湖北省黄冈市蕲春县'),(1876, '421127', '湖北省黄冈市黄梅县'),(1877, '421102', '湖北省黄冈市黄州区'),(1878, '421123', '湖北省黄冈市罗田县'),(1879, '421124', '湖北省黄冈市英山县'),(1880, '420203', '湖北省黄石市西塞山区'),(1881, '420204', '湖北省黄石市下陆区'),(1882, '420205', '湖北省黄石市铁山区'),(1883, '420222', '湖北省黄石市阳新县'),(1884, '420281', '湖北省黄石市大冶市'),(1885, '500106', '重庆市沙坪坝区'),(1886, '500242', '重庆市酉阳土家族苗族自治县'),(1887, '500230', '重庆市丰都县'),(1888, '500243', '重庆市彭水苗族土家族自治县'),(1889, '500118', '重庆市永川区'),(1890, '500156', '重庆市武隆区'),(1891, '500116', '重庆市江津区'),(1892, '500120', '重庆市璧山区'),(1893, '500152', '重庆市潼南区'),(1894, '500151', '重庆市铜梁区'),(1895, '500117', '重庆市合川区'),(1896, '500113', '重庆市巴南区'),(1897, '500238', '重庆市巫溪县'),(1898, '500110', '重庆市綦江区'),(1899, '500119', '重庆市南川区'),(1900, '500155', '重庆市梁平区'),(1901, '500102', '重庆市涪陵区'),(1902, '500231', '重庆市垫江县'),(1903, '500111', '重庆市大足区'),(1904, '500154', '重庆市开州区'),(1905, '152524', '内蒙古自治区锡林郭勒盟苏尼特右旗'),(1906, '152528', '内蒙古自治区锡林郭勒盟镶黄旗'),(1907, '150621', '内蒙古自治区鄂尔多斯市达拉特旗'),(1908, '150622', '内蒙古自治区鄂尔多斯市准格尔旗'),(1909, '150627', '内蒙古自治区鄂尔多斯市伊金霍洛旗'),(1910, '150623', '内蒙古自治区鄂尔多斯市鄂托克前旗'),(1911, '150602', '内蒙古自治区鄂尔多斯市东胜区'),(1912, '150522', '内蒙古自治区通辽市科尔沁左翼后旗'),(1913, '150523', '内蒙古自治区通辽市开鲁县'),(1914, '150521', '内蒙古自治区通辽市科尔沁左翼中旗'),(1915, '150525', '内蒙古自治区通辽市奈曼旗'),(1916, '150581', '内蒙古自治区通辽市霍林郭勒市'),(1917, '150524', '内蒙古自治区通辽市库伦旗'),(1918, '150421', '内蒙古自治区赤峰市阿鲁科尔沁旗'),(1919, '150424', '内蒙古自治区赤峰市林西县'),(1920, '150426', '内蒙古自治区赤峰市翁牛特旗'),(1921, '150425', '内蒙古自治区赤峰市克什克腾旗'),(1922, '150423', '内蒙古自治区赤峰市巴林右旗'),(1923, '150428', '内蒙古自治区赤峰市喀喇沁旗'),(1924, '150429', '内蒙古自治区赤峰市宁城县'),(1925, '150430', '内蒙古自治区赤峰市敖汉旗'),(1926, '150783', '内蒙古自治区呼伦贝尔市扎兰屯市'),(1927, '150724', '内蒙古自治区呼伦贝尔市鄂温克族自治旗'),(1928, '150782', '内蒙古自治区呼伦贝尔市牙克石市'),(1929, '150725', '内蒙古自治区呼伦贝尔市陈巴尔虎旗'),(1930, '150785', '内蒙古自治区呼伦贝尔市根河市'),(1931, '150721', '内蒙古自治区呼伦贝尔市阿荣旗'),(1932, '150722', '内蒙古自治区呼伦贝尔市莫力达瓦达斡尔族自治旗'),(1933, '150207', '内蒙古自治区包头市九原区'),(1934, '150784', '内蒙古自治区呼伦贝尔市额尔古纳市'),(1935, '371721', '山东省菏泽市曹县'),(1936, '150124', '内蒙古自治区呼和浩特市清水河县'),(1937, '152201', '内蒙古自治区兴安盟乌兰浩特市'),(1938, '152221', '内蒙古自治区兴安盟科尔沁右翼前旗'),(1939, '140924', '山西省忻州市繁峙县'),(1940, '140922', '山西省忻州市五台县'),(1941, '140923', '山西省忻州市代县'),(1942, '140981', '山西省忻州市原平市'),(1943, '140921', '山西省忻州市定襄县'),(1944, '140925', '山西省忻州市宁武县'),(1945, '140902', '山西省忻州市忻府区'),(1946, '140927', '山西省忻州市神池县'),(1947, '140928', '山西省忻州市五寨县'),(1948, '140926', '山西省忻州市静乐县'),(1949, '140929', '山西省忻州市岢岚县'),(1950, '140932', '山西省忻州市偏关县'),(1951, '140930', '山西省忻州市河曲县'),(1952, '140931', '山西省忻州市保德县'),(1953, '350303', '福建省莆田市涵江区'),(1954, '350305', '福建省莆田市秀屿区'),(1955, '350322', '福建省莆田市仙游县'),(1956, '350302', '福建省莆田市城厢区'),(1957, '350304', '福建省莆田市荔城区'),(1958, '360827', '江西省吉安市遂川县'),(1959, '360826', '江西省吉安市泰和县'),(1960, '360881', '江西省吉安市井冈山市'),(1961, '360821', '江西省吉安市吉安县'),(1962, '360829', '江西省吉安市安福县'),(1963, '360824', '江西省吉安市新干县'),(1964, '360802', '江西省吉安市吉州区'),(1965, '360803', '江西省吉安市青原区'),(1966, '360828', '江西省吉安市万安县'),(1967, '360825', '江西省吉安市永丰县'),(1968, '360823', '江西省吉安市峡江县'),(1969, '360830', '江西省吉安市永新县'),(1970, '360822', '江西省吉安市吉水县'),(1971, '360921', '江西省宜春市奉新县'),(1972, '360982', '江西省宜春市樟树市'),(1973, '360981', '江西省宜春市丰城市'),(1974, '360902', '江西省宜春市袁州区'),(1975, '360923', '江西省宜春市上高县'),(1976, '360924', '江西省宜春市宜丰县'),(1977, '360922', '江西省宜春市万载县'),(1978, '360926', '江西省宜春市铜鼓县'),(1979, '360983', '江西省宜春市高安市'),(1980, '360925', '江西省宜春市靖安县'),(1981, '360704', '江西省赣州市赣县区'),(1982, '360702', '江西省赣州市章贡区'),(1983, '360726', '江西省赣州市安远县'),(1984, '360781', '江西省赣州市瑞金市'),(1985, '360733', '江西省赣州市会昌县'),(1986, '360735', '江西省赣州市石城县'),(1987, '360730', '江西省赣州市宁都县'),(1988, '360732', '江西省赣州市兴国县'),(1989, '360723', '江西省赣州市大余县'),(1990, '360725', '江西省赣州市崇义县'),(1991, '360724', '江西省赣州市上犹县'),(1992, '360703', '江西省赣州市南康区'),(1993, '360731', '江西省赣州市于都县'),(1994, '360728', '江西省赣州市定南县'),(1995, '360734', '江西省赣州市寻乌县'),(1996, '360783', '江西省赣州市龙南市'),(1997, '360729', '江西省赣州市全南县'),(1998, '360722', '江西省赣州市信丰县'),(1999, '360602', '江西省鹰潭市月湖区'),(2000, '360681', '江西省鹰潭市贵溪市'),(2001, '360603', '江西省鹰潭市余江区'),(2002, '500235', '重庆市云阳县'),(2003, '500109', '重庆市北碚区'),(2004, '500101', '重庆市万州区'),(2005, '500240', '重庆市石柱土家族自治县'),(2006, '500103', '重庆市渝中区'),(2007, '500105', '重庆市江北区'),(2008, '500229', '重庆市城口县'),(2009, '500115', '重庆市长寿区'),(2010, '500237', '重庆市巫山县'),(2011, '500233', '重庆市忠县'),(2012, '500114', '重庆市黔江区'),(2013, '500241', '重庆市秀山土家族苗族自治县'),(2014, '500153', '重庆市荣昌区'),(2015, '500236', '重庆市奉节县'),(2016, '500104', '重庆市大渡口区'),(2017, '500108', '重庆市南岸区'),(2018, '500107', '重庆市九龙坡区'),(2019, '500112', '重庆市渝北区'),(2020, '370702', '山东省潍坊市潍城区'),(2021, '620723', '甘肃省张掖市临泽县'),(2022, '411481', '河南省商丘市永城市'),(2023, '513231', '四川省阿坝藏族羌族自治州阿坝县'),(2024, '513224', '四川省阿坝藏族羌族自治州松潘县'),(2025, '513233', '四川省阿坝藏族羌族自治州红原县'),(2026, '513225', '四川省阿坝藏族羌族自治州九寨沟县'),(2027, '513201', '四川省阿坝藏族羌族自治州马尔康市'),(2028, '513230', '四川省阿坝藏族羌族自治州壤塘县'),(2029, '513232', '四川省阿坝藏族羌族自治州若尔盖县'),(2030, '511902', '四川省巴中市巴州区'),(2031, '511903', '四川省巴中市恩阳区'),(2032, '510185', '四川省成都市简阳市'),(2033, '510116', '四川省成都市双流区'),(2034, '510108', '四川省成都市成华区'),(2035, '510113', '四川省成都市青白江区'),(2036, '510121', '四川省成都市金堂县'),(2037, '510118', '四川省成都市新津区'),(2038, '510182', '四川省成都市彭州市'),(2039, '510104', '四川省成都市锦江区'),(2040, '510106', '四川省成都市金牛区'),(2041, '510117', '四川省成都市郫都区'),(2042, '510105', '四川省成都市青羊区'),(2043, '510183', '四川省成都市邛崃市'),(2044, '510115', '四川省成都市温江区'),(2045, '511723', '四川省达州市开江县'),(2046, '511725', '四川省达州市渠县'),(2047, '511703', '四川省达州市达川区'),(2048, '511702', '四川省达州市通川区'),(2049, '511724', '四川省达州市大竹县'),(2050, '510603', '四川省德阳市旌阳区'),(2051, '510623', '四川省德阳市中江县'),(2052, '510604', '四川省德阳市罗江区'),(2053, '511623', '四川省广安市邻水县'),(2054, '511602', '四川省广安市广安区'),(2055, '511603', '四川省广安市前锋区'),(2056, '511622', '四川省广安市武胜县'),(2057, '511681', '四川省广安市华蓥市'),(2058, '511621', '四川省广安市岳池县'),(2059, '510812', '四川省广元市朝天区'),(2060, '510811', '四川省广元市昭化区'),(2061, '510821', '四川省广元市旺苍县'),(2062, '511133', '四川省乐山市马边彝族自治县'),(2063, '511112', '四川省乐山市五通桥区'),(2064, '511124', '四川省乐山市井研县'),(2065, '511126', '四川省乐山市夹江县'),(2066, '511181', '四川省乐山市峨眉山市'),(2067, '511132', '四川省乐山市峨边彝族自治县'),(2068, '511129', '四川省乐山市沐川县'),(2069, '511111', '四川省乐山市沙湾区'),(2070, '513435', '四川省凉山彝族自治州甘洛县'),(2071, '513422', '四川省凉山彝族自治州木里藏族自治县'),(2072, '513424', '四川省凉山彝族自治州德昌县'),(2073, '513430', '四川省凉山彝族自治州金阳县'),(2074, '513437', '四川省凉山彝族自治州雷波县'),(2075, '513426', '四川省凉山彝族自治州会东县'),(2076, '513427', '四川省凉山彝族自治州宁南县'),(2077, '513434', '四川省凉山彝族自治州越西县'),(2078, '513436', '四川省凉山彝族自治州美姑县'),(2079, '513433', '四川省凉山彝族自治州冕宁县'),(2080, '513423', '四川省凉山彝族自治州盐源县'),(2081, '513401', '四川省凉山彝族自治州西昌市'),(2082, '513432', '四川省凉山彝族自治州喜德县'),(2083, '513429', '四川省凉山彝族自治州布拖县'),(2084, '513428', '四川省凉山彝族自治州普格县'),(2085, '513431', '四川省凉山彝族自治州昭觉县'),(2086, '510502', '四川省泸州市江阳区'),(2087, '510504', '四川省泸州市龙马潭区'),(2088, '510503', '四川省泸州市纳溪区'),(2089, '510524', '四川省泸州市叙永县'),(2090, '510525', '四川省泸州市古蔺县'),(2091, '510521', '四川省泸州市泸县'),(2092, '511403', '四川省眉山市彭山区'),(2093, '511425', '四川省眉山市青神县'),(2094, '510703', '四川省绵阳市涪城区'),(2095, '511381', '四川省南充市阆中市'),(2096, '511321', '四川省南充市南部县'),(2097, '511322', '四川省南充市营山县'),(2098, '511324', '四川省南充市仪陇县'),(2099, '511304', '四川省南充市嘉陵区'),(2100, '511302', '四川省南充市顺庆区'),(2101, '511303', '四川省南充市高坪区'),(2102, '511024', '四川省内江市威远县'),(2103, '511002', '四川省内江市市中区'),(2104, '511025', '四川省内江市资中县'),(2105, '511083', '四川省内江市隆昌市'),(2106, '511011', '四川省内江市东兴区'),(2107, '510422', '四川省攀枝花市盐边县'),(2108, '510402', '四川省攀枝花市东区'),(2109, '510411', '四川省攀枝花市仁和区'),(2110, '510403', '四川省攀枝花市西区'),(2111, '510421', '四川省攀枝花市米易县'),(2112, '510921', '四川省遂宁市蓬溪县'),(2113, '510981', '四川省遂宁市射洪市'),(2114, '510923', '四川省遂宁市大英县'),(2115, '510903', '四川省遂宁市船山区'),(2116, '510904', '四川省遂宁市安居区'),(2117, '511529', '四川省宜宾市屏山县'),(2118, '511524', '四川省宜宾市长宁县'),(2119, '511523', '四川省宜宾市江安县'),(2120, '511502', '四川省宜宾市翠屏区'),(2121, '511525', '四川省宜宾市高县'),(2122, '511526', '四川省宜宾市珙县'),(2123, '511528', '四川省宜宾市兴文县'),(2124, '511503', '四川省宜宾市南溪区'),(2125, '511527', '四川省宜宾市筠连县'),(2126, '512021', '四川省资阳市安岳县'),(2127, '512022', '四川省资阳市乐至县'),(2128, '512002', '四川省资阳市雁江区'),(2129, '510303', '四川省自贡市贡井区'),(2130, '510311', '四川省自贡市沿滩区'),(2131, '510322', '四川省自贡市富顺县'),(2132, '510302', '四川省自贡市自流井区'),(2133, '510304', '四川省自贡市大安区'),(2134, '654022', '新疆维吾尔自治区伊犁哈萨克自治州察布查尔锡伯自治县'),(2135, '654023', '新疆维吾尔自治区伊犁哈萨克自治州霍城县'),(2136, '659008', '新疆维吾尔自治区可克达拉市可克达拉市'),(2137, '510112', '四川省成都市龙泉驿区'),(2138, '513332', '四川省甘孜藏族自治州石渠县'),(2139, '513337', '四川省甘孜藏族自治州稻城县'),(2140, '513325', '四川省甘孜藏族自治州雅江县'),(2141, '513326', '四川省甘孜藏族自治州道孚县'),(2142, '513333', '四川省甘孜藏族自治州色达县'),(2143, '513338', '四川省甘孜藏族自治州得荣县'),(2144, '513330', '四川省甘孜藏族自治州德格县'),(2145, '513327', '四川省甘孜藏族自治州炉霍县'),(2146, '513324', '四川省甘孜藏族自治州九龙县'),(2147, '513336', '四川省甘孜藏族自治州乡城县'),(2148, '513335', '四川省甘孜藏族自治州巴塘县'),(2149, '513329', '四川省甘孜藏族自治州新龙县'),(2150, '513334', '四川省甘孜藏族自治州理塘县'),(2151, '513331', '四川省甘孜藏族自治州白玉县'),(2152, '513328', '四川省甘孜藏族自治州甘孜县'),(2153, '370611', '山东省烟台市福山区'),(2154, '654026', '新疆维吾尔自治区伊犁哈萨克自治州昭苏县'),(2155, '654024', '新疆维吾尔自治区伊犁哈萨克自治州巩留县'),(2156, '654003', '新疆维吾尔自治区伊犁哈萨克自治州奎屯市'),(2157, '654028', '新疆维吾尔自治区伊犁哈萨克自治州尼勒克县'),(2158, '654027', '新疆维吾尔自治区伊犁哈萨克自治州特克斯县'),(2159, '654025', '新疆维吾尔自治区伊犁哈萨克自治州新源县'),(2160, '654002', '新疆维吾尔自治区伊犁哈萨克自治州伊宁市'),(2161, '654021', '新疆维吾尔自治区伊犁哈萨克自治州伊宁县'),(2162, '650107', '新疆维吾尔自治区乌鲁木齐市达坂城区'),(2163, '650109', '新疆维吾尔自治区乌鲁木齐市米东区'),(2164, '650103', '新疆维吾尔自治区乌鲁木齐市沙依巴克区'),(2165, '650105', '新疆维吾尔自治区乌鲁木齐市水磨沟区'),(2166, '650102', '新疆维吾尔自治区乌鲁木齐市天山区'),(2167, '650106', '新疆维吾尔自治区乌鲁木齐市头屯河区'),(2168, '650121', '新疆维吾尔自治区乌鲁木齐市乌鲁木齐县'),(2169, '650104', '新疆维吾尔自治区乌鲁木齐市新市区'),(2170, '650422', '新疆维吾尔自治区吐鲁番市托克逊县'),(2171, '650402', '新疆维吾尔自治区吐鲁番市高昌区'),(2172, '650421', '新疆维吾尔自治区吐鲁番市鄯善县'),(2173, '653024', '新疆维吾尔自治区克孜勒苏柯尔克孜自治州乌恰县'),(2174, '653022', '新疆维吾尔自治区克孜勒苏柯尔克孜自治州阿克陶县'),(2175, '650203', '新疆维吾尔自治区克拉玛依市克拉玛依区'),(2176, '650204', '新疆维吾尔自治区克拉玛依市白碱滩区'),(2177, '650205', '新疆维吾尔自治区克拉玛依市乌尔禾区'),(2178, '650202', '新疆维吾尔自治区克拉玛依市独山子区'),(2179, '653122', '新疆维吾尔自治区喀什地区疏勒县'),(2180, '653128', '新疆维吾尔自治区喀什地区岳普湖县'),(2181, '653124', '新疆维吾尔自治区喀什地区泽普县'),(2182, '653130', '新疆维吾尔自治区喀什地区巴楚县'),(2183, '653129', '新疆维吾尔自治区喀什地区伽师县'),(2184, '653101', '新疆维吾尔自治区喀什地区喀什市'),(2185, '653127', '新疆维吾尔自治区喀什地区麦盖提县'),(2186, '653121', '新疆维吾尔自治区喀什地区疏附县'),(2187, '653131', '新疆维吾尔自治区喀什地区塔什库尔干塔吉克自治县'),(2188, '653126', '新疆维吾尔自治区喀什地区叶城县'),(2189, '653123', '新疆维吾尔自治区喀什地区英吉沙县'),(2190, '652301', '新疆维吾尔自治区昌吉回族自治州昌吉市'),(2191, '652323', '新疆维吾尔自治区昌吉回族自治州呼图壁县'),(2192, '652328', '新疆维吾尔自治区昌吉回族自治州木垒哈萨克自治县'),(2193, '652722', '新疆维吾尔自治区博尔塔拉蒙古自治州精河县'),(2194, '652701', '新疆维吾尔自治区博尔塔拉蒙古自治州博乐市'),(2195, '652825', '新疆维吾尔自治区巴音郭楞蒙古自治州且末县'),(2196, '652827', '新疆维吾尔自治区巴音郭楞蒙古自治州和静县'),(2197, '659004', '新疆维吾尔自治区五家渠市五家渠市'),(2198, '659001', '新疆维吾尔自治区石河子市石河子市'),(2199, '659003', '新疆维吾尔自治区图木舒克市图木舒克市'),(2200, '654223', '新疆维吾尔自治区塔城地区沙湾市'),(2201, '653224', '新疆维吾尔自治区和田地区洛浦县'),(2202, '652823', '新疆维吾尔自治区巴音郭楞蒙古自治州尉犁县'),(2203, '659007', '新疆维吾尔自治区双河市双河市'),(2204, '350426', '福建省三明市尤溪县'),(2205, '350481', '福建省三明市永安市'),(2206, '350430', '福建省三明市建宁县'),(2207, '350429', '福建省三明市泰宁县'),(2208, '350428', '福建省三明市将乐县'),(2209, '350427', '福建省三明市沙县区'),(2210, '350403', '福建省三明市三元区'),(2211, '350425', '福建省三明市大田县'),(2212, '350423', '福建省三明市清流县'),(2213, '350424', '福建省三明市宁化县'),(2214, '350421', '福建省三明市明溪县'),(2215, '350524', '福建省泉州市安溪县'),(2216, '350526', '福建省泉州市德化县'),(2217, '350582', '福建省泉州市晋江市'),(2218, '350581', '福建省泉州市石狮市'),(2219, '350504', '福建省泉州市洛江区'),(2220, '350502', '福建省泉州市鲤城区'),(2221, '350503', '福建省泉州市丰泽区'),(2222, '350525', '福建省泉州市永春县'),(2223, '350521', '福建省泉州市惠安县'),(2224, '350505', '福建省泉州市泉港区'),(2225, '350583', '福建省泉州市南安市'),(2226, '350925', '福建省宁德市周宁县'),(2227, '350926', '福建省宁德市柘荣县'),(2228, '350921', '福建省宁德市霞浦县'),(2229, '350924', '福建省宁德市寿宁县'),(2230, '350902', '福建省宁德市蕉城区'),(2231, '350923', '福建省宁德市屏南县'),(2232, '350922', '福建省宁德市古田县'),(2233, '350982', '福建省宁德市福鼎市'),(2234, '350825', '福建省龙岩市连城县'),(2235, '350881', '福建省龙岩市漳平市'),(2236, '350821', '福建省龙岩市长汀县'),(2237, '350802', '福建省龙岩市新罗区'),(2238, '350803', '福建省龙岩市永定区'),(2239, '350824', '福建省龙岩市武平县'),(2240, '350823', '福建省龙岩市上杭县'),(2241, '350104', '福建省福州市仓山区'),(2242, '350181', '福建省福州市福清市'),(2243, '350102', '福建省福州市鼓楼区'),(2244, '350111', '福建省福州市晋安区'),(2245, '350122', '福建省福州市连江县'),(2246, '350123', '福建省福州市罗源县'),(2247, '350105', '福建省福州市马尾区'),(2248, '350121', '福建省福州市闽侯县'),(2249, '350124', '福建省福州市闽清县'),(2250, '350128', '福建省福州市平潭县'),(2251, '350103', '福建省福州市台江区'),(2252, '350125', '福建省福州市永泰县'),(2253, '350112', '福建省福州市长乐区'),(2254, '350721', '福建省南平市顺昌县'),(2255, '350725', '福建省南平市政和县'),(2256, '350702', '福建省南平市延平区'),(2257, '350783', '福建省南平市建瓯市'),(2258, '350782', '福建省南平市武夷山市'),(2259, '350724', '福建省南平市松溪县'),(2260, '350781', '福建省南平市邵武市'),(2261, '350722', '福建省南平市浦城县'),(2262, '350703', '福建省南平市建阳区'),(2263, '350723', '福建省南平市光泽县'),(2264, '350206', '福建省厦门市湖里区'),(2265, '350213', '福建省厦门市翔安区'),(2266, '350212', '福建省厦门市同安区'),(2267, '350203', '福建省厦门市思明区'),(2268, '350211', '福建省厦门市集美区'),(2269, '350205', '福建省厦门市海沧区'),(2270, '350681', '福建省漳州市龙海区'),(2271, '350629', '福建省漳州市华安县'),(2272, '350626', '福建省漳州市东山县'),(2273, '350624', '福建省漳州市诏安县'),(2274, '350625', '福建省漳州市长泰区'),(2275, '350623', '福建省漳州市漳浦县'),(2276, '350622', '福建省漳州市云霄县'),(2277, '350602', '福建省漳州市芗城区'),(2278, '350628', '福建省漳州市平和县'),(2279, '350627', '福建省漳州市南靖县'),(2280, '350603', '福建省漳州市龙文区'),(2281, '150924', '内蒙古自治区乌兰察布市兴和县'),(2282, '150902', '内蒙古自治区乌兰察布市集宁区'),(2283, '150981', '内蒙古自治区乌兰察布市丰镇市'),(2284, '150923', '内蒙古自治区乌兰察布市商都县'),(2285, '150926', '内蒙古自治区乌兰察布市察哈尔右翼前旗'),(2286, '150925', '内蒙古自治区乌兰察布市凉城县'),(2287, '150929', '内蒙古自治区乌兰察布市四子王旗'),(2288, '150921', '内蒙古自治区乌兰察布市卓资县'),(2289, '150927', '内蒙古自治区乌兰察布市察哈尔右翼中旗'),(2290, '150928', '内蒙古自治区乌兰察布市察哈尔右翼后旗'),(2291, '150922', '内蒙古自治区乌兰察布市化德县'),(2292, '152202', '内蒙古自治区兴安盟阿尔山市'),(2293, '150302', '内蒙古自治区乌海市海勃湾区'),(2294, '150303', '内蒙古自治区乌海市海南区'),(2295, '150123', '内蒙古自治区呼和浩特市和林格尔县'),(2296, '150402', '内蒙古自治区赤峰市红山区'),(2297, '150502', '内蒙古自治区通辽市科尔沁区'),(2298, '152222', '内蒙古自治区兴安盟科尔沁右翼中旗'),(2299, '150404', '内蒙古自治区赤峰市松山区'),(2300, '710102', '台湾省台北市松山区'),(2301, '152224', '内蒙古自治区兴安盟突泉县'),(2302, '150122', '内蒙古自治区呼和浩特市托克托县'),(2303, '150304', '内蒙古自治区乌海市乌达区'),(2304, '150825', '内蒙古自治区巴彦淖尔市乌拉特后旗'),(2305, '150823', '内蒙古自治区巴彦淖尔市乌拉特前旗'),(2306, '150821', '内蒙古自治区巴彦淖尔市五原县'),(2307, '150403', '内蒙古自治区赤峰市元宝山区'),(2308, '152223', '内蒙古自治区兴安盟扎赉特旗'),(2309, '220582', '吉林省通化市集安市'),(2310, '222404', '吉林省延边朝鲜族自治州珲春市'),(2311, '222426', '吉林省延边朝鲜族自治州安图县'),(2312, '222402', '吉林省延边朝鲜族自治州图们市'),(2313, '222405', '吉林省延边朝鲜族自治州龙井市'),(2314, '222406', '吉林省延边朝鲜族自治州和龙市'),(2315, '220681', '吉林省白山市临江市'),(2316, '220622', '吉林省白山市靖宇县'),(2317, '220621', '吉林省白山市抚松县'),(2318, '220605', '吉林省白山市江源区'),(2319, '220602', '吉林省白山市浑江区'),(2320, '220623', '吉林省白山市长白朝鲜族自治县'),(2321, '371602', '山东省滨州市滨城区'),(2322, '371681', '山东省滨州市邹平市'),(2323, '371603', '山东省滨州市沾化区'),(2324, '371622', '山东省滨州市阳信县'),(2325, '371623', '山东省滨州市无棣县'),(2326, '371621', '山东省滨州市惠民县'),(2327, '371625', '山东省滨州市博兴县'),(2328, '371427', '山东省德州市夏津县'),(2329, '371422', '山东省德州市宁津县'),(2330, '371402', '山东省德州市德城区'),(2331, '371482', '山东省德州市禹城市'),(2332, '371424', '山东省德州市临邑县'),(2333, '371428', '山东省德州市武城县'),(2334, '371423', '山东省德州市庆云县'),(2335, '371425', '山东省德州市齐河县'),(2336, '371426', '山东省德州市平原县'),(2337, '371403', '山东省德州市陵城区'),(2338, '371481', '山东省德州市乐陵市'),(2339, '430211', '湖南省株洲市天元区'),(2340, '430203', '湖南省株洲市芦淞区'),(2341, '430204', '湖南省株洲市石峰区'),(2342, '430202', '湖南省株洲市荷塘区'),(2343, '430182', '湖南省长沙市宁乡市'),(2344, '430181', '湖南省长沙市浏阳市'),(2345, '430624', '湖南省岳阳市湘阴县'),(2346, '430602', '湖南省岳阳市岳阳楼区'),(2347, '430621', '湖南省岳阳市岳阳县'),(2348, '430611', '湖南省岳阳市君山区'),(2349, '431102', '湖南省永州市零陵区'),(2350, '430922', '湖南省益阳市桃江县'),(2351, '430921', '湖南省益阳市南县'),(2352, '430524', '湖南省邵阳市隆回县'),(2353, '430511', '湖南省邵阳市北塔区'),(2354, '430407', '湖南省衡阳市石鼓区'),(2355, '431022', '湖南省郴州市宜章县'),(2356, '433125', '湖南省湘西土家族苗族自治州保靖县'),(2357, '430382', '湖南省湘潭市韶山市'),(2358, '120110', '天津市东丽区'),(2359, '120104', '天津市南开区'),(2360, '120114', '天津市武清区'),(2361, '120115', '天津市宝坻区'),(2362, '210421', '辽宁省抚顺市抚顺县'),(2363, '370784', '山东省潍坊市安丘市'),(2364, '370783', '山东省潍坊市寿光市'),(2365, '370725', '山东省潍坊市昌乐县'),(2366, '370781', '山东省潍坊市青州市'),(2367, '370703', '山东省潍坊市寒亭区'),(2368, '370782', '山东省潍坊市诸城市'),(2369, '370724', '山东省潍坊市临朐县'),(2370, '370785', '山东省潍坊市高密市'),(2371, '370704', '山东省潍坊市坊子区'),(2372, '370786', '山东省潍坊市昌邑市'),(2373, '371723', '山东省菏泽市成武县'),(2374, '371703', '山东省菏泽市定陶区'),(2375, '371722', '山东省菏泽市单县'),(2376, '371725', '山东省菏泽市郓城县'),(2377, '371702', '山东省菏泽市牡丹区'),(2378, '371726', '山东省菏泽市鄄城县'),(2379, '371724', '山东省菏泽市巨野县'),(2380, '371728', '山东省菏泽市东明县'),(2381, '370303', '山东省淄博市张店区'),(2382, '370302', '山东省淄博市淄川区'),(2383, '370321', '山东省淄博市桓台县'),(2384, '370306', '山东省淄博市周村区'),(2385, '370304', '山东省淄博市博山区'),(2386, '370323', '山东省淄博市沂源县'),(2387, '370305', '山东省淄博市临淄区'),(2388, '370322', '山东省淄博市高青县'),(2389, '370406', '山东省枣庄市山亭区'),(2390, '370404', '山东省枣庄市峄城区'),(2391, '370403', '山东省枣庄市薛城区'),(2392, '370481', '山东省枣庄市滕州市'),(2393, '370405', '山东省枣庄市台儿庄区'),(2394, '370402', '山东省枣庄市市中区'),(2395, '370613', '山东省烟台市莱山区'),(2396, '370683', '山东省烟台市莱州市'),(2397, '370682', '山东省烟台市莱阳市'),(2398, '370687', '山东省烟台市海阳市'),(2399, '370602', '山东省烟台市芝罘区'),(2400, '370685', '山东省烟台市招远市'),(2401, '370686', '山东省烟台市栖霞市'),(2402, '370614', '山东省烟台市蓬莱区'),(2403, '370612', '山东省烟台市牟平区'),(2404, '370681', '山东省烟台市龙口市'),(2405, '370902', '山东省泰安市泰山区'),(2406, '370911', '山东省泰安市岱岳区'),(2407, '370982', '山东省泰安市新泰市'),(2408, '370921', '山东省泰安市宁阳县'),(2409, '370983', '山东省泰安市肥城市'),(2410, '370923', '山东省泰安市东平县'),(2411, '371526', '山东省聊城市高唐县'),(2412, '371521', '山东省聊城市阳谷县'),(2413, '371524', '山东省聊城市东阿县'),(2414, '371522', '山东省聊城市莘县'),(2415, '371502', '山东省聊城市东昌府区'),(2416, '371525', '山东省聊城市冠县'),(2417, '371581', '山东省聊城市临清市'),(2418, '371503', '山东省聊城市茌平区'),(2419, '370829', '山东省济宁市嘉祥县'),(2420, '370830', '山东省济宁市汶上县'),(2421, '370811', '山东省济宁市任城区'),(2422, '370832', '山东省济宁市梁山县'),(2423, '370828', '山东省济宁市金乡县'),(2424, '370883', '山东省济宁市邹城市'),(2425, '370831', '山东省济宁市泗水县'),(2426, '370881', '山东省济宁市曲阜市'),(2427, '370827', '山东省济宁市鱼台县'),(2428, '370812', '山东省济宁市兖州区'),(2429, '371002', '山东省威海市环翠区'),(2430, '371003', '山东省威海市文登区'),(2431, '371083', '山东省威海市乳山市'),(2432, '371082', '山东省威海市荣成市'),(2433, '370117', '山东省济南市钢城区'),(2434, '370116', '山东省济南市莱芜区'),(2435, '370124', '山东省济南市平阴县'),(2436, '632800', '青海省海西蒙古族藏族自治州海西蒙古族藏族自治州'),(2437, '420202', '湖北省黄石市黄石港区'),(2438, '152922', '内蒙古自治区阿拉善盟阿拉善右旗'),(2439, '622926', '甘肃省临夏回族自治州东乡族自治县'),(2440, '622924', '甘肃省临夏回族自治州广河县'),(2441, '622925', '甘肃省临夏回族自治州和政县'),(2442, '622927', '甘肃省临夏回族自治州积石山保安族东乡族撒拉族自治县'),(2443, '622922', '甘肃省临夏回族自治州康乐县'),(2444, '622901', '甘肃省临夏回族自治州临夏市'),(2445, '622921', '甘肃省临夏回族自治州临夏县'),(2446, '622923', '甘肃省临夏回族自治州永靖县'),(2447, '310107', '上海市普陀区'),(2448, '310114', '上海市嘉定区'),(2449, '310106', '上海市静安区'),(2450, '310112', '上海市闵行区'),(2451, '310117', '上海市松江区'),(2452, '310104', '上海市徐汇区'),(2453, '310105', '上海市长宁区'),(2454, '310101', '上海市黄浦区'),(2455, '310109', '上海市虹口区'),(2456, '310113', '上海市宝山区'),(2457, '310115', '上海市浦东新区'),(2458, '310120', '上海市奉贤区'),(2459, '310116', '上海市金山区'),(2460, '232700', '黑龙江省大兴安岭地区大兴安岭地区'),(2461, '232721', '黑龙江省大兴安岭地区呼玛县'),(2462, '232701', '黑龙江省大兴安岭地区漠河市'),(2463, '232722', '黑龙江省大兴安岭地区塔河县'),(2464, '230781', '黑龙江省伊春市铁力市'),(2465, '230725', '黑龙江省伊春市大箐山县'),(2466, '230751', '黑龙江省伊春市金林区'),(2467, '230718', '黑龙江省伊春市乌翠区'),(2468, '230722', '黑龙江省伊春市嘉荫县'),(2469, '230719', '黑龙江省伊春市友好区'),(2470, '230717', '黑龙江省伊春市伊美区'),(2471, '230724', '黑龙江省伊春市丰林县'),(2472, '230723', '黑龙江省伊春市汤旺县'),(2473, '230726', '黑龙江省伊春市南岔县'),(2474, '230621', '黑龙江省大庆市肇州县'),(2475, '230622', '黑龙江省大庆市肇源县'),(2476, '230602', '黑龙江省大庆市萨尔图区'),(2477, '230606', '黑龙江省大庆市大同区'),(2478, '230605', '黑龙江省大庆市红岗区'),(2479, '230604', '黑龙江省大庆市让胡路区'),(2480, '230623', '黑龙江省大庆市林甸县'),(2481, '230624', '黑龙江省大庆市杜尔伯特蒙古族自治县'),(2482, '230603', '黑龙江省大庆市龙凤区'),(2483, '230126', '黑龙江省哈尔滨市巴彦县'),(2484, '230112', '黑龙江省哈尔滨市阿城区'),(2485, '230123', '黑龙江省哈尔滨市依兰县'),(2486, '230129', '黑龙江省哈尔滨市延寿县'),(2487, '230110', '黑龙江省哈尔滨市香坊区'),(2488, '230184', '黑龙江省哈尔滨市五常市'),(2489, '230128', '黑龙江省哈尔滨市通河县'),(2490, '230109', '黑龙江省哈尔滨市松北区'),(2491, '230113', '黑龙江省哈尔滨市双城区'),(2492, '230183', '黑龙江省哈尔滨市尚志市'),(2493, '230108', '黑龙江省哈尔滨市平房区'),(2494, '230103', '黑龙江省哈尔滨市南岗区'),(2495, '230127', '黑龙江省哈尔滨市木兰县'),(2496, '230111', '黑龙江省哈尔滨市呼兰区'),(2497, '230124', '黑龙江省哈尔滨市方正县'),(2498, '230104', '黑龙江省哈尔滨市道外区'),(2499, '230102', '黑龙江省哈尔滨市道里区'),(2500, '230125', '黑龙江省哈尔滨市宾县'),(2501, '230406', '黑龙江省鹤岗市东山区'),(2502, '230405', '黑龙江省鹤岗市兴安区'),(2503, '230407', '黑龙江省鹤岗市兴山区'),(2504, '230422', '黑龙江省鹤岗市绥滨县'),(2505, '230421', '黑龙江省鹤岗市萝北县'),(2506, '230402', '黑龙江省鹤岗市向阳区'),(2507, '230404', '黑龙江省鹤岗市南山区'),(2508, '230403', '黑龙江省鹤岗市工农区'),(2509, '231102', '黑龙江省黑河市爱辉区'),(2510, '231124', '黑龙江省黑河市孙吴县'),(2511, '231123', '黑龙江省黑河市逊克县'),(2512, '231181', '黑龙江省黑河市北安市'),(2513, '231183', '黑龙江省黑河市嫩江市'),(2514, '231182', '黑龙江省黑河市五大连池市'),(2515, '230321', '黑龙江省鸡西市鸡东县'),(2516, '230382', '黑龙江省鸡西市密山市'),(2517, '230381', '黑龙江省鸡西市虎林市'),(2518, '230306', '黑龙江省鸡西市城子河区'),(2519, '230305', '黑龙江省鸡西市梨树区'),(2520, '230303', '黑龙江省鸡西市恒山区'),(2521, '230302', '黑龙江省鸡西市鸡冠区'),(2522, '230304', '黑龙江省鸡西市滴道区'),(2523, '230805', '黑龙江省佳木斯市东风区'),(2524, '230881', '黑龙江省佳木斯市同江市'),(2525, '230822', '黑龙江省佳木斯市桦南县'),(2526, '230803', '黑龙江省佳木斯市向阳区'),(2527, '230828', '黑龙江省佳木斯市汤原县'),(2528, '230804', '黑龙江省佳木斯市前进区'),(2529, '230811', '黑龙江省佳木斯市郊区'),(2530, '230826', '黑龙江省佳木斯市桦川县'),(2531, '230882', '黑龙江省佳木斯市富锦市'),(2532, '230883', '黑龙江省佳木斯市抚远市'),(2533, '231002', '黑龙江省牡丹江市东安区'),(2534, '231003', '黑龙江省牡丹江市阳明区'),(2535, '231004', '黑龙江省牡丹江市爱民区'),(2536, '231083', '黑龙江省牡丹江市海林市'),(2537, '231085', '黑龙江省牡丹江市穆棱市'),(2538, '231005', '黑龙江省牡丹江市西安区'),(2539, '231081', '黑龙江省牡丹江市绥芬河市'),(2540, '231084', '黑龙江省牡丹江市宁安市'),(2541, '231025', '黑龙江省牡丹江市林口县'),(2542, '231086', '黑龙江省牡丹江市东宁市'),(2543, '230902', '黑龙江省七台河市新兴区'),(2544, '230903', '黑龙江省七台河市桃山区'),(2545, '230904', '黑龙江省七台河市茄子河区'),(2546, '230921', '黑龙江省七台河市勃利县'),(2547, '230225', '黑龙江省齐齐哈尔市甘南县'),(2548, '230230', '黑龙江省齐齐哈尔市克东县'),(2549, '230204', '黑龙江省齐齐哈尔市铁锋区'),(2550, '230227', '黑龙江省齐齐哈尔市富裕县'),(2551, '230224', '黑龙江省齐齐哈尔市泰来县'),(2552, '230203', '黑龙江省齐齐哈尔市建华区'),(2553, '230207', '黑龙江省齐齐哈尔市碾子山区'),(2554, '230281', '黑龙江省齐齐哈尔市讷河市'),(2555, '230229', '黑龙江省齐齐哈尔市克山县'),(2556, '230208', '黑龙江省齐齐哈尔市梅里斯达斡尔族区'),(2557, '230202', '黑龙江省齐齐哈尔市龙沙区'),(2558, '230205', '黑龙江省齐齐哈尔市昂昂溪区'),(2559, '230221', '黑龙江省齐齐哈尔市龙江县'),(2560, '230206', '黑龙江省齐齐哈尔市富拉尔基区'),(2561, '230231', '黑龙江省齐齐哈尔市拜泉县'),(2562, '230223', '黑龙江省齐齐哈尔市依安县'),(2563, '230505', '黑龙江省双鸭山市四方台区'),(2564, '230506', '黑龙江省双鸭山市宝山区'),(2565, '230502', '黑龙江省双鸭山市尖山区'),(2566, '230524', '黑龙江省双鸭山市饶河县'),(2567, '230503', '黑龙江省双鸭山市岭东区'),(2568, '230521', '黑龙江省双鸭山市集贤县'),(2569, '230522', '黑龙江省双鸭山市友谊县'),(2570, '230523', '黑龙江省双鸭山市宝清县'),(2571, '231222', '黑龙江省绥化市兰西县'),(2572, '231221', '黑龙江省绥化市望奎县'),(2573, '231202', '黑龙江省绥化市北林区'),(2574, '231226', '黑龙江省绥化市绥棱县'),(2575, '231224', '黑龙江省绥化市庆安县'),(2576, '231223', '黑龙江省绥化市青冈县'),(2577, '231281', '黑龙江省绥化市安达市'),(2578, '231225', '黑龙江省绥化市明水县'),(2579, '231282', '黑龙江省绥化市肇东市'),(2580, '231283', '黑龙江省绥化市海伦市'),(2581, '230307', '黑龙江省鸡西市麻山区'),(2582, '520115', '贵州省贵阳市观山湖区'),(2583, '520113', '贵州省贵阳市白云区'),(2584, '520111', '贵州省贵阳市花溪区'),(2585, '520181', '贵州省贵阳市清镇市'),(2586, '520122', '贵州省贵阳市息烽县'),(2587, '520121', '贵州省贵阳市开阳县'),(2588, '520102', '贵州省贵阳市南明区'),(2589, '520112', '贵州省贵阳市乌当区'),(2590, '520123', '贵州省贵阳市修文县'),(2591, '520103', '贵州省贵阳市云岩区'),(2592, '520425', '贵州省安顺市紫云苗族布依族自治县'),(2593, '520423', '贵州省安顺市镇宁布依族苗族自治县'),(2594, '520403', '贵州省安顺市平坝区'),(2595, '520422', '贵州省安顺市普定县'),(2596, '520424', '贵州省安顺市关岭布依族苗族自治县'),(2597, '520402', '贵州省安顺市西秀区'),(2598, '520203', '贵州省六盘水市六枝特区'),(2599, '520281', '贵州省六盘水市盘州市'),(2600, '520221', '贵州省六盘水市水城区'),(2601, '520201', '贵州省六盘水市钟山区'),(2602, '522627', '贵州省黔东南苗族侗族自治州天柱县'),(2603, '522630', '贵州省黔东南苗族侗族自治州台江县'),(2604, '522623', '贵州省黔东南苗族侗族自治州施秉县'),(2605, '522624', '贵州省黔东南苗族侗族自治州三穗县'),(2606, '522635', '贵州省黔东南苗族侗族自治州麻江县'),(2607, '522631', '贵州省黔东南苗族侗族自治州黎平县'),(2608, '522601', '贵州省黔东南苗族侗族自治州凯里市'),(2609, '522628', '贵州省黔东南苗族侗族自治州锦屏县'),(2610, '522629', '贵州省黔东南苗族侗族自治州剑河县'),(2611, '522622', '贵州省黔东南苗族侗族自治州黄平县'),(2612, '522636', '贵州省黔东南苗族侗族自治州丹寨县'),(2613, '522626', '贵州省黔东南苗族侗族自治州岑巩县'),(2614, '522633', '贵州省黔东南苗族侗族自治州从江县'),(2615, '522632', '贵州省黔东南苗族侗族自治州榕江县'),(2616, '522634', '贵州省黔东南苗族侗族自治州雷山县'),(2617, '522625', '贵州省黔东南苗族侗族自治州镇远县'),(2618, '522701', '贵州省黔南布依族苗族自治州都匀市'),(2619, '522726', '贵州省黔南布依族苗族自治州独山县'),(2620, '522702', '贵州省黔南布依族苗族自治州福泉市'),(2621, '522723', '贵州省黔南布依族苗族自治州贵定县'),(2622, '522731', '贵州省黔南布依族苗族自治州惠水县'),(2623, '522722', '贵州省黔南布依族苗族自治州荔波县'),(2624, '522730', '贵州省黔南布依族苗族自治州龙里县'),(2625, '522728', '贵州省黔南布依族苗族自治州罗甸县'),(2626, '522727', '贵州省黔南布依族苗族自治州平塘县'),(2627, '522732', '贵州省黔南布依族苗族自治州三都水族自治县'),(2628, '522725', '贵州省黔南布依族苗族自治州瓮安县'),(2629, '522729', '贵州省黔南布依族苗族自治州长顺县'),(2630, '522328', '贵州省黔西南布依族苗族自治州安龙县'),(2631, '522326', '贵州省黔西南布依族苗族自治州望谟县'),(2632, '522327', '贵州省黔西南布依族苗族自治州册亨县'),(2633, '522301', '贵州省黔西南布依族苗族自治州兴义市'),(2634, '522302', '贵州省黔西南布依族苗族自治州兴仁市'),(2635, '522325', '贵州省黔西南布依族苗族自治州贞丰县'),(2636, '522324', '贵州省黔西南布依族苗族自治州晴隆县'),(2637, '522323', '贵州省黔西南布依族苗族自治州普安县'),(2638, '520622', '贵州省铜仁市玉屏侗族自治县'),(2639, '520625', '贵州省铜仁市印江土家族苗族自治县'),(2640, '520627', '贵州省铜仁市沿河土家族自治县'),(2641, '520603', '贵州省铜仁市万山区'),(2642, '520628', '贵州省铜仁市松桃苗族自治县'),(2643, '520624', '贵州省铜仁市思南县'),(2644, '520623', '贵州省铜仁市石阡县'),(2645, '520621', '贵州省铜仁市江口县'),(2646, '520626', '贵州省铜仁市德江县'),(2647, '520602', '贵州省铜仁市碧江区'),(2648, '520304', '贵州省遵义市播州区'),(2649, '520381', '贵州省遵义市赤水市'),(2650, '520325', '贵州省遵义市道真仡佬族苗族自治县'),(2651, '520327', '贵州省遵义市凤冈县'),(2652, '520302', '贵州省遵义市红花岗区'),(2653, '520303', '贵州省遵义市汇川区'),(2654, '520328', '贵州省遵义市湄潭县'),(2655, '520382', '贵州省遵义市仁怀市'),(2656, '520323', '贵州省遵义市绥阳县'),(2657, '520322', '贵州省遵义市桐梓县'),(2658, '520326', '贵州省遵义市务川仡佬族苗族自治县'),(2659, '520330', '贵州省遵义市习水县'),(2660, '520329', '贵州省遵义市余庆县'),(2661, '520324', '贵州省遵义市正安县'),(2662, '340122', '安徽省合肥市肥东县'),(2663, '340121', '安徽省合肥市长丰县'),(2664, '340104', '安徽省合肥市蜀山区'),(2665, '340111', '安徽省合肥市包河区'),(2666, '340103', '安徽省合肥市庐阳区'),(2667, '340124', '安徽省合肥市庐江县'),(2668, '340181', '安徽省合肥市巢湖市'),(2669, '340123', '安徽省合肥市肥西县'),(2670, '341125', '安徽省滁州市定远县'),(2671, '341181', '安徽省滁州市天长市'),(2672, '341124', '安徽省滁州市全椒县'),(2673, '341103', '安徽省滁州市南谯区'),(2674, '341182', '安徽省滁州市明光市'),(2675, '341102', '安徽省滁州市琅琊区'),(2676, '341122', '安徽省滁州市来安县'),(2677, '341126', '安徽省滁州市凤阳县'),(2678, '340803', '安徽省安庆市大观区'),(2679, '340828', '安徽省安庆市岳西县'),(2680, '340802', '安徽省安庆市迎江区'),(2681, '340811', '安徽省安庆市宜秀区'),(2682, '340826', '安徽省安庆市宿松县'),(2683, '340827', '安徽省安庆市望江县'),(2684, '340881', '安徽省安庆市桐城市'),(2685, '340825', '安徽省安庆市太湖县'),(2686, '340882', '安徽省安庆市潜山市'),(2687, '340822', '安徽省安庆市怀宁县'),(2688, '340323', '安徽省蚌埠市固镇县'),(2689, '340303', '安徽省蚌埠市蚌山区'),(2690, '340304', '安徽省蚌埠市禹会区'),(2691, '340322', '安徽省蚌埠市五河县'),(2692, '340302', '安徽省蚌埠市龙子湖区'),(2693, '340311', '安徽省蚌埠市淮上区'),(2694, '340321', '安徽省蚌埠市怀远县'),(2695, '341623', '安徽省亳州市利辛县'),(2696, '341602', '安徽省亳州市谯城区'),(2697, '341621', '安徽省亳州市涡阳县'),(2698, '341622', '安徽省亳州市蒙城县'),(2699, '341702', '安徽省池州市贵池区'),(2700, '341721', '安徽省池州市东至县'),(2701, '341722', '安徽省池州市石台县'),(2702, '341723', '安徽省池州市青阳县'),(2703, '341221', '安徽省阜阳市临泉县'),(2704, '341202', '安徽省阜阳市颍州区'),(2705, '341204', '安徽省阜阳市颍泉区'),(2706, '341226', '安徽省阜阳市颍上县'),(2707, '341225', '安徽省阜阳市阜南县'),(2708, '341203', '安徽省阜阳市颍东区'),(2709, '341222', '安徽省阜阳市太和县'),(2710, '341282', '安徽省阜阳市界首市'),(2711, '340602', '安徽省淮北市杜集区'),(2712, '340621', '安徽省淮北市濉溪县'),(2713, '340603', '安徽省淮北市相山区'),(2714, '340604', '安徽省淮北市烈山区'),(2715, '340403', '安徽省淮南市田家庵区'),(2716, '340422', '安徽省淮南市寿县'),(2717, '340421', '安徽省淮南市凤台县'),(2718, '340402', '安徽省淮南市大通区'),(2719, '340406', '安徽省淮南市潘集区'),(2720, '340405', '安徽省淮南市八公山区'),(2721, '340404', '安徽省淮南市谢家集区'),(2722, '341003', '安徽省黄山市黄山区'),(2723, '341024', '安徽省黄山市祁门县'),(2724, '341023', '安徽省黄山市黟县'),(2725, '341022', '安徽省黄山市休宁县'),(2726, '341002', '安徽省黄山市屯溪区'),(2727, '341021', '安徽省黄山市歙县'),(2728, '341004', '安徽省黄山市徽州区'),(2729, '341524', '安徽省六安市金寨县'),(2730, '341523', '安徽省六安市舒城县'),(2731, '341525', '安徽省六安市霍山县'),(2732, '341502', '安徽省六安市金安区'),(2733, '341522', '安徽省六安市霍邱县'),(2734, '341503', '安徽省六安市裕安区'),(2735, '340522', '安徽省马鞍山市含山县'),(2736, '340504', '安徽省马鞍山市雨山区'),(2737, '340521', '安徽省马鞍山市当涂县'),(2738, '340503', '安徽省马鞍山市花山区'),(2739, '340523', '安徽省马鞍山市和县'),(2740, '340506', '安徽省马鞍山市博望区'),(2741, '340705', '安徽省铜陵市铜官区'),(2742, '340722', '安徽省铜陵市枞阳县'),(2743, '340711', '安徽省铜陵市郊区'),(2744, '340706', '安徽省铜陵市义安区'),(2745, '340211', '安徽省芜湖市繁昌区'),(2746, '340202', '安徽省芜湖市镜湖区'),(2747, '340223', '安徽省芜湖市南陵县'),(2748, '340207', '安徽省芜湖市鸠江区'),(2749, '340209', '安徽省芜湖市弋江区'),(2750, '340210', '安徽省芜湖市湾沚区'),(2751, '340281', '安徽省芜湖市无为市'),(2752, '341321', '安徽省宿州市砀山县'),(2753, '341322', '安徽省宿州市萧县'),(2754, '341302', '安徽省宿州市埇桥区'),(2755, '341324', '安徽省宿州市泗县'),(2756, '341323', '安徽省宿州市灵璧县'),(2757, '341824', '安徽省宣城市绩溪县'),(2758, '341802', '安徽省宣城市宣州区'),(2759, '341823', '安徽省宣城市泾县'),(2760, '341881', '安徽省宣城市宁国市'),(2761, '341821', '安徽省宣城市郎溪县'),(2762, '341882', '安徽省宣城市广德市'),(2763, '341825', '安徽省宣城市旌德县'),(2764, '130623', '河北省保定市涞水县'),(2765, '130681', '河北省保定市涿州市'),(2766, '130637', '河北省保定市博野县'),(2767, '130608', '河北省保定市清苑区'),(2768, '130683', '河北省保定市安国市'),(2769, '130609', '河北省保定市徐水区'),(2770, '130635', '河北省保定市蠡县'),(2771, '130631', '河北省保定市望都县'),(2772, '130684', '河北省保定市高碑店市'),(2773, '130638', '河北省保定市雄县'),(2774, '130628', '河北省保定市高阳县'),(2775, '130632', '河北省保定市安新县'),(2776, '130627', '河北省保定市唐县'),(2777, '130682', '河北省保定市定州市'),(2778, '130636', '河北省保定市顺平县'),(2779, '130629', '河北省保定市容城县'),(2780, '130634', '河北省保定市曲阳县'),(2781, '130624', '河北省保定市阜平县'),(2782, '130606', '河北省保定市莲池区'),(2783, '130602', '河北省保定市竞秀区'),(2784, '130630', '河北省保定市涞源县'),(2785, '130607', '河北省保定市满城区'),(2786, '130633', '河北省保定市易县'),(2787, '130626', '河北省保定市定兴县'),(2788, '130731', '河北省张家口市涿鹿县'),(2789, '130722', '河北省张家口市张北县'),(2790, '130727', '河北省张家口市阳原县'),(2791, '130705', '河北省张家口市宣化区'),(2792, '130706', '河北省张家口市下花园区'),(2793, '130726', '河北省张家口市蔚县'),(2794, '130708', '河北省张家口市万全区'),(2795, '130725', '河北省张家口市尚义县'),(2796, '130703', '河北省张家口市桥西区'),(2797, '130702', '河北省张家口市桥东区'),(2798, '130723', '河北省张家口市康保县'),(2799, '130730', '河北省张家口市怀来县'),(2800, '130728', '河北省张家口市怀安县'),(2801, '130724', '河北省张家口市沽源县'),(2802, '130709', '河北省张家口市崇礼区'),(2803, '130732', '河北省张家口市赤城县'),(2804, '130535', '河北省邢台市临西县'),(2805, '130522', '河北省邢台市临城县'),(2806, '130529', '河北省邢台市巨鹿县'),(2807, '130531', '河北省邢台市广宗县'),(2808, '130524', '河北省邢台市柏乡县'),(2809, '130503', '河北省邢台市信都区'),(2810, '130502', '河北省邢台市襄都区'),(2811, '130530', '河北省邢台市新河县'),(2812, '130533', '河北省邢台市威县'),(2813, '130582', '河北省邢台市沙河市'),(2814, '130505', '河北省邢台市任泽区'),(2815, '130534', '河北省邢台市清河县'),(2816, '130532', '河北省邢台市平乡县'),(2817, '130528', '河北省邢台市宁晋县'),(2818, '130523', '河北省邢台市内丘县'),(2819, '130506', '河北省邢台市南和区'),(2820, '130581', '河北省邢台市南宫市'),(2821, '130525', '河北省邢台市隆尧县'),(2822, '130229', '河北省唐山市玉田县'),(2823, '130227', '河北省唐山市迁西县'),(2824, '130283', '河北省唐山市迁安市'),(2825, '130284', '河北省唐山市滦州市'),(2826, '130224', '河北省唐山市滦南县'),(2827, '130202', '河北省唐山市路南区'),(2828, '130203', '河北省唐山市路北区'),(2829, '130225', '河北省唐山市乐亭县'),(2830, '130205', '河北省唐山市开平区'),(2831, '130204', '河北省唐山市古冶区'),(2832, '130208', '河北省唐山市丰润区'),(2833, '130207', '河北省唐山市丰南区'),(2834, '130209', '河北省唐山市曹妃甸区'),(2835, '130281', '河北省唐山市遵化市'),(2836, '130111', '河北省石家庄市栾城区'),(2837, '130110', '河北省石家庄市鹿泉区'),(2838, '130126', '河北省石家庄市灵寿县'),(2839, '130107', '河北省石家庄市井陉矿区'),(2840, '130121', '河北省石家庄市井陉县'),(2841, '130183', '河北省石家庄市晋州市'),(2842, '130125', '河北省石家庄市行唐县'),(2843, '130127', '河北省石家庄市高邑县'),(2844, '130123', '河北省石家庄市正定县'),(2845, '130133', '河北省石家庄市赵县'),(2846, '130102', '河北省石家庄市长安区'),(2847, '130129', '河北省石家庄市赞皇县'),(2848, '130132', '河北省石家庄市元氏县'),(2849, '130108', '河北省石家庄市裕华区'),(2850, '130184', '河北省石家庄市新乐市'),(2851, '130181', '河北省石家庄市辛集市'),(2852, '130130', '河北省石家庄市无极县'),(2853, '130128', '河北省石家庄市深泽县'),(2854, '130131', '河北省石家庄市平山县'),(2855, '130321', '河北省秦皇岛市青龙满族自治县'),(2856, '130324', '河北省秦皇岛市卢龙县'),(2857, '130302', '河北省秦皇岛市海港区'),(2858, '130304', '河北省秦皇岛市北戴河区'),(2859, '130306', '河北省秦皇岛市抚宁区'),(2860, '130322', '河北省秦皇岛市昌黎县'),(2861, '130303', '河北省秦皇岛市山海关区'),(2862, '131024', '河北省廊坊市香河县'),(2863, '131026', '河北省廊坊市文安县'),(2864, '131082', '河北省廊坊市三河市'),(2865, '131003', '河北省廊坊市广阳区'),(2866, '131028', '河北省廊坊市大厂回族自治县'),(2867, '131022', '河北省廊坊市固安县'),(2868, '131025', '河北省廊坊市大城县'),(2869, '131002', '河北省廊坊市安次区'),(2870, '131081', '河北省廊坊市霸州市'),(2871, '131023', '河北省廊坊市永清县'),(2872, '131126', '河北省衡水市故城县'),(2873, '131121', '河北省衡水市枣强县'),(2874, '131123', '河北省衡水市武强县'),(2875, '131103', '河北省衡水市冀州区'),(2876, '131122', '河北省衡水市武邑县'),(2877, '131127', '河北省衡水市景县'),(2878, '131102', '河北省衡水市桃城区'),(2879, '131182', '河北省衡水市深州市'),(2880, '131124', '河北省衡水市饶阳县'),(2881, '131125', '河北省衡水市安平县'),(2882, '131128', '河北省衡水市阜城县'),(2883, '130408', '河北省邯郸市永年区'),(2884, '130403', '河北省邯郸市丛台区'),(2885, '130431', '河北省邯郸市鸡泽县'),(2886, '130481', '河北省邯郸市武安市'),(2887, '130406', '河北省邯郸市峰峰矿区'),(2888, '130404', '河北省邯郸市复兴区'),(2889, '130427', '河北省邯郸市磁县'),(2890, '130434', '河北省邯郸市魏县'),(2891, '130424', '河北省邯郸市成安县'),(2892, '130425', '河北省邯郸市大名县'),(2893, '130432', '河北省邯郸市广平县'),(2894, '130426', '河北省邯郸市涉县'),(2895, '130435', '河北省邯郸市曲周县'),(2896, '130430', '河北省邯郸市邱县'),(2897, '130433', '河北省邯郸市馆陶县'),(2898, '130423', '河北省邯郸市临漳县'),(2899, '130402', '河北省邯郸市邯山区'),(2900, '130825', '河北省承德市隆化县'),(2901, '130827', '河北省承德市宽城满族自治县'),(2902, '130804', '河北省承德市鹰手营子矿区'),(2903, '130822', '河北省承德市兴隆县'),(2904, '130821', '河北省承德市承德县'),(2905, '130828', '河北省承德市围场满族蒙古族自治县'),(2906, '130826', '河北省承德市丰宁满族自治县'),(2907, '130802', '河北省承德市双桥区'),(2908, '130803', '河北省承德市双滦区'),(2909, '130824', '河北省承德市滦平县'),(2910, '130881', '河北省承德市平泉市'),(2911, '130924', '河北省沧州市海兴县'),(2912, '130984', '河北省沧州市河间市'),(2913, '130981', '河北省沧州市泊头市'),(2914, '130927', '河北省沧州市南皮县'),(2915, '130921', '河北省沧州市沧县'),(2916, '130930', '河北省沧州市孟村回族自治县'),(2917, '130922', '河北省沧州市青县'),(2918, '130982', '河北省沧州市任丘市'),(2919, '130929', '河北省沧州市献县'),(2920, '130903', '河北省沧州市运河区'),(2921, '130983', '河北省沧州市黄骅市'),(2922, '130926', '河北省沧州市肃宁县'),(2923, '130928', '河北省沧州市吴桥县'),(2924, '130923', '河北省沧州市东光县'),(2925, '130902', '河北省沧州市新华区'),(2926, '130925', '河北省沧州市盐山县'),(2927, '140426', '山西省长治市黎城县'),(2928, '640424', '宁夏回族自治区固原市泾源县'),(2929, '640402', '宁夏回族自治区固原市原州区'),(2930, '640422', '宁夏回族自治区固原市西吉县'),(2931, '640425', '宁夏回族自治区固原市彭阳县'),(2932, '640423', '宁夏回族自治区固原市隆德县'),(2933, '640202', '宁夏回族自治区石嘴山市大武口区'),(2934, '640221', '宁夏回族自治区石嘴山市平罗县'),(2935, '640205', '宁夏回族自治区石嘴山市惠农区'),(2936, '640302', '宁夏回族自治区吴忠市利通区'),(2937, '640323', '宁夏回族自治区吴忠市盐池县'),(2938, '640324', '宁夏回族自治区吴忠市同心县'),(2939, '640303', '宁夏回族自治区吴忠市红寺堡区'),(2940, '640381', '宁夏回族自治区吴忠市青铜峡市'),(2941, '640104', '宁夏回族自治区银川市兴庆区'),(2942, '640122', '宁夏回族自治区银川市贺兰县'),(2943, '640105', '宁夏回族自治区银川市西夏区'),(2944, '640106', '宁夏回族自治区银川市金凤区'),(2945, '640502', '宁夏回族自治区中卫市沙坡头区'),(2946, '640522', '宁夏回族自治区中卫市海原县'),(2947, '640521', '宁夏回族自治区中卫市中宁县'),(2948, '640121', '宁夏回族自治区银川市永宁县'),(2949, '360113', '江西省南昌市红谷滩区'),(2950, '530114', '云南省昆明市呈贡区'),(2951, '530181', '云南省昆明市安宁市'),(2952, '530125', '云南省昆明市宜良县'),(2953, '530129', '云南省昆明市寻甸回族彝族自治县'),(2954, '530112', '云南省昆明市西山区'),(2955, '530102', '云南省昆明市五华区'),(2956, '530124', '云南省昆明市富民县'),(2957, '530103', '云南省昆明市盘龙区'),(2958, '530127', '云南省昆明市嵩明县'),(2959, '530126', '云南省昆明市石林彝族自治县'),(2960, '530111', '云南省昆明市官渡区'),(2961, '530128', '云南省昆明市禄劝彝族苗族自治县'),(2962, '530113', '云南省昆明市东川区'),(2963, '530115', '云南省昆明市晋宁区'),(2964, '530325', '云南省曲靖市富源县'),(2965, '530326', '云南省曲靖市会泽县'),(2966, '530322', '云南省曲靖市陆良县'),(2967, '530324', '云南省曲靖市罗平县'),(2968, '530304', '云南省曲靖市马龙区'),(2969, '530302', '云南省曲靖市麒麟区'),(2970, '530323', '云南省曲靖市师宗县'),(2971, '530381', '云南省曲靖市宣威市'),(2972, '530303', '云南省曲靖市沾益区'),(2973, '530524', '云南省保山市昌宁县'),(2974, '530581', '云南省保山市腾冲市'),(2975, '530521', '云南省保山市施甸县'),(2976, '530502', '云南省保山市隆阳区'),(2977, '530523', '云南省保山市龙陵县'),(2978, '532328', '云南省楚雄彝族自治州元谋县'),(2979, '532327', '云南省楚雄彝族自治州永仁县'),(2980, '532323', '云南省楚雄彝族自治州牟定县'),(2981, '532329', '云南省楚雄彝族自治州武定县'),(2982, '532326', '云南省楚雄彝族自治州大姚县'),(2983, '532325', '云南省楚雄彝族自治州姚安县'),(2984, '532322', '云南省楚雄彝族自治州双柏县'),(2985, '532324', '云南省楚雄彝族自治州南华县'),(2986, '532331', '云南省楚雄彝族自治州禄丰市'),(2987, '532301', '云南省楚雄彝族自治州楚雄市'),(2988, '533124', '云南省德宏傣族景颇族自治州陇川县'),(2989, '533122', '云南省德宏傣族景颇族自治州梁河县'),(2990, '533103', '云南省德宏傣族景颇族自治州芒市'),(2991, '533123', '云南省德宏傣族景颇族自治州盈江县'),(2992, '533102', '云南省德宏傣族景颇族自治州瑞丽市'),(2993, '533423', '云南省迪庆藏族自治州维西傈僳族自治县'),(2994, '533401', '云南省迪庆藏族自治州香格里拉市'),(2995, '533422', '云南省迪庆藏族自治州德钦县'),(2996, '532501', '云南省红河哈尼族彝族自治州个旧市'),(2997, '532528', '云南省红河哈尼族彝族自治州元阳县'),(2998, '532525', '云南省红河哈尼族彝族自治州石屏县'),(2999, '532523', '云南省红河哈尼族彝族自治州屏边苗族自治县'),(3000, '532532', '云南省红河哈尼族彝族自治州河口瑶族自治县'),(3001, '532504', '云南省红河哈尼族彝族自治州弥勒市'),(3002, '532503', '云南省红河哈尼族彝族自治州蒙自市'),(3003, '532531', '云南省红河哈尼族彝族自治州绿春县'),(3004, '532527', '云南省红河哈尼族彝族自治州泸西县'),(3005, '532529', '云南省红河哈尼族彝族自治州红河县'),(3006, '532502', '云南省红河哈尼族彝族自治州开远市'),(3007, '532530', '云南省红河哈尼族彝族自治州金平苗族瑶族傣族自治县'),(3008, '532524', '云南省红河哈尼族彝族自治州建水县'),(3009, '530702', '云南省丽江市古城区'),(3010, '530721', '云南省丽江市玉龙纳西族自治县'),(3011, '530722', '云南省丽江市永胜县'),(3012, '530724', '云南省丽江市宁蒗彝族自治县'),(3013, '530723', '云南省丽江市华坪县'),(3014, '530826', '云南省普洱市江城哈尼族彝族自治县'),(3015, '530822', '云南省普洱市墨江哈尼族自治县'),(3016, '530825', '云南省普洱市镇沅彝族哈尼族拉祜族自治县'),(3017, '530829', '云南省普洱市西盟佤族自治县'),(3018, '530802', '云南省普洱市思茅区'),(3019, '530821', '云南省普洱市宁洱哈尼族彝族自治县'),(3020, '530827', '云南省普洱市孟连傣族拉祜族佤族自治县'),(3021, '530828', '云南省普洱市澜沧拉祜族自治县'),(3022, '530824', '云南省普洱市景谷傣族彝族自治县'),(3023, '530823', '云南省普洱市景东彝族自治县'),(3024, '530481', '云南省玉溪市澄江市'),(3025, '530428', '云南省玉溪市元江哈尼族彝族傣族自治县'),(3026, '530425', '云南省玉溪市易门县'),(3027, '530427', '云南省玉溪市新平彝族傣族自治县'),(3028, '530423', '云南省玉溪市通海县'),(3029, '530403', '云南省玉溪市江川区'),(3030, '530424', '云南省玉溪市华宁县'),(3031, '530402', '云南省玉溪市红塔区'),(3032, '530426', '云南省玉溪市峨山彝族自治县'),(3033, '530626', '云南省昭通市绥江县'),(3034, '530681', '云南省昭通市水富市'),(3035, '530622', '云南省昭通市巧家县'),(3036, '530621', '云南省昭通市鲁甸县'),(3037, '530624', '云南省昭通市大关县'),(3038, '530602', '云南省昭通市昭阳区'),(3039, '530627', '云南省昭通市镇雄县'),(3040, '530628', '云南省昭通市彝良县'),(3041, '530625', '云南省昭通市永善县'),(3042, '530623', '云南省昭通市盐津县'),(3043, '530629', '云南省昭通市威信县'),(3044, '371323', '山东省临沂市沂水县'),(3045, '371321', '山东省临沂市沂南县'),(3046, '371322', '山东省临沂市郯城县'),(3047, '371326', '山东省临沂市平邑县'),(3048, '371328', '山东省临沂市蒙阴县'),(3049, '371311', '山东省临沂市罗庄区'),(3050, '371329', '山东省临沂市临沭县'),(3051, '371302', '山东省临沂市兰山区'),(3052, '371324', '山东省临沂市兰陵县'),(3053, '371312', '山东省临沂市河东区'),(3054, '371327', '山东省临沂市莒南县'),(3055, '371325', '山东省临沂市费县'),(3056, '370505', '山东省东营市垦利区'),(3057, '370503', '山东省东营市河口区'),(3058, '370523', '山东省东营市广饶县'),(3059, '370502', '山东省东营市东营区'),(3060, '370522', '山东省东营市利津县'),(3061, '140107', '山西省太原市杏花岭区'),(3062, '110111', '北京市房山区'),(3063, '110109', '北京市门头沟区'),(3064, '110113', '北京市顺义区'),(3065, '110105', '北京市朝阳区'),(3066, '110112', '北京市通州区'),(3067, '110102', '北京市西城区'),(3068, '110101', '北京市东城区'),(3069, '110107', '北京市石景山区'),(3070, '110108', '北京市海淀区'),(3071, '110114', '北京市昌平区'),(3072, '110119', '北京市延庆区'),(3073, '110116', '北京市怀柔区'),(3074, '110118', '北京市密云区'),(3075, '110117', '北京市平谷区'),(3076, '110115', '北京市大兴区'),(3077, '110106', '北京市丰台区'),(3078, '150603', '内蒙古自治区鄂尔多斯市康巴什区'),(3079, '152527', '内蒙古自治区锡林郭勒盟太仆寺旗'),(3080, '150781', '内蒙古自治区呼伦贝尔市满洲里市'),(3081, '150703', '内蒙古自治区呼伦贝尔市扎赉诺尔区'),(3082, '719001', '台湾省基隆市基隆市'),(3083, '210224', '辽宁省大连市长海县'),(3084, '451123', '广西壮族自治区贺州市富川瑶族自治县'),(3085, '451103', '广西壮族自治区贺州市平桂区'),(3086, '451122', '广西壮族自治区贺州市钟山县'),(3087, '451102', '广西壮族自治区贺州市八步区'),(3088, '451121', '广西壮族自治区贺州市昭平县'),(3089, '441625', '广东省河源市东源县'),(3090, '441621', '广东省河源市紫金县'),(3091, '441623', '广东省河源市连平县'),(3092, '441624', '广东省河源市和平县'),(3093, '441622', '广东省河源市龙川县'),(3094, '441721', '广东省阳江市阳西县'),(3095, '441702', '广东省阳江市江城区'),(3096, '441704', '广东省阳江市阳东区'),(3097, '441781', '广东省阳江市阳春市'),(3098, '445321', '广东省云浮市新兴县'),(3099, '445302', '广东省云浮市云城区'),(3100, '445381', '广东省云浮市罗定市'),(3101, '445322', '广东省云浮市郁南县'),(3102, '445303', '广东省云浮市云安区'),(3103, '440882', '广东省湛江市雷州市'),(3104, '440883', '广东省湛江市吴川市'),(3105, '440823', '广东省湛江市遂溪县'),(3106, '440881', '广东省湛江市廉江市'),(3107, '440825', '广东省湛江市徐闻县'),(3108, '440781', '广东省江门市台山市'),(3109, '440785', '广东省江门市恩平市'),(3110, '440783', '广东省江门市开平市'),(3111, '440784', '广东省江门市鹤山市'),(3112, '440704', '广东省江门市江海区'),(3113, '440703', '广东省江门市蓬江区'),(3114, '442000', '广东省中山市中山市'),(3115, '441900', '广东省东莞市东莞市'),(3116, '440305', '广东省深圳市南山区'),(3117, '440309', '广东省深圳市龙华区'),(3118, '440306', '广东省深圳市宝安区'),(3119, '440304', '广东省深圳市福田区'),(3120, '440303', '广东省深圳市罗湖区'),(3121, '450124', '广西壮族自治区南宁市马山县'),(3122, '460108', '海南省海口市美兰区'),(3123, '460106', '海南省海口市龙华区'),(3124, '460107', '海南省海口市琼山区'),(3125, '450226', '广西壮族自治区柳州市三江侗族自治县'),(3126, '450225', '广西壮族自治区柳州市融水苗族自治县'),(3127, '450224', '广西壮族自治区柳州市融安县'),(3128, '450223', '广西壮族自治区柳州市鹿寨县'),(3129, '450222', '广西壮族自治区柳州市柳城县'),(3130, '450206', '广西壮族自治区柳州市柳江区'),(3131, '450205', '广西壮族自治区柳州市柳北区'),(3132, '450202', '广西壮族自治区柳州市城中区'),(3133, '450203', '广西壮族自治区柳州市鱼峰区'),(3134, '450204', '广西壮族自治区柳州市柳南区'),(3135, '460105', '海南省海口市秀英区'),(3136, '440310', '广东省深圳市坪山区'),(3137, '330727', '浙江省金华市磐安县'),(3138, '331023', '浙江省台州市天台县'),(3139, '331024', '浙江省台州市仙居县'),(3140, '331082', '浙江省台州市临海市'),(3141, '331003', '浙江省台州市黄岩区'),(3142, '330483', '浙江省嘉兴市桐乡市'),(3143, '330424', '浙江省嘉兴市海盐县'),(3144, '330481', '浙江省嘉兴市海宁市'),(3145, '331125', '浙江省丽水市云和县'),(3146, '331126', '浙江省丽水市庆元县'),(3147, '330402', '浙江省嘉兴市南湖区'),(3148, '330421', '浙江省嘉兴市嘉善县'),(3149, '330803', '浙江省衢州市衢江区'),(3150, '330825', '浙江省衢州市龙游县'),(3151, '330782', '浙江省金华市义乌市'),(3152, '330726', '浙江省金华市浦江县'),(3153, '330206', '浙江省宁波市北仑区'),(3154, '440307', '广东省深圳市龙岗区'),(3155, '331002', '浙江省台州市椒江区'),(3156, '331004', '浙江省台州市路桥区'),(3157, '331081', '浙江省台州市温岭市'),(3158, '331083', '浙江省台州市玉环市'),(3159, '331022', '浙江省台州市三门县'),(3160, '330226', '浙江省宁波市宁海县'),(3161, '330225', '浙江省宁波市象山县'),(3162, '330213', '浙江省宁波市奉化区'),(3163, '330203', '浙江省宁波市海曙区'),(3164, '330205', '浙江省宁波市江北区'),(3165, '330281', '浙江省宁波市余姚市'),(3166, '330282', '浙江省宁波市慈溪市'),(3167, '330683', '浙江省绍兴市嵊州市'),(3168, '330624', '浙江省绍兴市新昌县'),(3169, '330602', '浙江省绍兴市越城区'),(3170, '330783', '浙江省金华市东阳市'),(3171, '330703', '浙江省金华市金东区'),(3172, '330723', '浙江省金华市武义县'),(3173, '330702', '浙江省金华市婺城区'),(3174, '330784', '浙江省金华市永康市'),(3175, '331124', '浙江省丽水市松阳县'),(3176, '331123', '浙江省丽水市遂昌县'),(3177, '331181', '浙江省丽水市龙泉市'),(3178, '330482', '浙江省嘉兴市平湖市'),(3179, '330411', '浙江省嘉兴市秀洲区'),(3180, '331122', '浙江省丽水市缙云县'),(3181, '330111', '浙江省杭州市富阳区'),(3182, '330102', '浙江省杭州市上城区'),(3183, '330114', '浙江省杭州市钱塘区'),(3184, '330110', '浙江省杭州市余杭区'),(3185, '330113', '浙江省杭州市临平区'),(3186, '330105', '浙江省杭州市拱墅区'),(3187, '330127', '浙江省杭州市淳安县'),(3188, '330108', '浙江省杭州市滨江区'),(3189, '331127', '浙江省丽水市景宁畲族自治县'),(3190, '331102', '浙江省丽水市莲都区'),(3191, '331121', '浙江省丽水市青田县'),(3192, '330212', '浙江省宁波市鄞州区'),(3193, '330211', '浙江省宁波市镇海区'),(3194, '330112', '浙江省杭州市临安区'),(3195, '330182', '浙江省杭州市建德市'),(3196, '330122', '浙江省杭州市桐庐县'),(3197, '330781', '浙江省金华市兰溪市'),(3198, '330681', '浙江省绍兴市诸暨市'),(3199, '330603', '浙江省绍兴市柯桥区'),(3200, '330604', '浙江省绍兴市上虞区'),(3201, '330523', '浙江省湖州市安吉县'),(3202, '330502', '浙江省湖州市吴兴区'),(3203, '330521', '浙江省湖州市德清县'),(3204, '330503', '浙江省湖州市南浔区'),(3205, '330522', '浙江省湖州市长兴县'),(3206, '330326', '浙江省温州市平阳县'),(3207, '330304', '浙江省温州市瓯海区'),(3208, '330822', '浙江省衢州市常山县'),(3209, '330824', '浙江省衢州市开化县'),(3210, '330881', '浙江省衢州市江山市'),(3211, '330802', '浙江省衢州市柯城区'),(3212, '330106', '浙江省杭州市西湖区'),(3213, '330109', '浙江省杭州市萧山区'),(3214, '330382', '浙江省温州市乐清市'),(3215, '330381', '浙江省温州市瑞安市'),(3216, '330329', '浙江省温州市泰顺县'),(3217, '330324', '浙江省温州市永嘉县'),(3218, '330328', '浙江省温州市文成县'),(3219, '440311', '广东省深圳市光明区'),(3220, '460204', '海南省三亚市天涯区'),(3221, '330327', '浙江省温州市苍南县'),(3222, '330302', '浙江省温州市鹿城区'),(3223, '330303', '浙江省温州市龙湾区'),(3224, '330902', '浙江省舟山市定海区'),(3225, '469006', '海南省万宁市万宁市'),(3226, '469007', '海南省东方市东方市'),(3227, '469024', '海南省临高县临高县'),(3228, '469027', '海南省乐东黎族自治县乐东黎族自治县'),(3229, '469001', '海南省五指山市五指山市'),(3230, '469029', '海南省保亭黎族苗族自治县保亭黎族苗族自治县'),(3231, '460400', '海南省儋州市儋州市'),(3232, '469021', '海南省定安县定安县'),(3233, '469022', '海南省屯昌县屯昌县'),(3234, '469005', '海南省文昌市文昌市'),(3235, '469026', '海南省昌江黎族自治县昌江黎族自治县'),(3236, '469023', '海南省澄迈县澄迈县'),(3237, '469030', '海南省琼中黎族苗族自治县琼中黎族苗族自治县'),(3238, '469002', '海南省琼海市琼海市'),(3239, '469025', '海南省白沙黎族自治县白沙黎族自治县'),(3240, '469028', '海南省陵水黎族自治县陵水黎族自治县'),(3241, '460202', '海南省三亚市海棠区'),(3242, '440811', '广东省湛江市麻章区'),(3243, '440804', '广东省湛江市坡头区'),(3244, '460203', '海南省三亚市吉阳区'),(3245, '440308', '广东省深圳市盐田区'),(3246, '820002', '澳门望德堂区'),(3247, '810110', '香港离岛区'),(3248, '820004', '澳门圣方济各堂区'),(3249, '820006', '澳门大堂区'),(3250, '820003', '澳门风顺堂区'),(3251, '820001', '澳门花王堂区'),(3252, '820008', '澳门花地玛堂区'),(3253, '820005', '澳门嘉模堂区'),(3254, '820007', '澳门路氹填海区'),(3255, '450330', '广西壮族自治区桂林市平乐县'),(3256, '450329', '广西壮族自治区桂林市资源县'),(3257, '450326', '广西壮族自治区桂林市永福县'),(3258, '450321', '广西壮族自治区桂林市阳朔县'),(3259, '450311', '广西壮族自治区桂林市雁山区'),(3260, '450302', '广西壮族自治区桂林市秀峰区'),(3261, '450304', '广西壮族自治区桂林市象山区'),(3262, '450325', '广西壮族自治区桂林市兴安县'),(3263, '450305', '广西壮族自治区桂林市七星区'),(3264, '450324', '广西壮族自治区桂林市全州县'),(3265, '450323', '广西壮族自治区桂林市灵川县'),(3266, '450328', '广西壮族自治区桂林市龙胜各族自治县'),(3267, '450312', '广西壮族自治区桂林市临桂区'),(3268, '450381', '广西壮族自治区桂林市荔浦市'),(3269, '450327', '广西壮族自治区桂林市灌阳县'),(3270, '450332', '广西壮族自治区桂林市恭城瑶族自治县'),(3271, '450303', '广西壮族自治区桂林市叠彩区'),(3272, '451082', '广西壮族自治区百色市平果市'),(3273, '451081', '广西壮族自治区百色市靖西市'),(3274, '451024', '广西壮族自治区百色市德保县'),(3275, '451026', '广西壮族自治区百色市那坡县'),(3276, '451028', '广西壮族自治区百色市乐业县'),(3277, '451029', '广西壮族自治区百色市田林县'),(3278, '451027', '广西壮族自治区百色市凌云县'),(3279, '451031', '广西壮族自治区百色市隆林各族自治县'),(3280, '451022', '广西壮族自治区百色市田东县'),(3281, '451003', '广西壮族自治区百色市田阳区'),(3282, '451030', '广西壮族自治区百色市西林县'),(3283, '451002', '广西壮族自治区百色市右江区'),(3284, '450502', '广西壮族自治区北海市海城区'),(3285, '450521', '广西壮族自治区北海市合浦县'),(3286, '450503', '广西壮族自治区北海市银海区'),(3287, '450512', '广西壮族自治区北海市铁山港区'),(3288, '450621', '广西壮族自治区防城港市上思县'),(3289, '450603', '广西壮族自治区防城港市防城区'),(3290, '450602', '广西壮族自治区防城港市港口区'),(3291, '450681', '广西壮族自治区防城港市东兴市'),(3292, '450802', '广西壮族自治区贵港市港北区'),(3293, '450881', '广西壮族自治区贵港市桂平市'),(3294, '450804', '广西壮族自治区贵港市覃塘区'),(3295, '450821', '广西壮族自治区贵港市平南县'),(3296, '450803', '广西壮族自治区贵港市港南区'),(3297, '451229', '广西壮族自治区河池市大化瑶族自治县'),(3298, '451227', '广西壮族自治区河池市巴马瑶族自治县'),(3299, '451223', '广西壮族自治区河池市凤山县'),(3300, '451203', '广西壮族自治区河池市宜州区'),(3301, '451222', '广西壮族自治区河池市天峨县'),(3302, '451221', '广西壮族自治区河池市南丹县'),(3303, '451225', '广西壮族自治区河池市罗城仫佬族自治县'),(3304, '451202', '广西壮族自治区河池市金城江区'),(3305, '451226', '广西壮族自治区河池市环江毛南族自治县'),(3306, '451224', '广西壮族自治区河池市东兰县'),(3307, '451228', '广西壮族自治区河池市都安瑶族自治县'),(3308, '450721', '广西壮族自治区钦州市灵山县'),(3309, '450703', '广西壮族自治区钦州市钦北区'),(3310, '450702', '广西壮族自治区钦州市钦南区'),(3311, '450722', '广西壮族自治区钦州市浦北县'),(3312, '450422', '广西壮族自治区梧州市藤县'),(3313, '450423', '广西壮族自治区梧州市蒙山县'),(3314, '450406', '广西壮族自治区梧州市龙圩区'),(3315, '450481', '广西壮族自治区梧州市岑溪市'),(3316, '450421', '广西壮族自治区梧州市苍梧县'),(3317, '450405', '广西壮族自治区梧州市长洲区'),(3318, '450403', '广西壮族自治区梧州市万秀区'),(3319, '450981', '广西壮族自治区玉林市北流市'),(3320, '450902', '广西壮族自治区玉林市玉州区'),(3321, '450924', '广西壮族自治区玉林市兴业县'),(3322, '450921', '广西壮族自治区玉林市容县'),(3323, '450922', '广西壮族自治区玉林市陆川县'),(3324, '450923', '广西壮族自治区玉林市博白县'),(3325, '450903', '广西壮族自治区玉林市福绵区'),(3326, '451423', '广西壮族自治区崇左市龙州县'),(3327, '451425', '广西壮族自治区崇左市天等县'),(3328, '451481', '广西壮族自治区崇左市凭祥市'),(3329, '451422', '广西壮族自治区崇左市宁明县'),(3330, '451402', '广西壮族自治区崇左市江州区'),(3331, '451421', '广西壮族自治区崇左市扶绥县'),(3332, '451424', '广西壮族自治区崇左市大新县'),(3333, '451322', '广西壮族自治区来宾市象州县'),(3334, '451321', '广西壮族自治区来宾市忻城县'),(3335, '451302', '广西壮族自治区来宾市兴宾区'),(3336, '451324', '广西壮族自治区来宾市金秀瑶族自治县'),(3337, '451381', '广西壮族自治区来宾市合山市'),(3338, '451323', '广西壮族自治区来宾市武宣县'),(3339, '450127', '广西壮族自治区南宁市横州市'),(3340, '450125', '广西壮族自治区南宁市上林县'),(3341, '450126', '广西壮族自治区南宁市宾阳县'),(3342, '450107', '广西壮族自治区南宁市西乡塘区'),(3343, '450110', '广西壮族自治区南宁市武鸣区'),(3344, '450103', '广西壮族自治区南宁市青秀区'),(3345, '450123', '广西壮族自治区南宁市隆安县'),(3346, '450108', '广西壮族自治区南宁市良庆区'),(3347, '450105', '广西壮族自治区南宁市江南区'),(3348, '450109', '广西壮族自治区南宁市邕宁区'),(3349, '450102', '广西壮族自治区南宁市兴宁区'),(3350, '440106', '广东省广州市天河区'),(3351, '440112', '广东省广州市黄埔区'),(3352, '440103', '广东省广州市荔湾区'),(3353, '441225', '广东省肇庆市封开县'),(3354, '441226', '广东省肇庆市德庆县'),(3355, '441204', '广东省肇庆市高要区'),(3356, '441224', '广东省肇庆市怀集县'),(3357, '441223', '广东省肇庆市广宁县'),(3358, '441203', '广东省肇庆市鼎湖区'),(3359, '441284', '广东省肇庆市四会市'),(3360, '441202', '广东省肇庆市端州区'),(3361, '441322', '广东省惠州市博罗县'),(3362, '441302', '广东省惠州市惠城区'),(3363, '441323', '广东省惠州市惠东县'),(3364, '441303', '广东省惠州市惠阳区'),(3365, '441324', '广东省惠州市龙门县'),(3366, '445224', '广东省揭阳市惠来县'),(3367, '445203', '广东省揭阳市揭东区'),(3368, '445222', '广东省揭阳市揭西县'),(3369, '445281', '广东省揭阳市普宁市'),(3370, '445202', '广东省揭阳市榕城区'),(3371, '441821', '广东省清远市佛冈县'),(3372, '441826', '广东省清远市连南瑶族自治县'),(3373, '441825', '广东省清远市连山壮族瑶族自治县'),(3374, '441882', '广东省清远市连州市'),(3375, '441802', '广东省清远市清城区'),(3376, '441803', '广东省清远市清新区'),(3377, '441823', '广东省清远市阳山县'),(3378, '441881', '广东省清远市英德市'),(3379, '440111', '广东省广州市白云区'),(3380, '440117', '广东省广州市从化区'),(3381, '440113', '广东省广州市番禺区'),(3382, '440105', '广东省广州市海珠区'),(3383, '440114', '广东省广州市花都区'),(3384, '440115', '广东省广州市南沙区'),(3385, '440118', '广东省广州市增城区'),(3386, '440606', '广东省佛山市顺德区'),(3387, '440608', '广东省佛山市高明区'),(3388, '440607', '广东省佛山市三水区'),(3389, '440605', '广东省佛山市南海区'),(3390, '440604', '广东省佛山市禅城区'),(3391, '810115', '香港屯门区'),(3392, '810106', '香港深水埗区'),(3393, '810114', '香港沙田区'),(3394, '810103', '香港九龙城区'),(3395, '810117', '香港荃湾区'),(3396, '810111', '香港葵青区'),(3397, '810116', '香港大埔区'),(3398, '810105', '香港南区'),(3399, '810108', '香港黄大仙区'),(3400, '810104', '香港观塘区'),(3401, '810112', '香港北区'),(3402, '810101', '香港中西区'),(3403, '810107', '香港湾仔区'),(3404, '810109', '香港油尖旺区'),(3405, '810102', '香港东区'),(3406, '810113', '香港西贡区'),(3407, '440402', '广东省珠海市香洲区'),(3408, '440404', '广东省珠海市金湾区'),(3409, '440403', '广东省珠海市斗门区'),(3410, '440229', '广东省韶关市翁源县'),(3411, '440233', '广东省韶关市新丰县'),(3412, '440224', '广东省韶关市仁化县'),(3413, '440203', '广东省韶关市武江区'),(3414, '440204', '广东省韶关市浈江区'),(3415, '440232', '广东省韶关市乳源瑶族自治县'),(3416, '440281', '广东省韶关市乐昌市'),(3417, '440222', '广东省韶关市始兴县'),(3418, '440282', '广东省韶关市南雄市'),(3419, '440205', '广东省韶关市曲江区'),(3420, '445122', '广东省潮州市饶平县'),(3421, '445102', '广东省潮州市湘桥区'),(3422, '445103', '广东省潮州市潮安区'),(3423, '440902', '广东省茂名市茂南区'),(3424, '440982', '广东省茂名市化州市'),(3425, '440983', '广东省茂名市信宜市'),(3426, '440981', '广东省茂名市高州市'),(3427, '440904', '广东省茂名市电白区'),(3428, '441422', '广东省梅州市大埔县'),(3429, '441427', '广东省梅州市蕉岭县'),(3430, '441426', '广东省梅州市平远县'),(3431, '441402', '广东省梅州市梅江区'),(3432, '441403', '广东省梅州市梅县区'),(3433, '441481', '广东省梅州市兴宁市'),(3434, '441423', '广东省梅州市丰顺县'),(3435, '441424', '广东省梅州市五华县'),(3436, '440514', '广东省汕头市潮南区'),(3437, '440513', '广东省汕头市潮阳区'),(3438, '440515', '广东省汕头市澄海区'),(3439, '440512', '广东省汕头市濠江区'),(3440, '440511', '广东省汕头市金平区'),(3441, '441502', '广东省汕尾市城区'),(3442, '441523', '广东省汕尾市陆河县'),(3443, '441521', '广东省汕尾市海丰县'),(3444, '441581', '广东省汕尾市陆丰市'),(3445, '440507', '广东省汕头市龙湖区'),(3446, '810118', '香港元朗区'),(3447, '820010', '澳门澳门特别行政区直辖'),(3448, '440802', '广东省湛江市赤坎区'),(3449, '440803', '广东省湛江市霞山区'),(3450, '460300', '海南省三沙市三沙市'),(3451, '441602', '广东省河源市源城区'),(3452, '440705', '广东省江门市新会区'),(3453, '330383', '浙江省温州市龙港市'),(3454, '330903', '浙江省舟山市普陀区'),(3455, '330921', '浙江省舟山市岱山县'),(3456, '460205', '海南省三亚市崖州区'),(3457, '440523', '广东省汕头市南澳县'),(3458, '350527', '福建省泉州市金门县'),(3459, '330305', '浙江省温州市洞头区'),(3460, '330922', '浙江省舟山市嵊泗县'),(3461, '440104', '广东省广州市越秀区'),(3462, '340102', '安徽省合肥市瑶海区'),(3463, '431381', '湖南省娄底市冷水江市'),(3464, '430503', '湖南省邵阳市大祥区'),(3465, '430603', '湖南省岳阳市云溪区'),(3466, '341504', '安徽省六安市叶集区'),(3467, '130109', '河北省石家庄市藁城区'),(3468, '430102', '湖南省长沙市芙蓉区'),(3469, '430103', '湖南省长沙市天心区'),(3470, '410926', '河南省濮阳市范县'),(3471, '441500', '广东省汕尾市汕尾市'),(3472, '140213', '山西省大同市平城区'),(3473, '999900', '苏鲁交界海域海域'),(3474, '640181', '宁夏回族自治区银川市灵武市'),(3475, '510522', '四川省泸州市合江县');
UNLOCK TABLES;
COMMIT;
BEGIN;
LOCK TABLES `jqp`.`article` WRITE;
DELETE FROM `jqp`.`article`;
INSERT INTO `jqp`.`article` (`id`,`title`,`content`,`update_time`) VALUES (1, '123', '<p>123333333333333<img style=\"display: block; margin-left: auto; margin-right: auto;\" src=\"/admin/download/47/b68c9f5e7aed7e50e508445681dcf2e4.jpeg\" alt=\"\" width=\"100\" height=\"177\"></p>', '2022-08-01 00:00:07');
UNLOCK TABLES;
COMMIT;
BEGIN;
LOCK TABLES `jqp`.`audit_record` WRITE;
DELETE FROM `jqp`.`audit_record`;
INSERT INTO `jqp`.`audit_record` (`id`,`table_name`,`ref_id`,`process_instance_id`,`process_instance_name`,`deployment_id`,`process_definition_id`,`task_id`,`task_name`,`process_key`,`result_name`,`imgs`,`files`,`remark`,`prev_status`,`prev_status_name`,`next_status`,`next_status_name`,`status_dic`,`start_time`,`end_time`,`audit_user_id`,`audit_user_name`,`enterprise_id`) VALUES (1, 'test_order', 1, '2517', '测试订单-S20220304000013', '4', 'testOrder:1:8', '2528', '客户经理下单', 'testOrder', '提交', NULL, NULL, NULL, '1', '开立', '2', '提交', 'testOrderStatus', '2022-03-04 15:03:58', '2022-03-04 15:03:58', 1, '管理员', 4),(2, 'test_order', 1, '2517', '测试订单-S20220304000013', '4', 'testOrder:1:8', '2532', '设计师审核', 'testOrder', '审核通过', '/admin/download/36/1.png', '/admin/download/37/hyz,/admin/download/38/hyz2', 'asfsf', '2', '提交', '3', '审核通过', 'testOrderStatus', '2022-03-04 15:03:58', '2022-03-04 17:23:51', 1, '管理员', 4),(3, 'test_order', 2, '5011', '测试订单-S20220304000019', '5006', 'testOrder:2:5010', '5022', '客户经理下单', 'testOrder', '提交', NULL, NULL, NULL, '1', '开立', '2', '提交', 'testOrderStatus', '2022-03-04 17:34:08', '2022-03-04 17:34:08', 1, '管理员', 4),(4, 'test_order', 2, '5011', '测试订单-S20220304000019', '5006', 'testOrder:2:5010', '5026', '设计师审核', 'testOrder', '审核不通过', '/admin/download/39/1.png', '', '不通过', '2', '提交', '1', '开立', 'testOrderStatus', '2022-03-04 17:34:08', '2022-03-04 17:35:33', 1, '管理员', 4),(5, 'test_order', 2, '5011', '测试订单-S20220304000019', '5006', 'testOrder:2:5010', '5029', '客户经理下单', 'testOrder', '提交', '', '', '', '1', '开立', '2', '提交', 'testOrderStatus', '2022-03-04 17:35:33', '2022-03-04 17:35:52', 1, '管理员', 4),(6, 'test_order', 2, '5011', '测试订单-S20220304000019', '5006', 'testOrder:2:5010', '5031', '设计师审核', 'testOrder', '审核通过', '', '', '', '2', '提交', '3', '审核通过', 'testOrderStatus', '2022-03-04 17:35:52', '2022-03-04 17:36:00', 1, '管理员', 4),(7, 'test_order', 3, '7501', '测试订单-S20220304000020', '5006', 'testOrder:2:5010', '7512', '客户经理下单', 'testOrder', '提交', NULL, NULL, NULL, '1', '开立', '2', '提交', 'testOrderStatus', '2022-03-04 17:56:53', '2022-03-04 17:56:53', 1, '管理员', 4),(8, 'test_order', 3, '7501', '测试订单-S20220304000020', '5006', 'testOrder:2:5010', '7516', '设计师审核', 'testOrder', '审核通过', '', '', '', '2', '提交', '3', '审核通过', 'testOrderStatus', '2022-03-04 17:56:53', '2022-03-04 17:57:02', 1, '管理员', 4),(9, 'test_order', 4, '7519', '测试订单-S20220304000021', '5006', 'testOrder:2:5010', '7530', '客户经理下单', 'testOrder', '提交', NULL, NULL, NULL, '1', '开立', '2', '提交', 'testOrderStatus', '2022-03-04 17:57:42', '2022-03-04 17:57:43', 1, '管理员', 4),(10, 'test_order', 4, '7519', '测试订单-S20220304000021', '5006', 'testOrder:2:5010', '7534', '设计师审核', 'testOrder', '审核不通过', '', '', '这咋盛世嫡妃', '2', '提交', '1', '开立', 'testOrderStatus', '2022-03-04 17:57:42', '2022-03-04 17:58:24', 1, '管理员', 4),(11, 'test_order', 4, '7519', '测试订单-S20220304000021', '5006', 'testOrder:2:5010', '7537', '客户经理下单', 'testOrder', '提交', '', '', '', '1', '开立', '2', '提交', 'testOrderStatus', '2022-03-04 17:58:24', '2022-03-04 17:58:56', 1, '管理员', 4),(12, 'test_order', 5, '15001', '测试订单-S20220307000001', '12540', 'testOrder:5:12544', '15010', '客户经理下单', 'testOrder', '提交', NULL, NULL, NULL, '1', '开立', '2', '提交', 'testOrderStatus', '2022-04-29 09:19:42', '2022-04-29 09:19:43', 1, '管理员', 4),(13, 'test_order', 6, '15023', '测试订单-S20220429000001', '15018', 'testOrder:6:15022', '15032', '客户经理下单', 'testOrder', '提交', NULL, NULL, NULL, '1', '开立', '2', '提交', 'testOrderStatus', '2022-04-29 09:34:34', '2022-04-29 09:34:34', 1, '管理员', 4),(14, 'test_order', 6, '15023', '测试订单-S20220429000001', '15018', 'testOrder:6:15022', '15036', '设计师审核', 'testOrder', '审核通过', NULL, NULL, '11233', '2', '提交', '3', '审核通过', 'testOrderStatus', '2022-04-29 09:34:34', '2022-04-29 10:22:20', 2, '测试', 4),(15, 'test_order', 5, '15001', '测试订单-S20220307000001', '12540', 'testOrder:5:12544', '15014', '设计师审核', 'testOrder', '审核不通过', NULL, NULL, '1', '2', '提交', '1', '开立', 'testOrderStatus', '2022-04-29 09:19:43', '2023-03-28 18:07:14', 1, '管理员', 4),(16, 'test_order', 5, '15001', '测试订单-S20220307000001', '12540', 'testOrder:5:12544', '17505', '客户经理下单', 'testOrder', '提交', NULL, NULL, '111', '1', '开立', '2', '提交', 'testOrderStatus', '2023-03-28 18:07:13', '2023-03-28 18:08:14', 1, '管理员', 4),(17, 'test_order', 5, '15001', '测试订单-S20220307000001', '12540', 'testOrder:5:12544', '20003', '设计师审核', 'testOrder', '审核通过', NULL, NULL, NULL, '2', '提交', '3', '审核通过', 'testOrderStatus', '2023-03-28 18:08:13', '2023-03-28 18:08:31', 1, '管理员', 4),(18, 'test_order', 7, '22501', '测试订单-S20230329000001', '15018', 'testOrder:6:15022', '22510', '客户经理下单', 'testOrder', '提交', NULL, NULL, NULL, '1', '开立', '2', '提交', 'testOrderStatus', '2023-03-29 09:09:33', '2023-03-29 09:09:34', 1, '管理员', 4),(19, 'test_order', 7, '22501', '测试订单-S20230329000001', '15018', 'testOrder:6:15022', '22516', '设计师审核', 'testOrder', '审核通过', NULL, NULL, NULL, '2', '提交', '3', '审核通过', 'testOrderStatus', '2023-03-29 09:09:34', '2023-03-29 09:11:32', 1, '管理员', 4);
UNLOCK TABLES;
COMMIT;
BEGIN;
LOCK TABLES `jqp`.`chart` WRITE;
DELETE FROM `jqp`.`chart`;
INSERT INTO `jqp`.`chart` (`id`,`name`,`config`,`querySql`,`code`) VALUES (2, '单列柱状图', 'config={\r\n  xAxis: {\r\n    data: [\'Mon\', \'Tue\', \'Wed\', \'Thu\', \'Fri\', \'Sat\', \'Sun\']\r\n  },\r\n  yAxis: {},\r\n  series: [\r\n    {\r\n      type: \'bar\',\r\n      data: [23, 24, 18, 25, 27, 28, 25]\r\n    }\r\n  ]\r\n};\r\nAMIS_JSON = {\r\n  \"type\": \"page\",\r\n  \"body\": {\r\n    \"type\": \"chart\",\r\n    \"config\": config\r\n  }\r\n}', NULL, 'test1'),(3, '多列柱状图', 'config={\r\n  legend: {},\r\n  tooltip: {},\r\n  dataset: {\r\n    // 用 dimensions 指定了维度的顺序。直角坐标系中，如果 X 轴 type 为 category，\r\n    // 默认把第一个维度映射到 X 轴上，后面维度映射到 Y 轴上。\r\n    // 如果不指定 dimensions，也可以通过指定 series.encode\r\n    // 完成映射，参见后文。\r\n    dimensions: [\'product\', \'2015\', \'2016\', \'2017\'],\r\n    source: [\r\n      { product: \'Matcha Latte\', \'2015\': 43.3, \'2016\': 85.8, \'2017\': 93.7 },\r\n      { product: \'Milk Tea\', \'2015\': 83.1, \'2016\': 73.4, \'2017\': 55.1 },\r\n      { product: \'Cheese Cocoa\', \'2015\': 86.4, \'2016\': 65.2, \'2017\': 82.5 },\r\n      { product: \'Walnut Brownie\', \'2015\': 72.4, \'2016\': 53.9, \'2017\': 39.1 }\r\n    ]\r\n  },\r\n  xAxis: { type: \'category\' },\r\n  yAxis: {},\r\n  series: [{ type: \'bar\' }, { type: \'bar\' }, { type: \'bar\' }]\r\n};\r\nAMIS_JSON = {\r\n  \"type\": \"page\",\r\n  \"body\": {\r\n    \"type\": \"chart\",\r\n    \"config\": config\r\n  }\r\n}', NULL, 'test2'),(4, '单列柱状图-数据', 'config={\r\n  legend: {},\r\n  tooltip: {},\r\n  dataset: {\r\n    // 用 dimensions 指定了维度的顺序。直角坐标系中，如果 X 轴 type 为 category，\r\n    // 默认把第一个维度映射到 X 轴上，后面维度映射到 Y 轴上。\r\n    // 如果不指定 dimensions，也可以通过指定 series.encode\r\n    // 完成映射，参见后文。\r\n    dimensions: [\'year\',\'salary\'],\r\n    source: ${data0}\r\n  },\r\n  xAxis: { type: \'category\' },\r\n  yAxis: {},\r\n  series: [{ type: \'bar\' }]\r\n};\r\nAMIS_JSON = {\r\n  \"type\": \"page\",\r\n  \"body\": {\r\n    \"type\": \"chart\",\r\n    \"config\": config\r\n  }\r\n}', 'SELECT year,salary FROM `chart_test_data1` d where d.`name` = \'张三\';', 'test3'),(5, '多列柱状图-数据', 'config={\r\n  legend: {},\r\n  tooltip: {},\r\n  dataset: {\r\n    // 用 dimensions 指定了维度的顺序。直角坐标系中，如果 X 轴 type 为 category，\r\n    // 默认把第一个维度映射到 X 轴上，后面维度映射到 Y 轴上。\r\n    // 如果不指定 dimensions，也可以通过指定 series.encode\r\n    // 完成映射，参见后文。\r\n    dimensions: [\'name\',\'2014\',\'2015\',\'2016\'],\r\n    source: ${data0}\r\n  },\r\n  xAxis: { type: \'category\' },\r\n  yAxis: {},\r\n  series: [{ type: \'bar\' },{ type: \'bar\' },{ type: \'bar\' }]\r\n};\r\nAMIS_JSON = {\r\n  \"type\": \"page\",\r\n  \"body\": {\r\n    \"type\": \"chart\",\r\n    \"config\": config\r\n  }\r\n}', 'SELECT \r\n	name,\r\n	max(\r\n		case \r\n			when year = 2014\r\n			  then salary\r\n			else 0\r\n		end\r\n	) \'2014\',\r\n	max(\r\n		case \r\n			when year = 2015\r\n			  then salary\r\n			else 0\r\n		end\r\n	) \'2015\',\r\n	max(\r\n		case \r\n			when year = 2016\r\n			  then salary\r\n			else 0\r\n		end\r\n	) \'2016\'\r\n	\r\n	\r\nFROM\r\n	chart_test_data1 d \r\n\r\ngroup by name ', 'test4');
UNLOCK TABLES;
COMMIT;
BEGIN;
LOCK TABLES `jqp`.`chart_test_data1` WRITE;
DELETE FROM `jqp`.`chart_test_data1`;
INSERT INTO `jqp`.`chart_test_data1` (`id`,`name`,`year`,`salary`) VALUES (1, '张三', '2014', 150000),(2, '张三', '2015', 180000),(3, '张三', '2016', 165000),(4, '李四', '2014', 120000),(5, '李四', '2015', 170000),(6, '李四', '2016', 150000),(7, '王五', '2014', 210000),(8, '王五', '2015', 190000),(9, '王五', '2016', 140000);
UNLOCK TABLES;
COMMIT;
BEGIN;
LOCK TABLES `jqp`.`config` WRITE;
DELETE FROM `jqp`.`config`;
INSERT INTO `jqp`.`config` (`id`,`code`,`name`,`value`) VALUES (1, 'defaultPassword', '默认密码', '1'),(2, 'webSite', 'webSite', '{\"title\":\"测试\",\"briefIntroduction\":\"<p>是否</p>\"}');
UNLOCK TABLES;
COMMIT;
BEGIN;
LOCK TABLES `jqp`.`custom_page` WRITE;
DELETE FROM `jqp`.`custom_page`;
INSERT INTO `jqp`.`custom_page` (`id`,`code`,`name`,`content`) VALUES (1, 'test', '测试页面', '{\n  \"type\": \"page\",\n  \"body\": {\n    \"type\": \"form\",\n    \"api\": \"/amis/api/mock2/form/saveForm\",\n    \"debug\": true,\n    \"body\": [\n      {\n        \"type\": \"json-schema\",\n        \"name\": \"value\",\n        \"label\": \"字段值\",\n        \"schema\": {\n          \"definitions\": {\n            \"user\": {\n              \"type\": \"object\",\n              \"title\": \"用户\",\n              \"properties\": {\n                \"name\": {\n                  \"type\": \"string\",\n                  \"title\": \"用户名\",\n                  \"description\": \"用户名信息\"\n                },\n                \"id\": {\n                  \"type\": \"interger\",\n                  \"title\": \"用户ID\"\n                },\n                \"email\": {\n                  \"type\": \"string\",\n                  \"title\": \"用户邮箱\"\n                },\n                \"displayName\": {\n                  \"type\": \"string\",\n                  \"title\": \"用户昵称\"\n                }\n              }\n            }\n          },\n          \"type\": \"object\",\n          \"properties\": {\n            \"id\": {\n              \"type\": \"number\",\n              \"title\": \"ID\"\n            },\n            \"name\": {\n              \"type\": \"string\",\n              \"title\": \"名称1\"\n            },\n            \"description\": {\n              \"type\": \"string\",\n              \"title\": \"描述\"\n            },\n            \"test\": {\n              \"type\": \"user\",\n              \"title\": \"测试\"\n            }\n          }\n        }\n      }\n    ]\n  }\n}'),(2, 'test2', '测试2', '{\n  \"type\": \"page\",\n  \"body\": {\n    \"type\": \"form\",\n    \"api\": \"/amis/api/mock2/form/saveForm\",\n    \"debug\": true,\n    \"body\": [\n      {\n        \"type\": \"json-schema\",\n        \"name\": \"value\",\n        \"label\": \"字段值\",\n        \n        \"schema\": {\n          \"definitions\": {\n            \"user\": {\n              \"type\": \"object\",\n              \"title\": \"用户\",\n              \"properties\": {\n                \"name\": {\n                  \"type\": \"string\",\n                  \"title\": \"用户名\",\n                  \"description\": \"用户名信息\"\n                },\n                \"id\": {\n                  \"type\": \"interger\",\n                  \"title\": \"用户ID\"\n                },\n                \"email\": {\n                  \"type\": \"string\",\n                  \"title\": \"用户邮箱\"\n                },\n                \"displayName\": {\n                  \"type\": \"string\",\n                  \"title\": \"用户昵称\"\n                }\n              }\n            }\n          },\n          \"type\": \"object\",\n          \"properties\": {\n            \"id\": {\n              \"type\": \"number\",\n              \"title\": \"ID\"\n            },\n            \"name\": {\n              \"type\": \"string\",\n              \"title\": \"名称\"\n            },\n            \"description\": {\n              \"type\": \"string\",\n              \"title\": \"描述\"\n            },\n            \"test\": {\n              \"type\": \"user\",\n              \"title\": \"测试\"\n            }\n          }\n        }\n      }\n    ]\n  }\n}'),(3, 'test23', '测试', '{\"data\":{},\"asideResizor\":false,\"type\":\"page\",\"body\":[{\"syncLocation\":false,\"columns\":[{\"label\":\"ID1\",\"type\":\"text\",\"name\":\"id\",\"id\":\"u:7da98989fcbb\",\"placeholder\":\"-\"},{\"label\":\"渲染引擎\",\"type\":\"text\",\"name\":\"engine\",\"id\":\"u:7e29bbc6d2cf\"},{\"buttons\":[{\"type\":\"button\",\"label\":\"按钮\",\"onEvent\":{\"click\":{\"actions\":[]}},\"id\":\"u:14ede802ebc7\"},{\"type\":\"button\",\"label\":\"按钮\",\"onEvent\":{\"click\":{\"actions\":[]}},\"id\":\"u:14ede802ebc7\"}],\"label\":\"操作\",\"type\":\"operation\",\"id\":\"u:de30c6228579\"}],\"itemActions\":[],\"type\":\"crud\",\"features\":[\"filter\"],\"bulkActions\":[],\"filterColumnCount\":3,\"api\":{\"method\":\"get\",\"url\":\"\"},\"id\":\"u:09144a5ec96e\",\"perPageAvailable\":[10],\"messages\":{},\"headerToolbar\":[{\"type\":\"bulk-actions\"}]}],\"pullRefresh\":{\"disabled\":true},\"style\":{\"boxShadow\":\" 0px 0px 0px 0px transparent\"},\"id\":\"u:02b5d36044c1\"}'),(4, 'sqlApiEdit', 'sql接口编辑页面', '{\"data\":{},\"initApi\":\"post:/admin/common/sqlApi/get?id=${id}\",\"type\":\"form\",\"title\":\"\",\"body\":[{\"type\":\"group\",\"body\":[{\"label\":\"名称\",\"type\":\"input-text\",\"required\":true,\"name\":\"name\",\"id\":\"u:04386a2d1aeb\"},{\"label\":\"编号\",\"type\":\"input-text\",\"required\":true,\"name\":\"code\",\"id\":\"u:97d7afdf3d62\"},{\"clearable\":true,\"multiple\":true,\"label\":\"前缀\",\"type\":\"select\",\"required\":true,\"name\":\"sqlApiPrefix\",\"options\":[{\"label\":\"/api\",\"value\":\"/api\"},{\"label\":\"/api/public\",\"value\":\"/api/public\"},{\"label\":\"/admin/api\",\"value\":\"/admin/api\"}],\"placeholder\":\"前缀\",\"id\":\"u:f856adc2b6a9\"},{\"clearable\":true,\"label\":\"类型\",\"type\":\"select\",\"required\":true,\"name\":\"sqlApiType\",\"options\":[{\"label\":\"查询\",\"value\":\"query\"},{\"label\":\"更新\",\"value\":\"update\"}],\"placeholder\":\"类型\",\"id\":\"u:d7579e11d5c2\"}],\"mode\":\"horizontal\",\"id\":\"u:0b287c226a42\"},{\"multiple\":false,\"label\":\"内容\",\"name\":\"content\",\"id\":\"u:72783dc36b19\",\"$ref\":\"sqlApiContent\"}],\"mode\":\"horizontal\",\"onEvent\":{\"submit\":{\"weight\":0,\"actions\":[]}},\"api\":\"post:/admin/common/sqlApi/saveOrUpdate\",\"id\":\"u:0cc2463a65de\",\"definitions\":{\"sqlApiContent\":{\"multiLine\":true,\"multiple\":true,\"type\":\"combo\",\"name\":\"props\",\"items\":[{\"type\":\"group\",\"body\":[{\"label\":\"类型\",\"type\":\"select\",\"required\":true,\"name\":\"type\",\"options\":[{\"label\":\"对象\",\"value\":\"obj\"},{\"label\":\"数组\",\"value\":\"array\"}],\"id\":\"u:1a3a395fbcad\"},{\"label\":\"名称\",\"type\":\"input-text\",\"required\":true,\"name\":\"name\",\"id\":\"u:e7f9b388156c\"},{\"clearable\":true,\"joinValues\":true,\"pickerSchema\":{\"className\":\"\",\"mode\":\"table\",\"filter\":{\"title\":[\"<span style=\'line-height:30px;\'>sql语句列表</span>\",{\"level\":\"warning\",\"className\":\"mr-1 float-right relative jqp-top-btn\",\"label\":\"重置\",\"type\":\"button\",\"actionType\":\"reset\"},{\"className\":\"m-l float-right relative jqp-top-btn\",\"label\":\"查询\",\"type\":\"button\",\"actionType\":\"submit\",\"primary\":true}],\"body\":{\"columns\":[{\"clearable\":true,\"columnClassName\":\"mb-1\",\"label\":\"编号\",\"type\":\"input-text\",\"md\":4,\"name\":\"q__code\",\"sm\":6,\"xs\":12,\"lg\":3,\"placeholder\":\"编号\",\"value\":\"\"},{\"clearable\":true,\"columnClassName\":\"mb-1\",\"label\":\"名称\",\"type\":\"input-text\",\"md\":4,\"name\":\"q__name\",\"sm\":6,\"xs\":12,\"lg\":3,\"placeholder\":\"名称\",\"value\":\"\"},{\"clearable\":true,\"columnClassName\":\"mb-1\",\"label\":\"类型\",\"type\":\"select\",\"md\":4,\"name\":\"q__sqlType\",\"options\":[{\"label\":\"查询\",\"value\":\"query\"},{\"label\":\"更新\",\"value\":\"update\"},{\"label\":\"部分sql\",\"value\":\"part\"}],\"sm\":6,\"xs\":12,\"lg\":3,\"placeholder\":\"类型\",\"value\":\"\"}],\"type\":\"grid\"},\"mode\":\"horizontal\",\"submitText\":\"\"},\"name\":\"sqlInfoSelector\"},\"columnClassName\":\"mb-3\",\"multiple\":false,\"autoFill\":{},\"label\":\"关联sql\",\"source\":\"post:/admin/page/selector/sqlInfo?sql=$sql&id=${id}\",\"type\":\"picker\",\"valueField\":\"code\",\"labelField\":\"name\",\"size\":\"lg\",\"md\":12,\"name\":\"sql\",\"placeholder\":\"关联sql\",\"id\":\"u:f540692390e9\",\"value\":\"\"}],\"mode\":\"horizontal\",\"id\":\"u:56d0560fcef2\"},{\"label\":\"属性\",\"addButtonText\":\"新增属性\",\"name\":\"props\",\"id\":\"u:646ca4eac8f6\",\"$ref\":\"sqlApiContent\"},{\"label\":\"参数\",\"addButtonText\":\"新增参数\",\"name\":\"args\",\"id\":\"u:65fafd47ae88\",\"$ref\":\"sqlApiContentArg\"}]},\"sqlApiContentArg\":{\"multiLine\":true,\"multiple\":true,\"type\":\"combo\",\"name\":\"args\",\"items\":[{\"type\":\"group\",\"body\":[{\"label\":\"名称\",\"type\":\"input-text\",\"required\":true,\"name\":\"name\"},{\"label\":\"值\",\"type\":\"input-text\",\"required\":true,\"name\":\"value\"},{\"label\":\"标签\",\"type\":\"input-text\",\"required\":true,\"name\":\"label\"}],\"mode\":\"horizontal\"}]}}}'),(5, 'webSite', '网站配置', '{\n  \"asideResizor\": false,\n  \"type\": \"page\",\n  \"title\": \"网站配置\",\n  \"body\": [\n    {\n      \"initApi\": {\n        \"method\": \"get\",\n        \"url\": \"/admin/config/get/webSite?_delay=300\",\n        \"messages\": {}\n      },\n      \"type\": \"form\",\n      \"title\": \"\",\n      \"body\": [\n        {\n          \"type\": \"fieldSet\",\n          \"title\": \"网站配置\",\n          \"body\": [\n            {\n              \"type\": \"input-text\",\n              \"name\": \"title\",\n              \"label\": \"标题\"\n            },\n            {\n              \"receiver\": \"/admin/upload\",\n              \"label\": \"logo\",\n              \"type\": \"input-image\",\n              \"name\": \"logo\",\n              \"crop\": true,\n              \"description\": \"推荐大小：描述信息 \"\n            },\n            {\n              \"type\": \"input-rich-text\",\n              \"name\": \"briefIntroduction\",\n              \"label\": \"简介\"\n            }\n          ],\n          \"mode\": \"horizontal\",\n          \"collapsable\": true\n        },\n        {\n          \"type\": \"fieldSet\",\n          \"title\": \"Banner配置\",\n          \"body\": [\n            {\n              \"editable\": true,\n              \"columns\": [\n                {\n                  \"label\": \"标题\",\n                  \"type\": \"input-text\",\n                  \"name\": \"title\",\n                  \"width\": 100\n                },\n                {\n                  \"receiver\": \"/admin/upload\",\n                  \"label\": \"图片\",\n                  \"type\": \"input-image\",\n                  \"name\": \"img\",\n                  \"width\": 100,\n                  \"minWidth\": 1920,\n                  \"description\": \"推荐尺寸：1920px * 980px \"\n                },\n                {\n                  \"label\": \"链接\",\n                  \"type\": \"input-text\",\n                  \"name\": \"url\",\n                  \"width\": 100\n                }\n              ],\n              \"label\": \"Banner\",\n              \"type\": \"input-table\",\n              \"addable\": true,\n              \"draggable\": true,\n              \"removable\": true,\n              \"needConfirm\": false,\n              \"name\": \"banners\"\n            }\n          ],\n          \"mode\": \"horizontal\",\n          \"collapsable\": true\n        }\n      ],\n      \"mode\": \"horizontal\",\n      \"submitText\": \"保存\",\n      \"api\": {\n        \"method\": \"post\",\n        \"dataType\": \"json\",\n        \"url\": \"/admin/config/save/webSite\",\n        \"messages\": {}\n      },\n      \"wrapWithPanel\": true\n    }\n  ],\n  \"pullRefresh\": {\n    \"disabled\": true\n  },\n  \"style\": {\n    \"boxShadow\": \" 0px 0px 0px 0px transparent\"\n  },\n  \"id\": \"u:0840c7d691c2\"\n}');
UNLOCK TABLES;
COMMIT;
BEGIN;
LOCK TABLES `jqp`.`customer` WRITE;
DELETE FROM `jqp`.`customer`;
INSERT INTO `jqp`.`customer` (`id`,`enterprise_id`,`user_id`,`dept_id`,`customer_source_id`,`name`,`mobile`,`decoration_type`,`address`,`area`,`customer_status`) VALUES (1, 4, 1, NULL, 6, '12331', '123', '2', '1231233', 123, '4'),(2, 4, 2, 3, 4, '123233', '12123', '1', '123', 123, '1'),(3, 4, 2, 3, 5, '12322', '23333', '2', '233', 333, '3'),(4, 4, 1, NULL, 3, '测试1123123', '1231232', '2', '123122', 111, '2'),(9, 4, 1, NULL, 3, '1123', '1231', '1', '123', 12, '1'),(11, 4, 1, NULL, 1, '123', '12312312', '1', '3', 123213, '1'),(12, 4, 1, NULL, 1, '测试', '1111', '2', '12', 11, '1'),(13, 4, 1, NULL, 3, '1', '1', '2', '11', 1, '1'),(15, 4, 1, NULL, 2, '113', '1', '2', '1', 1, '1');
UNLOCK TABLES;
COMMIT;
BEGIN;
LOCK TABLES `jqp`.`customer_record` WRITE;
DELETE FROM `jqp`.`customer_record`;
INSERT INTO `jqp`.`customer_record` (`id`,`customer_id`,`customer_status`,`create_time`,`audit_user_id`,`audit_result`,`audit_remark`,`audit_imgs`,`audit_files`) VALUES (1, 1, '2', '2022-02-22 11:32:54', 1, '1', NULL, NULL, NULL),(2, 1, '3', '2022-02-22 11:48:06', 1, '1', 'OK', '/admin/download/25/43e6a11ac1db1d2c63509d2f9ae704e9.jpeg,/admin/download/26/b68c9f5e7aed7e50e508445681dcf2e4.jpeg', '/admin/download/27/策略用户权重.xlsx,/admin/download/28/策略用户权重测试.xlsx'),(3, 1, '4', '2022-02-22 12:25:18', 1, '2', '1231', '/admin/download/30/43e6a11ac1db1d2c63509d2f9ae704e9.jpeg', '/admin/download/31/20220112strategyUserWeightList.xls'),(4, 3, '2', '2022-02-24 13:58:49', 1, '1', NULL, NULL, NULL),(5, 3, '3', '2022-02-24 16:43:25', 1, '1', '123', '/admin/download/32/43e6a11ac1db1d2c63509d2f9ae704e9.jpeg,/admin/download/33/b68c9f5e7aed7e50e508445681dcf2e4.jpeg', '/admin/download/34/43e6a11ac1db1d2c63509d2f9ae704e9.jpeg,/admin/download/35/b68c9f5e7aed7e50e508445681dcf2e4.jpeg'),(6, 4, '2', '2022-04-29 09:09:16', 1, '1', NULL, NULL, NULL);
UNLOCK TABLES;
COMMIT;
BEGIN;
LOCK TABLES `jqp`.`customer_source` WRITE;
DELETE FROM `jqp`.`customer_source`;
INSERT INTO `jqp`.`customer_source` (`id`,`code`,`name`,`parent_id`) VALUES (1, '01', '电商', NULL),(2, '02', '网销', NULL),(3, '0101', '电商01', 1),(4, '0102', '电商0102', 1),(5, '0201', '网销0201', 2),(6, '0202', '网销0202', 2);
UNLOCK TABLES;
COMMIT;
BEGIN;
LOCK TABLES `jqp`.`data_import_task` WRITE;
DELETE FROM `jqp`.`data_import_task`;
INSERT INTO `jqp`.`data_import_task` (`id`,`user_id`,`enterprise_id`,`create_time`,`plan_time`,`start_time`,`end_time`,`data_import_task_status`,`src_file`,`error_file`,`error_msg`,`template_code`,`dynamic_task_id`) VALUES (1, 1, 4, '2022-07-13 09:57:52', '2022-07-13 09:58:22', NULL, NULL, NULL, '/admin/download/48/测试导入模板.xlsx', NULL, NULL, 'test', 2),(2, 1, 4, '2022-07-13 09:59:27', '2022-07-13 09:59:57', NULL, NULL, NULL, '/admin/download/49/测试导入模板.xlsx', NULL, NULL, 'test', 3),(3, 1, 4, '2022-07-13 14:06:09', '2022-07-13 14:06:39', '2022-07-13 14:06:38', '2022-07-13 14:06:38', 'ExceptionClose', '/admin/download/50/测试导入模板.xlsx', NULL, 'RuntimeException: 判重字段userCode不存在', 'test', 4),(4, 1, 4, '2022-07-13 14:10:08', '2022-07-13 14:10:38', '2022-07-13 14:10:38', '2022-07-13 14:10:38', 'ExceptionClose', '/admin/download/51/测试导入模板.xlsx', NULL, 'ArrayIndexOutOfBoundsException: 1', 'test', 5),(5, 1, 4, '2022-07-13 14:11:53', '2022-07-13 14:12:23', '2022-07-13 14:12:22', '2022-07-13 14:12:22', 'ExceptionClose', '/admin/download/52/测试导入模板.xlsx', NULL, 'ArrayIndexOutOfBoundsException: 1', 'test', 6),(6, 1, 4, '2022-07-13 14:15:01', '2022-07-13 14:15:31', '2022-07-13 14:15:31', '2022-07-13 14:15:31', 'ExceptionClose', '/admin/download/53/测试导入模板.xlsx', NULL, 'SQLSyntaxErrorException: Unknown column \'pid\' in \'field list\'', 'test', 7),(7, 1, 4, '2022-07-13 14:17:13', '2022-07-13 14:17:43', '2022-07-13 14:17:43', '2022-07-13 14:17:43', 'ExceptionClose', '/admin/download/54/测试导入模板.xlsx', NULL, 'SQLIntegrityConstraintViolationException: Column \'user_id\' cannot be null', 'test', 8),(8, 1, 4, '2022-07-13 14:20:53', '2022-07-13 14:21:23', NULL, NULL, NULL, '/admin/download/55/测试导入模板.xlsx', NULL, NULL, 'test', 9),(9, 1, 4, '2022-07-13 14:23:40', '2022-07-13 14:24:10', '2022-07-13 14:24:09', '2022-07-13 14:24:09', 'ExceptionClose', '/admin/download/56/测试导入模板.xlsx', '/admin/download/57/错误信息.xlsx', 'SQLException: Field \'user_id\' doesn\'t have a default value', 'test', 10),(10, 1, 4, '2022-07-13 14:25:16', '2022-07-13 14:25:46', '2022-07-13 14:27:00', '2022-07-13 14:27:09', 'InValid', '/admin/download/58/测试导入模板.xlsx', '/admin/download/60/错误信息.xlsx', 'SQLException: Field \'user_id\' doesn\'t have a default value', 'test', 11),(11, 1, 4, '2022-07-13 14:28:20', '2022-07-13 14:28:50', '2022-07-13 14:28:49', '2022-07-13 14:29:11', 'InValid', '/admin/download/61/测试导入模板.xlsx', '/admin/download/62/错误信息.xlsx', NULL, 'test', 12),(12, 1, 4, '2022-07-13 14:30:19', '2022-07-13 14:30:49', '2022-07-13 14:30:49', '2022-07-13 14:30:49', 'InValid', '/admin/download/63/测试导入模板.xlsx', '/admin/download/64/错误信息.xlsx', NULL, 'test', 13),(13, 1, 4, '2022-07-13 14:31:43', '2022-07-13 14:32:13', '2022-07-13 14:32:12', '2022-07-13 14:32:12', 'InValid', '/admin/download/65/测试导入模板.xlsx', '/admin/download/66/错误信息.xlsx', NULL, 'test', 14),(14, 1, 4, '2022-07-13 14:33:11', '2022-07-13 14:33:41', '2022-07-13 14:33:40', '2022-07-13 14:33:40', 'Success', '/admin/download/67/测试导入模板.xlsx', NULL, NULL, 'test', 15),(15, 1, 4, '2022-07-13 14:45:21', '2022-07-13 14:45:51', '2022-07-13 14:46:37', '2022-07-13 14:46:38', 'Success', '/admin/download/68/测试导入模板.xlsx', NULL, '手工取消', 'test', 16),(16, 1, 4, '2022-07-13 14:47:17', '2022-07-13 14:47:47', NULL, NULL, 'ExceptionClose', '/admin/download/69/测试导入模板.xlsx', NULL, '手工取消', 'test', 17);
UNLOCK TABLES;
COMMIT;
BEGIN;
LOCK TABLES `jqp`.`data_import_template` WRITE;
DELETE FROM `jqp`.`data_import_template`;
INSERT INTO `jqp`.`data_import_template` (`id`,`table_name`,`code`,`name`,`repeat_fields`,`repeat_strategy`) VALUES (1, 'test_data_import', 'test', '测试数据导入', 'user_code', 'update');
UNLOCK TABLES;
COMMIT;
BEGIN;
LOCK TABLES `jqp`.`data_import_template_field` WRITE;
DELETE FROM `jqp`.`data_import_template_field`;
INSERT INTO `jqp`.`data_import_template_field` (`id`,`template_id`,`column_name`,`column_comment`,`column_type`,`column_format`,`fields_mapping`,`must`,`regex`,`seq`,`width`) VALUES (6, 1, 'user_code', '用户编号', 'relateTable', 'user,user_code', 'user_id=id', 'YES', NULL, 1, 10),(7, 1, 'birthday', '生日', 'date', 'yyyy-MM-dd', NULL, 'YES', NULL, 2, 10),(8, 1, 'age', '年龄', 'number', NULL, NULL, 'YES', NULL, 3, 5),(9, 1, 'gender', '性别', 'dic', 'gender', NULL, 'YES', NULL, 4, 5),(10, 1, 'address', '住址', 'string', NULL, NULL, 'NO', NULL, 5, 30);
UNLOCK TABLES;
COMMIT;
BEGIN;
LOCK TABLES `jqp`.`data_listener` WRITE;
DELETE FROM `jqp`.`data_listener`;
INSERT INTO `jqp`.`data_listener` (`id`,`table_name`,`event_type`,`column_name`,`after_api`,`seq`,`java_bean`) VALUES (2, 'dic', '1', NULL, NULL, 1, 'dicCacheService'),(3, 'dic', '2', NULL, NULL, 1, 'dicCacheService'),(4, 'dic', '3', NULL, NULL, 1, 'dicCacheService'),(5, 'dic_item', '1', NULL, NULL, 1, 'dicCacheService'),(6, 'dic_item', '2', NULL, NULL, 1, 'dicCacheService'),(7, 'dic_item', '3', NULL, NULL, 1, 'dicCacheService'),(8, 'user', '2', NULL, NULL, 1, 'userService'),(10, 'customer', '2,3', NULL, '/customer/updateCustomer', 1, NULL);
UNLOCK TABLES;
COMMIT;
BEGIN;
LOCK TABLES `jqp`.`dept` WRITE;
DELETE FROM `jqp`.`dept`;
INSERT INTO `jqp`.`dept` (`id`,`code`,`name`,`enterprise_id`,`parent_id`,`dept_type`) VALUES (1, '01', '部门01', 4, NULL, '1'),(2, '0101', '部门0101', 4, 1, '1'),(3, '02', '部门02', 4, NULL, '1'),(4, '0201', '部门0201', 4, 3, '1'),(5, '0102', '部门0102', 4, 1, '1'),(6, '0103', '测试', 4, 1, '1');
UNLOCK TABLES;
COMMIT;
BEGIN;
LOCK TABLES `jqp`.`dept_manager` WRITE;
DELETE FROM `jqp`.`dept_manager`;
INSERT INTO `jqp`.`dept_manager` (`id`,`dept_id`,`enterprise_user_id`) VALUES (5, 3, 2),(7, 1, 1),(8, 6, 2),(9, 1, 2);
UNLOCK TABLES;
COMMIT;
BEGIN;
LOCK TABLES `jqp`.`dept_permission` WRITE;
DELETE FROM `jqp`.`dept_permission`;
INSERT INTO `jqp`.`dept_permission` (`id`,`dept_id`,`permission_id`,`config_value`) VALUES (5, 3, 10, 'all'),(6, 3, 9, 'all');
UNLOCK TABLES;
COMMIT;
BEGIN;
LOCK TABLES `jqp`.`dic` WRITE;
DELETE FROM `jqp`.`dic`;
INSERT INTO `jqp`.`dic` (`id`,`dic_code`,`dic_name`) VALUES (1, 'gender', '性别'),(2, 'whether', '是否'),(5, 'menuType', '菜单类型'),(6, 'componentType', '组件类型'),(7, 'userType', '用户类型'),(8, 'userStatus', '用户状态'),(9, 'dateFormat', '日期格式'),(10, 'positionType', '岗位类型'),(11, 'deptType', '部门类型'),(12, 'checkRepeatType', '校验重复类型'),(13, 'permissionType', '权限类型'),(14, 'selfOrAll', '自己/全部'),(15, 'dept', '部门权限'),(16, 'decorationType', '装修类型'),(17, 'customerStatus', '客户状态'),(18, 'auditResult', '审核结果'),(19, 'dataStatus', '状态'),(20, 'timerTaskRecordStatus', '定时任务状态'),(21, 'testOrderStatus', '测试订单状态'),(22, 'eventType', '事件类型'),(23, 'repeatStrategy', '判重策略'),(24, 'importDataType', '导入数据类型'),(25, 'dataImportTaskStatus', '数据导入状态'),(26, 'paramType', '参数类型'),(27, 'sqlType', 'sql类型'),(28, 'sqlApiType', 'sql接口类型'),(29, 'sqlApiPrefix', 'sql接口前缀');
UNLOCK TABLES;
COMMIT;
BEGIN;
LOCK TABLES `jqp`.`dic_item` WRITE;
DELETE FROM `jqp`.`dic_item`;
INSERT INTO `jqp`.`dic_item` (`id`,`parent_id`,`label`,`value`,`seq`,`color`,`bg_color`) VALUES (1, 1, '男', '1', 1, 'rgba(255, 255, 255, 1)', 'rgba(16, 242, 38, 1)'),(3, 1, '保密', '3', 3, 'rgba(255, 255, 255, 1)', 'rgba(208, 2, 27, 1)'),(4, 2, '是', 'YES', 1, NULL, NULL),(5, 2, '否', 'NO', 2, NULL, NULL),(10, 5, '后台菜单', '1', 1, NULL, NULL),(11, 5, '前台菜单', '2', 2, NULL, NULL),(12, 6, '文本框', 'input-text', 1, NULL, NULL),(13, 6, '多行文本', 'textarea', 2, NULL, NULL),(14, 6, '下拉框', 'select', 3, NULL, NULL),(15, 6, '复选框', 'checkboxes', 4, NULL, NULL),(16, 6, '数字', 'input-number', 5, NULL, NULL),(17, 6, '单选框', 'radios', 6, NULL, NULL),(18, 6, '静态展示', 'static', 7, NULL, NULL),(19, 6, '日期', 'input-date', 8, NULL, NULL),(20, 6, '选择器', 'selector', 9, NULL, NULL),(21, 6, '日期时间', 'input-datetime', 10, NULL, NULL),(22, 6, '地理位置', 'location-picker', 11, NULL, NULL),(23, 6, '密码框', 'input-password', 12, NULL, NULL),(24, 6, '富文本编辑器', 'input-rich-text', 13, NULL, NULL),(25, 6, '开关', 'switch', 14, NULL, NULL),(26, 6, '日期范围', 'input-date-range', 15, NULL, NULL),(27, 6, '省份选择', 'input-province', 16, NULL, NULL),(28, 6, 'excel解析', 'input-excel', 17, NULL, NULL),(29, 6, '日期时间范围', 'input-datetime-range', 18, NULL, NULL),(30, 6, '颜色选择', 'input-color', 19, NULL, NULL),(31, 6, '月份', 'input-month', 20, NULL, NULL),(32, 6, '月份范围', 'input-month-range', 21, NULL, NULL),(33, 6, '时间', 'input-time', 22, NULL, NULL),(34, 6, '时间范围', 'input-time-range', 23, NULL, NULL),(35, 6, '年', 'input-year', 24, NULL, NULL),(36, 6, '年范围', 'input-year-range', 25, NULL, NULL),(37, 6, '季度', 'input-quarter', 26, NULL, NULL),(38, 6, '季度范围', 'input-quarter-range', 27, NULL, NULL),(39, 6, '图片', 'input-image', 28, NULL, NULL),(40, 6, '文件上传', 'input-file', 29, NULL, NULL),(41, 6, '评分', 'input-rating', 30, NULL, NULL),(42, 6, '滑块选择', 'input-range', 31, NULL, NULL),(43, 6, '重复率选择器', 'input-repeat', 32, NULL, NULL),(44, 6, '标签选择器', 'input-tag', 33, NULL, NULL),(45, 6, '按钮点选', 'button-group-select', 34, NULL, NULL),(46, 6, '公式', 'formula', 35, NULL, NULL),(47, 6, '编辑器', 'editor', 36, NULL, NULL),(48, 6, '公式编辑器', 'input-formula', 37, NULL, NULL),(49, 1, '女', '2', 2, 'rgba(255, 255, 255, 1)', 'rgba(248, 231, 28, 1)'),(50, 6, '省市选择', 'input-province_city', 16, NULL, NULL),(51, 6, '省市区/县', 'input-province-city-county', 16, NULL, NULL),(52, 7, '管理员', 'admin', 1, NULL, NULL),(53, 7, '普通用户', 'common', 2, NULL, NULL),(54, 8, '在职', '1', 1, 'rgba(255, 255, 255, 1)', 'rgba(80, 227, 194, 1)'),(55, 8, '离职', '2', 2, 'rgba(255, 255, 255, 1)', 'rgba(155, 155, 155, 1)'),(56, 9, '年月日', 'yyyyMMdd', 1, NULL, NULL),(57, 9, '年月', 'yyyyMM', 2, NULL, NULL),(58, 9, '年', 'yyyy', 3, NULL, NULL),(59, 6, '选择器-弹出', 'selector-pop', 9, NULL, NULL),(60, 6, '选择树', 'input-tree', 38, NULL, NULL),(61, 6, '下拉树', 'tree-select', 39, NULL, NULL),(62, 10, '固定', '1', 1, NULL, NULL),(63, 10, '自定义', '2', 2, NULL, NULL),(64, 11, '普通部门', '1', 1, NULL, NULL),(65, 11, '推广部门', '2', 2, NULL, NULL),(66, 11, '销售部门', '3', 3, NULL, NULL),(67, 11, '门店', '4', 4, NULL, NULL),(68, 12, '不校验', 'notCheck', 1, NULL, NULL),(69, 12, '全局唯一', 'global', 2, NULL, NULL),(70, 12, '企业内唯一', 'enterprise', 3, NULL, NULL),(71, 12, '多字段联合唯一', 'fields', 4, NULL, NULL),(72, 12, 'sql校验唯一', 'sql', 5, NULL, NULL),(74, 13, '数据字典', 'dic', 1, NULL, NULL),(75, 13, '查询sql', 'sql', 3, NULL, NULL),(76, 13, '页面', 'page', 2, NULL, NULL),(78, 14, '查看自己的数据', 'self', 1, NULL, NULL),(79, 14, '查看全部的数据', 'all', 2, NULL, NULL),(80, 15, '所属部门', 'dept', 2, NULL, NULL),(81, 15, '所属部门及子部门', 'deptAndChild', 3, NULL, NULL),(82, 15, '负责部门', 'manageDept', 4, NULL, NULL),(83, 15, '负责部门及子部门', 'manageDeptAndChild', 5, NULL, NULL),(84, 15, '全部', 'all', 1, NULL, NULL),(85, 16, '整装', '1', 1, NULL, NULL),(86, 16, '局装', '2', 2, NULL, NULL),(87, 16, '零售', '3', 3, NULL, NULL),(88, 17, '开立', '1', 1, NULL, NULL),(89, 17, '提交', '2', 2, NULL, NULL),(90, 17, '主管审核通过', '3', 3, NULL, NULL),(91, 17, '财务审核通过', '4', 4, NULL, NULL),(92, 18, '审核通过', '1', 1, NULL, NULL),(93, 18, '打回', '2', 2, NULL, NULL),(94, 19, '有效', '1', 1, NULL, NULL),(95, 19, '无效', '2', 2, NULL, NULL),(96, 20, '执行中', '执行中', 1, NULL, NULL),(97, 20, '执行成功', '执行成功', 2, NULL, NULL),(98, 20, '执行失败', '执行失败', 3, NULL, NULL),(99, 21, '开立', '1', 1, NULL, NULL),(100, 21, '设计师审核', '2', 2, NULL, NULL),(101, 21, '审核通过', '3', 3, NULL, NULL),(102, 6, '表格InputTable', 'input-table', 40, NULL, NULL),(105, 22, '新增', '1', 1, NULL, NULL),(106, 22, '修改', '2', 2, NULL, NULL),(107, 22, '删除', '3', 3, NULL, NULL),(108, 22, '修改字段', '4', 4, NULL, NULL),(109, 23, '报错', 'error', 1, NULL, NULL),(110, 23, '更新', 'update', 2, NULL, NULL),(111, 24, '字符串', 'string', 1, NULL, NULL),(112, 24, '数据字典', 'dic', 2, NULL, NULL),(113, 24, '日期', 'date', 3, NULL, NULL),(114, 24, '整数', 'number', 4, NULL, NULL),(115, 24, '小数', 'double', 5, NULL, NULL),(116, 24, '关联表', 'relateTable', 6, NULL, NULL),(117, 25, '未开始', 'NotStart', 1, NULL, NULL),(118, 25, '正在验证', 'Validation', 2, NULL, NULL),(119, 25, '验证失败', 'InValid', 3, NULL, NULL),(120, 25, '正在导入', 'Importing', 4, NULL, NULL),(121, 25, '导入成功', 'Success', 5, NULL, NULL),(122, 25, '异常关闭', 'ExceptionClose', 6, NULL, NULL),(123, 26, '字符串', 'string', 1, NULL, NULL),(124, 26, '长整数', 'long', 2, NULL, NULL),(125, 26, '整数', 'int', 3, NULL, NULL),(126, 26, '日期', 'date', 4, NULL, NULL),(127, 26, '小数', 'double', 5, NULL, NULL),(128, 27, '查询', 'query', 1, NULL, NULL),(129, 27, '更新', 'update', 2, NULL, NULL),(130, 27, '部分sql', 'part', 3, NULL, NULL),(131, 28, '查询', 'query', 1, NULL, NULL),(132, 28, '更新', 'update', 2, NULL, NULL),(133, 29, '/api', '/api', 1, NULL, NULL),(134, 29, '/api/public', '/api/public', 2, NULL, NULL),(135, 29, '/admin/api', '/admin/api', 3, NULL, NULL),(144, 21, '打回', '99', 99, NULL, NULL),(145, 21, '总监审核', '4', 4, NULL, NULL),(146, 21, '领导审核', '5', 5, NULL, NULL),(147, 21, '审核通过', '6', 6, NULL, NULL);
UNLOCK TABLES;
COMMIT;
BEGIN;
LOCK TABLES `jqp`.`dynamic_task` WRITE;
DELETE FROM `jqp`.`dynamic_task`;
INSERT INTO `jqp`.`dynamic_task` (`id`,`name`,`ref_id`,`params`,`timer_task_status`,`msg`,`plan_time`,`start_time`,`end_time`,`api`,`create_time`,`java_service`) VALUES (1, '测试动态定时任务', 1, '{\n    \"name\": \"测试动态定时任务\"\n}', '执行成功', NULL, '2022-02-22 18:11:29', '2022-02-22 18:11:28', '2022-02-22 18:11:28', '/timerTask/testTimerTask', '2022-02-22 18:10:29', NULL),(2, '数据导入', 1, NULL, '执行失败', 'For input string: \"nload/48\"', '2022-07-13 09:58:22', '2022-07-13 09:58:21', '2022-07-13 09:58:21', NULL, '2022-07-13 09:57:52', 'dataImportTaskApi'),(3, '数据导入', 2, NULL, '执行成功', NULL, '2022-07-13 09:59:57', '2022-07-13 09:59:56', '2022-07-13 09:59:57', NULL, '2022-07-13 09:59:27', 'dataImportTaskApi'),(4, '数据导入', 3, NULL, '执行失败', 'java.lang.RuntimeException: 判重字段userCode不存在', '2022-07-13 14:06:39', '2022-07-13 14:06:38', '2022-07-13 14:06:39', NULL, '2022-07-13 14:06:09', 'dataImportTaskApi'),(5, '数据导入', 4, NULL, '执行失败', 'java.lang.ArrayIndexOutOfBoundsException: 1', '2022-07-13 14:10:38', '2022-07-13 14:10:38', '2022-07-13 14:10:38', NULL, '2022-07-13 14:10:08', 'dataImportTaskApi'),(6, '数据导入', 5, NULL, '执行失败', 'java.lang.ArrayIndexOutOfBoundsException: 1', '2022-07-13 14:12:23', '2022-07-13 14:12:22', '2022-07-13 14:12:22', NULL, '2022-07-13 14:11:53', 'dataImportTaskApi'),(7, '数据导入', 6, NULL, '执行失败', 'org.springframework.jdbc.BadSqlGrammarException: PreparedStatementCallback; bad SQL grammar [select pid from test_data_import where 1=1  and enterprise_id = ?  and user_id = ? ]; nested exception is java.sql.SQLSyntaxErrorException: Unknown column \'pid\' in \'field list\'', '2022-07-13 14:15:31', '2022-07-13 14:15:31', '2022-07-13 14:15:31', NULL, '2022-07-13 14:15:01', 'dataImportTaskApi'),(8, '数据导入', 7, NULL, '执行失败', 'org.springframework.dao.DataIntegrityViolationException: PreparedStatementCallback; Column \'user_id\' cannot be null; nested exception is java.sql.SQLIntegrityConstraintViolationException: Column \'user_id\' cannot be null', '2022-07-13 14:17:43', '2022-07-13 14:17:43', '2022-07-13 14:17:43', NULL, '2022-07-13 14:17:13', 'dataImportTaskApi'),(9, '数据导入', 8, NULL, '执行成功', NULL, '2022-07-13 14:21:23', '2022-07-13 14:21:23', '2022-07-13 14:21:23', NULL, '2022-07-13 14:20:53', 'dataImportTaskApi'),(10, '数据导入', 9, NULL, '执行失败', 'org.springframework.dao.DataIntegrityViolationException: PreparedStatementCallback; Field \'user_id\' doesn\'t have a default value; nested exception is java.sql.SQLException: Field \'user_id\' doesn\'t have a default value', '2022-07-13 14:24:10', '2022-07-13 14:24:09', '2022-07-13 14:24:09', NULL, '2022-07-13 14:23:40', 'dataImportTaskApi'),(11, '数据导入', 10, NULL, '执行成功', NULL, '2022-07-13 14:27:01', '2022-07-13 14:27:00', '2022-07-13 14:27:09', NULL, '2022-07-13 14:25:16', 'dataImportTaskApi'),(12, '数据导入', 11, NULL, '执行成功', NULL, '2022-07-13 14:28:50', '2022-07-13 14:28:49', '2022-07-13 14:29:11', NULL, '2022-07-13 14:28:20', 'dataImportTaskApi'),(13, '数据导入', 12, NULL, '执行成功', NULL, '2022-07-13 14:30:49', '2022-07-13 14:30:49', '2022-07-13 14:30:49', NULL, '2022-07-13 14:30:19', 'dataImportTaskApi'),(14, '数据导入', 13, NULL, '执行成功', NULL, '2022-07-13 14:32:13', '2022-07-13 14:32:12', '2022-07-13 14:32:12', NULL, '2022-07-13 14:31:43', 'dataImportTaskApi'),(15, '数据导入', 14, NULL, '执行成功', NULL, '2022-07-13 14:33:41', '2022-07-13 14:33:40', '2022-07-13 14:33:40', NULL, '2022-07-13 14:33:11', 'dataImportTaskApi'),(16, '数据导入', 15, NULL, '执行成功', NULL, '2022-07-13 14:46:37', '2022-07-13 14:46:37', '2022-07-13 14:46:38', NULL, '2022-07-13 14:45:21', 'dataImportTaskApi'),(17, '数据导入', 16, NULL, '执行失败', '手动停止任务', '2022-07-13 14:47:47', NULL, NULL, NULL, '2022-07-13 14:47:17', 'dataImportTaskApi');
UNLOCK TABLES;
COMMIT;
BEGIN;
LOCK TABLES `jqp`.`enterprise` WRITE;
DELETE FROM `jqp`.`enterprise`;
INSERT INTO `jqp`.`enterprise` (`id`,`code`,`name`,`logo`,`address`) VALUES (3, '01', '部分权限', '/admin/download/48/b68c9f5e7aed7e50e508445681dcf2e4.jpeg', NULL),(4, '02', '全部权限', NULL, NULL);
UNLOCK TABLES;
COMMIT;
BEGIN;
LOCK TABLES `jqp`.`enterprise_manager` WRITE;
DELETE FROM `jqp`.`enterprise_manager`;
INSERT INTO `jqp`.`enterprise_manager` (`id`,`enterprise_id`,`user_id`) VALUES (4, 3, 1),(6, 4, 2),(7, 4, 3);
UNLOCK TABLES;
COMMIT;
BEGIN;
LOCK TABLES `jqp`.`enterprise_menu` WRITE;
DELETE FROM `jqp`.`enterprise_menu`;
INSERT INTO `jqp`.`enterprise_menu` (`id`,`enterprise_id`,`menu_id`) VALUES (83, 3, 8),(85, 3, 10),(86, 3, 11),(87, 3, 13),(88, 3, 17),(89, 3, 19),(1883, 4, 117),(1884, 4, 118),(1885, 4, 119),(1886, 4, 120),(1887, 4, 121),(1888, 4, 122),(1889, 4, 123),(1890, 4, 124),(1891, 4, 125),(1892, 4, 126),(1893, 4, 127),(1894, 4, 128),(1895, 4, 129),(1896, 4, 130),(1897, 4, 131),(1898, 4, 52),(1899, 4, 53),(1900, 4, 54),(1901, 4, 55),(1902, 4, 56),(1903, 4, 57),(1904, 4, 58),(1905, 4, 59),(1906, 4, 60),(1907, 4, 61),(1908, 4, 62),(1909, 4, 63),(1910, 4, 64),(1911, 4, 92),(1912, 4, 141),(1913, 4, 65),(1914, 4, 66),(1915, 4, 67),(1916, 4, 68),(1917, 4, 69),(1918, 4, 70),(1919, 4, 89),(1920, 4, 90),(1921, 4, 93),(1922, 4, 142),(1923, 4, 71),(1924, 4, 72),(1925, 4, 73),(1926, 4, 74),(1927, 4, 75),(1928, 4, 76),(1929, 4, 8),(1930, 4, 10),(1931, 4, 11),(1933, 4, 14),(1935, 4, 105),(1939, 4, 83),(1940, 4, 84),(1941, 4, 85),(1942, 4, 86),(1943, 4, 134),(1944, 4, 135),(1945, 4, 136),(1946, 4, 137),(1947, 4, 77),(1948, 4, 78),(1949, 4, 79),(1950, 4, 80),(1951, 4, 81),(1952, 4, 82),(1953, 4, 94),(1954, 4, 95),(1955, 4, 96),(1963, 4, 113),(1964, 4, 114),(1965, 4, 115),(1966, 4, 116),(1967, 4, 138),(1968, 4, 139),(1969, 4, 140),(1971, 4, 152),(1972, 4, 153),(1973, 4, 154),(1974, 4, 155),(1975, 4, 156),(1976, 4, 157),(1977, 4, 158),(1978, 4, 144),(1979, 4, 145),(1980, 4, 146),(1981, 4, 148),(1982, 4, 149),(1983, 4, 150),(1984, 4, 151),(1985, 4, 147),(1986, 4, 162),(1987, 4, 163),(1988, 4, 164),(1989, 4, 165),(1990, 4, 166),(1991, 4, 167),(1993, 4, 170),(1994, 4, 171),(1995, 4, 172),(1996, 4, 173),(1997, 4, 160),(1998, 3, 167),(1999, 3, 117),(2000, 3, 118),(2001, 3, 119),(2002, 3, 120),(2003, 3, 121),(2004, 3, 122),(2005, 3, 123),(2006, 3, 124),(2007, 3, 125),(2008, 3, 126),(2009, 3, 127),(2010, 3, 128),(2011, 3, 129),(2012, 3, 130),(2013, 3, 131),(2014, 3, 147),(2015, 4, 174),(2016, 4, 175),(2017, 4, 176),(2018, 4, 178),(2019, 4, 181),(2021, 4, 183),(2022, 4, 184),(2023, 4, 185),(2024, 4, 186),(2025, 4, 187),(2026, 4, 189),(2027, 4, 190),(2028, 4, 192),(2029, 4, 193),(2030, 4, 194);
UNLOCK TABLES;
COMMIT;
BEGIN;
LOCK TABLES `jqp`.`enterprise_user` WRITE;
DELETE FROM `jqp`.`enterprise_user`;
INSERT INTO `jqp`.`enterprise_user` (`id`,`enterprise_id`,`user_id`,`dept_id`) VALUES (1, 4, 3, 3),(2, 4, 2, 4);
UNLOCK TABLES;
COMMIT;
BEGIN;
LOCK TABLES `jqp`.`enterprise_user_position` WRITE;
DELETE FROM `jqp`.`enterprise_user_position`;
INSERT INTO `jqp`.`enterprise_user_position` (`id`,`enterprise_user_id`,`position_id`) VALUES (3, 2, 5);
UNLOCK TABLES;
COMMIT;
BEGIN;
LOCK TABLES `jqp`.`flow` WRITE;
DELETE FROM `jqp`.`flow`;
INSERT INTO `jqp`.`flow` (`id`,`code`,`name`,`last_version`,`graph_data`,`table_name`,`status_field`,`status_dic`,`extra_json`,`view_form`,`before_api`,`after_api`) VALUES (2, 'test', '测试', 7, '{\"nodes\":[{\"id\":\"Event_3lca3au\",\"type\":\"JqpStart\",\"x\":280,\"y\":140,\"properties\":{},\"text\":{\"x\":280,\"y\":180,\"value\":\"开始节点\"}},{\"id\":\"Activity_24q973h\",\"type\":\"JqpUserTask\",\"x\":500,\"y\":140,\"properties\":{\"status\":\"1,99\"},\"text\":{\"x\":500,\"y\":140,\"value\":\"开立/打回\"}},{\"id\":\"Activity_1ihlmff\",\"type\":\"JqpUserTask\",\"x\":820,\"y\":140,\"properties\":{\"status\":\"2\"},\"text\":{\"x\":820,\"y\":140,\"value\":\"设计师审核\"}},{\"id\":\"Event_30b3s0h\",\"type\":\"JqpEnd\",\"x\":820,\"y\":580,\"properties\":{},\"text\":{\"x\":820,\"y\":620,\"value\":\"结束节点\"}},{\"id\":\"Activity_15hgivg\",\"type\":\"JqpUserTask\",\"x\":580,\"y\":440,\"properties\":{\"status\":\"4\"},\"text\":{\"x\":580,\"y\":440,\"value\":\"总监审核\"}},{\"id\":\"Activity_2a0ei08\",\"type\":\"JqpUserTask\",\"x\":1060,\"y\":440,\"properties\":{\"status\":\"5\"},\"text\":{\"x\":1060,\"y\":440,\"value\":\"领导审核\"}},{\"id\":\"Gateway_24p4iit\",\"type\":\"JqpCondition\",\"x\":820,\"y\":300,\"properties\":{},\"text\":{\"x\":820,\"y\":340,\"value\":\"订单金额判断\"}}],\"edges\":[{\"id\":\"Flow_00fsrg4\",\"type\":\"JqpSequenceFlow\",\"sourceNodeId\":\"Event_3lca3au\",\"targetNodeId\":\"Activity_24q973h\",\"startPoint\":{\"x\":298,\"y\":140},\"endPoint\":{\"x\":450,\"y\":140},\"properties\":{},\"pointsList\":[{\"x\":298,\"y\":140},{\"x\":450,\"y\":140}]},{\"id\":\"Flow_1svfg7h\",\"type\":\"JqpSequenceFlow\",\"sourceNodeId\":\"Activity_24q973h\",\"targetNodeId\":\"Activity_1ihlmff\",\"startPoint\":{\"x\":550,\"y\":140},\"endPoint\":{\"x\":770,\"y\":140},\"properties\":{\"status\":\"2\",\"pass\":\"YES\"},\"text\":{\"x\":670,\"y\":140,\"value\":\"提交\"},\"pointsList\":[{\"x\":550,\"y\":140},{\"x\":770,\"y\":140}]},{\"id\":\"Flow_1ikbh5g\",\"type\":\"JqpSequenceFlow\",\"sourceNodeId\":\"Activity_1ihlmff\",\"targetNodeId\":\"Activity_24q973h\",\"startPoint\":{\"x\":820,\"y\":100},\"endPoint\":{\"x\":500,\"y\":100},\"properties\":{\"status\":\"99\",\"pass\":\"NO\"},\"text\":{\"x\":660,\"y\":39,\"value\":\"审核不通过\"},\"pointsList\":[{\"x\":820,\"y\":100},{\"x\":820,\"y\":39},{\"x\":500,\"y\":39},{\"x\":500,\"y\":100}]},{\"id\":\"Flow_0agl4en\",\"type\":\"JqpSequenceFlow\",\"sourceNodeId\":\"Activity_1ihlmff\",\"targetNodeId\":\"Gateway_24p4iit\",\"startPoint\":{\"x\":820,\"y\":180},\"endPoint\":{\"x\":820,\"y\":275},\"properties\":{\"pass\":\"YES\"},\"text\":{\"x\":820,\"y\":217,\"value\":\"审核通过\"},\"pointsList\":[{\"x\":820,\"y\":180},{\"x\":820,\"y\":275}]},{\"id\":\"Flow_0b0i4i2\",\"type\":\"JqpSequenceFlow\",\"sourceNodeId\":\"Gateway_24p4iit\",\"targetNodeId\":\"Activity_15hgivg\",\"startPoint\":{\"x\":795,\"y\":300},\"endPoint\":{\"x\":580,\"y\":400},\"properties\":{\"checkSeq\":\"1\",\"checkType\":\"expression\",\"checkConfig\":\"amount::float>=10\",\"status\":\"4\"},\"text\":{\"x\":645,\"y\":300,\"value\":\"金额大于等于10\"},\"pointsList\":[{\"x\":795,\"y\":300},{\"x\":580,\"y\":300},{\"x\":580,\"y\":400}]},{\"id\":\"Flow_224h3l1\",\"type\":\"JqpSequenceFlow\",\"sourceNodeId\":\"Gateway_24p4iit\",\"targetNodeId\":\"Activity_2a0ei08\",\"startPoint\":{\"x\":845,\"y\":300},\"endPoint\":{\"x\":1060,\"y\":400},\"properties\":{\"checkSeq\":\"2\",\"checkType\":\"expression\",\"checkConfig\":\"amount::float<10\",\"status\":\"5\"},\"text\":{\"x\":977,\"y\":300,\"value\":\"金额小于10\"},\"pointsList\":[{\"x\":845,\"y\":300},{\"x\":1060,\"y\":300},{\"x\":1060,\"y\":400}]},{\"id\":\"Flow_3mens8p\",\"type\":\"JqpSequenceFlow\",\"sourceNodeId\":\"Activity_15hgivg\",\"targetNodeId\":\"Activity_24q973h\",\"startPoint\":{\"x\":530,\"y\":440},\"endPoint\":{\"x\":500,\"y\":180},\"properties\":{\"status\":\"4\",\"pass\":\"NO\"},\"text\":{\"x\":500,\"y\":303,\"value\":\"审核不通过\"},\"pointsList\":[{\"x\":530,\"y\":440},{\"x\":500,\"y\":440},{\"x\":500,\"y\":180}]},{\"id\":\"Flow_3hk730g\",\"type\":\"JqpSequenceFlow\",\"sourceNodeId\":\"Activity_15hgivg\",\"targetNodeId\":\"Event_30b3s0h\",\"startPoint\":{\"x\":580,\"y\":480},\"endPoint\":{\"x\":802,\"y\":580},\"properties\":{\"pass\":\"YES\",\"status\":\"6\"},\"text\":{\"x\":613,\"y\":580,\"value\":\"审核通过\"},\"pointsList\":[{\"x\":580,\"y\":480},{\"x\":580,\"y\":580},{\"x\":802,\"y\":580}]},{\"id\":\"Flow_20rdot1\",\"type\":\"JqpSequenceFlow\",\"sourceNodeId\":\"Activity_2a0ei08\",\"targetNodeId\":\"Event_30b3s0h\",\"startPoint\":{\"x\":1060,\"y\":480},\"endPoint\":{\"x\":838,\"y\":580},\"properties\":{\"status\":\"6\",\"pass\":\"YES\"},\"text\":{\"x\":968,\"y\":580,\"value\":\"审核通过\"},\"pointsList\":[{\"x\":1060,\"y\":480},{\"x\":1060,\"y\":580},{\"x\":838,\"y\":580}]},{\"id\":\"Flow_0dt2utf\",\"type\":\"JqpSequenceFlow\",\"sourceNodeId\":\"Activity_2a0ei08\",\"targetNodeId\":\"Activity_24q973h\",\"startPoint\":{\"x\":1110,\"y\":440},\"endPoint\":{\"x\":500,\"y\":100},\"properties\":{\"status\":\"99\",\"pass\":\"NO\"},\"text\":{\"x\":861,\"y\":-65,\"value\":\"审核不通过\"},\"pointsList\":[{\"x\":1110,\"y\":440},{\"x\":1140,\"y\":440},{\"x\":1140,\"y\":-65},{\"x\":500,\"y\":-65},{\"x\":500,\"y\":100}]}]}', 'test_order', 'test_order_status', 'testOrderStatus', NULL, 'testOrderView', NULL, NULL);
UNLOCK TABLES;
COMMIT;
BEGIN;
LOCK TABLES `jqp`.`flow_deploy` WRITE;
DELETE FROM `jqp`.`flow_deploy`;
INSERT INTO `jqp`.`flow_deploy` (`id`,`code`,`name`,`version`,`graph_data`,`table_name`,`status_field`,`status_dic`,`extra_json`,`flow_id`,`view_form`,`before_api`,`after_api`) VALUES (4, 'test', '测试', 1, '{\"nodes\":[{\"id\":\"Event_3lca3au\",\"type\":\"JqpStart\",\"x\":380,\"y\":240,\"properties\":{},\"text\":{\"x\":380,\"y\":280,\"value\":\"开始节点\"}},{\"id\":\"Activity_24q973h\",\"type\":\"JqpUserTask\",\"x\":620,\"y\":240,\"properties\":{\"status\":\"1,4\"},\"text\":{\"x\":620,\"y\":240,\"value\":\"开立/打回\"}},{\"id\":\"Activity_1ihlmff\",\"type\":\"JqpUserTask\",\"x\":920,\"y\":240,\"properties\":{\"status\":\"2\"},\"text\":{\"x\":920,\"y\":240,\"value\":\"提交\"}},{\"id\":\"Event_30b3s0h\",\"type\":\"JqpEnd\",\"x\":1220,\"y\":240,\"properties\":{},\"text\":{\"x\":1220,\"y\":280,\"value\":\"结束节点\"}}],\"edges\":[{\"id\":\"Flow_00fsrg4\",\"type\":\"JqpSequenceFlow\",\"sourceNodeId\":\"Event_3lca3au\",\"targetNodeId\":\"Activity_24q973h\",\"startPoint\":{\"x\":398,\"y\":240},\"endPoint\":{\"x\":570,\"y\":240},\"properties\":{},\"pointsList\":[{\"x\":398,\"y\":240},{\"x\":570,\"y\":240}]},{\"id\":\"Flow_1svfg7h\",\"type\":\"JqpSequenceFlow\",\"sourceNodeId\":\"Activity_24q973h\",\"targetNodeId\":\"Activity_1ihlmff\",\"startPoint\":{\"x\":670,\"y\":240},\"endPoint\":{\"x\":870,\"y\":240},\"properties\":{\"status\":\"2\"},\"text\":{\"x\":779,\"y\":240,\"value\":\"提交\"},\"pointsList\":[{\"x\":670,\"y\":240},{\"x\":870,\"y\":240}]},{\"id\":\"Flow_2ffn81q\",\"type\":\"JqpSequenceFlow\",\"sourceNodeId\":\"Activity_1ihlmff\",\"targetNodeId\":\"Event_30b3s0h\",\"startPoint\":{\"x\":970,\"y\":240},\"endPoint\":{\"x\":1202,\"y\":240},\"properties\":{\"status\":\"3\"},\"text\":{\"x\":1069,\"y\":240,\"value\":\"审核通过\"},\"pointsList\":[{\"x\":970,\"y\":240},{\"x\":1202,\"y\":240}]},{\"id\":\"Flow_1ikbh5g\",\"type\":\"JqpSequenceFlow\",\"sourceNodeId\":\"Activity_1ihlmff\",\"targetNodeId\":\"Activity_24q973h\",\"startPoint\":{\"x\":920,\"y\":200},\"endPoint\":{\"x\":620,\"y\":200},\"properties\":{\"status\":\"4\"},\"text\":{\"x\":765,\"y\":170,\"value\":\"审核不通过\"},\"pointsList\":[{\"x\":920,\"y\":200},{\"x\":920,\"y\":170},{\"x\":620,\"y\":170},{\"x\":620,\"y\":200}]}]}', 'test_order', 'test_order_status', 'testOrderStatus', NULL, 2, 'testOrderView', NULL, NULL),(5, 'test', '测试', 2, '{\"nodes\":[{\"id\":\"Event_3lca3au\",\"type\":\"JqpStart\",\"x\":380,\"y\":240,\"properties\":{},\"text\":{\"x\":380,\"y\":280,\"value\":\"开始节点\"}},{\"id\":\"Activity_24q973h\",\"type\":\"JqpUserTask\",\"x\":620,\"y\":240,\"properties\":{\"status\":\"1,4\"},\"text\":{\"x\":620,\"y\":240,\"value\":\"开立/打回\"}},{\"id\":\"Activity_1ihlmff\",\"type\":\"JqpUserTask\",\"x\":920,\"y\":240,\"properties\":{\"status\":\"2\"},\"text\":{\"x\":920,\"y\":240,\"value\":\"提交\"}},{\"id\":\"Event_30b3s0h\",\"type\":\"JqpEnd\",\"x\":1220,\"y\":240,\"properties\":{},\"text\":{\"x\":1220,\"y\":280,\"value\":\"结束节点\"}}],\"edges\":[{\"id\":\"Flow_00fsrg4\",\"type\":\"JqpSequenceFlow\",\"sourceNodeId\":\"Event_3lca3au\",\"targetNodeId\":\"Activity_24q973h\",\"startPoint\":{\"x\":398,\"y\":240},\"endPoint\":{\"x\":570,\"y\":240},\"properties\":{},\"pointsList\":[{\"x\":398,\"y\":240},{\"x\":570,\"y\":240}]},{\"id\":\"Flow_1svfg7h\",\"type\":\"JqpSequenceFlow\",\"sourceNodeId\":\"Activity_24q973h\",\"targetNodeId\":\"Activity_1ihlmff\",\"startPoint\":{\"x\":670,\"y\":240},\"endPoint\":{\"x\":870,\"y\":240},\"properties\":{\"status\":\"2\",\"pass\":\"YES\"},\"text\":{\"x\":779,\"y\":240,\"value\":\"提交\"},\"pointsList\":[{\"x\":670,\"y\":240},{\"x\":870,\"y\":240}]},{\"id\":\"Flow_2ffn81q\",\"type\":\"JqpSequenceFlow\",\"sourceNodeId\":\"Activity_1ihlmff\",\"targetNodeId\":\"Event_30b3s0h\",\"startPoint\":{\"x\":970,\"y\":240},\"endPoint\":{\"x\":1202,\"y\":240},\"properties\":{\"status\":\"3\",\"pass\":\"YES\"},\"text\":{\"x\":1069,\"y\":240,\"value\":\"审核通过\"},\"pointsList\":[{\"x\":970,\"y\":240},{\"x\":1202,\"y\":240}]},{\"id\":\"Flow_1ikbh5g\",\"type\":\"JqpSequenceFlow\",\"sourceNodeId\":\"Activity_1ihlmff\",\"targetNodeId\":\"Activity_24q973h\",\"startPoint\":{\"x\":920,\"y\":200},\"endPoint\":{\"x\":620,\"y\":200},\"properties\":{\"status\":\"4\",\"pass\":\"NO\"},\"text\":{\"x\":765,\"y\":170,\"value\":\"审核不通过\"},\"pointsList\":[{\"x\":920,\"y\":200},{\"x\":920,\"y\":170},{\"x\":620,\"y\":170},{\"x\":620,\"y\":200}]}]}', 'test_order', 'test_order_status', 'testOrderStatus', NULL, 2, 'testOrderView', NULL, NULL),(6, 'test', '测试', 3, '{\"nodes\":[{\"id\":\"Event_3lca3au\",\"type\":\"JqpStart\",\"x\":380,\"y\":240,\"properties\":{},\"text\":{\"x\":380,\"y\":280,\"value\":\"开始节点\"}},{\"id\":\"Activity_24q973h\",\"type\":\"JqpUserTask\",\"x\":620,\"y\":240,\"properties\":{\"status\":\"1,3\"},\"text\":{\"x\":620,\"y\":240,\"value\":\"开立/打回\"}},{\"id\":\"Activity_1ihlmff\",\"type\":\"JqpUserTask\",\"x\":920,\"y\":240,\"properties\":{\"status\":\"2\"},\"text\":{\"x\":920,\"y\":240,\"value\":\"设计师审核\"}},{\"id\":\"Event_30b3s0h\",\"type\":\"JqpEnd\",\"x\":1220,\"y\":240,\"properties\":{},\"text\":{\"x\":1220,\"y\":280,\"value\":\"结束节点\"}}],\"edges\":[{\"id\":\"Flow_00fsrg4\",\"type\":\"JqpSequenceFlow\",\"sourceNodeId\":\"Event_3lca3au\",\"targetNodeId\":\"Activity_24q973h\",\"startPoint\":{\"x\":398,\"y\":240},\"endPoint\":{\"x\":570,\"y\":240},\"properties\":{},\"pointsList\":[{\"x\":398,\"y\":240},{\"x\":570,\"y\":240}]},{\"id\":\"Flow_1svfg7h\",\"type\":\"JqpSequenceFlow\",\"sourceNodeId\":\"Activity_24q973h\",\"targetNodeId\":\"Activity_1ihlmff\",\"startPoint\":{\"x\":670,\"y\":240},\"endPoint\":{\"x\":870,\"y\":240},\"properties\":{\"status\":\"2\",\"pass\":\"YES\"},\"text\":{\"x\":779,\"y\":240,\"value\":\"提交\"},\"pointsList\":[{\"x\":670,\"y\":240},{\"x\":870,\"y\":240}]},{\"id\":\"Flow_2ffn81q\",\"type\":\"JqpSequenceFlow\",\"sourceNodeId\":\"Activity_1ihlmff\",\"targetNodeId\":\"Event_30b3s0h\",\"startPoint\":{\"x\":970,\"y\":240},\"endPoint\":{\"x\":1202,\"y\":240},\"properties\":{\"status\":\"3\",\"pass\":\"YES\"},\"text\":{\"x\":1069,\"y\":240,\"value\":\"审核通过\"},\"pointsList\":[{\"x\":970,\"y\":240},{\"x\":1202,\"y\":240}]},{\"id\":\"Flow_1ikbh5g\",\"type\":\"JqpSequenceFlow\",\"sourceNodeId\":\"Activity_1ihlmff\",\"targetNodeId\":\"Activity_24q973h\",\"startPoint\":{\"x\":920,\"y\":200},\"endPoint\":{\"x\":620,\"y\":200},\"properties\":{\"status\":\"4\",\"pass\":\"NO\"},\"text\":{\"x\":765,\"y\":170,\"value\":\"审核不通过\"},\"pointsList\":[{\"x\":920,\"y\":200},{\"x\":920,\"y\":170},{\"x\":620,\"y\":170},{\"x\":620,\"y\":200}]}]}', 'test_order', 'test_order_status', 'testOrderStatus', NULL, 2, 'testOrderView', NULL, NULL),(7, 'test', '测试', 4, '{\"nodes\":[{\"id\":\"Event_3lca3au\",\"type\":\"JqpStart\",\"x\":380,\"y\":240,\"properties\":{},\"text\":{\"x\":380,\"y\":280,\"value\":\"开始节点\"}},{\"id\":\"Activity_24q973h\",\"type\":\"JqpUserTask\",\"x\":620,\"y\":240,\"properties\":{\"status\":\"1,4\"},\"text\":{\"x\":620,\"y\":240,\"value\":\"开立/打回\"}},{\"id\":\"Activity_1ihlmff\",\"type\":\"JqpUserTask\",\"x\":920,\"y\":240,\"properties\":{\"status\":\"2\"},\"text\":{\"x\":920,\"y\":240,\"value\":\"设计师审核\"}},{\"id\":\"Event_30b3s0h\",\"type\":\"JqpEnd\",\"x\":1220,\"y\":240,\"properties\":{},\"text\":{\"x\":1220,\"y\":280,\"value\":\"结束节点\"}}],\"edges\":[{\"id\":\"Flow_00fsrg4\",\"type\":\"JqpSequenceFlow\",\"sourceNodeId\":\"Event_3lca3au\",\"targetNodeId\":\"Activity_24q973h\",\"startPoint\":{\"x\":398,\"y\":240},\"endPoint\":{\"x\":570,\"y\":240},\"properties\":{},\"pointsList\":[{\"x\":398,\"y\":240},{\"x\":570,\"y\":240}]},{\"id\":\"Flow_1svfg7h\",\"type\":\"JqpSequenceFlow\",\"sourceNodeId\":\"Activity_24q973h\",\"targetNodeId\":\"Activity_1ihlmff\",\"startPoint\":{\"x\":670,\"y\":240},\"endPoint\":{\"x\":870,\"y\":240},\"properties\":{\"status\":\"2\",\"pass\":\"YES\"},\"text\":{\"x\":779,\"y\":240,\"value\":\"提交\"},\"pointsList\":[{\"x\":670,\"y\":240},{\"x\":870,\"y\":240}]},{\"id\":\"Flow_2ffn81q\",\"type\":\"JqpSequenceFlow\",\"sourceNodeId\":\"Activity_1ihlmff\",\"targetNodeId\":\"Event_30b3s0h\",\"startPoint\":{\"x\":970,\"y\":240},\"endPoint\":{\"x\":1202,\"y\":240},\"properties\":{\"status\":\"3\",\"pass\":\"YES\"},\"text\":{\"x\":1069,\"y\":240,\"value\":\"审核通过\"},\"pointsList\":[{\"x\":970,\"y\":240},{\"x\":1202,\"y\":240}]},{\"id\":\"Flow_1ikbh5g\",\"type\":\"JqpSequenceFlow\",\"sourceNodeId\":\"Activity_1ihlmff\",\"targetNodeId\":\"Activity_24q973h\",\"startPoint\":{\"x\":920,\"y\":200},\"endPoint\":{\"x\":620,\"y\":200},\"properties\":{\"status\":\"4\",\"pass\":\"NO\"},\"text\":{\"x\":765,\"y\":170,\"value\":\"审核不通过\"},\"pointsList\":[{\"x\":920,\"y\":200},{\"x\":920,\"y\":170},{\"x\":620,\"y\":170},{\"x\":620,\"y\":200}]}]}', 'test_order', 'test_order_status', 'testOrderStatus', NULL, 2, 'testOrderView', NULL, NULL),(8, 'test', '测试', 5, '{\"nodes\":[{\"id\":\"Event_3lca3au\",\"type\":\"JqpStart\",\"x\":280,\"y\":140,\"properties\":{},\"text\":{\"x\":280,\"y\":180,\"value\":\"开始节点\"}},{\"id\":\"Activity_24q973h\",\"type\":\"JqpUserTask\",\"x\":520,\"y\":140,\"properties\":{\"status\":\"1,4\"},\"text\":{\"x\":520,\"y\":140,\"value\":\"开立/打回\"}},{\"id\":\"Activity_1ihlmff\",\"type\":\"JqpUserTask\",\"x\":820,\"y\":140,\"properties\":{\"status\":\"2\"},\"text\":{\"x\":820,\"y\":140,\"value\":\"设计师审核\"}},{\"id\":\"Event_30b3s0h\",\"type\":\"JqpEnd\",\"x\":1120,\"y\":140,\"properties\":{},\"text\":{\"x\":1120,\"y\":180,\"value\":\"结束节点\"}}],\"edges\":[{\"id\":\"Flow_00fsrg4\",\"type\":\"JqpSequenceFlow\",\"sourceNodeId\":\"Event_3lca3au\",\"targetNodeId\":\"Activity_24q973h\",\"startPoint\":{\"x\":298,\"y\":140},\"endPoint\":{\"x\":470,\"y\":140},\"properties\":{},\"pointsList\":[{\"x\":298,\"y\":140},{\"x\":470,\"y\":140}]},{\"id\":\"Flow_1svfg7h\",\"type\":\"JqpSequenceFlow\",\"sourceNodeId\":\"Activity_24q973h\",\"targetNodeId\":\"Activity_1ihlmff\",\"startPoint\":{\"x\":570,\"y\":140},\"endPoint\":{\"x\":770,\"y\":140},\"properties\":{\"status\":\"2\",\"pass\":\"YES\"},\"text\":{\"x\":670,\"y\":140,\"value\":\"提交\"},\"pointsList\":[{\"x\":570,\"y\":140},{\"x\":770,\"y\":140}]},{\"id\":\"Flow_2ffn81q\",\"type\":\"JqpSequenceFlow\",\"sourceNodeId\":\"Activity_1ihlmff\",\"targetNodeId\":\"Event_30b3s0h\",\"startPoint\":{\"x\":870,\"y\":140},\"endPoint\":{\"x\":1102,\"y\":140},\"properties\":{\"status\":\"3\",\"pass\":\"YES\"},\"text\":{\"x\":1086,\"y\":140,\"value\":\"审核通过\"},\"pointsList\":[{\"x\":870,\"y\":140},{\"x\":1102,\"y\":140}]},{\"id\":\"Flow_1ikbh5g\",\"type\":\"JqpSequenceFlow\",\"sourceNodeId\":\"Activity_1ihlmff\",\"targetNodeId\":\"Activity_24q973h\",\"startPoint\":{\"x\":820,\"y\":100},\"endPoint\":{\"x\":520,\"y\":100},\"properties\":{\"status\":\"4\",\"pass\":\"NO\"},\"text\":{\"x\":765,\"y\":70,\"value\":\"审核不通过\"},\"pointsList\":[{\"x\":820,\"y\":100},{\"x\":820,\"y\":70},{\"x\":520,\"y\":70},{\"x\":520,\"y\":100}]}]}', 'test_order', 'test_order_status', 'testOrderStatus', NULL, 2, 'testOrderView', NULL, NULL),(9, 'test', '测试', 6, '{\"nodes\":[{\"id\":\"Event_3lca3au\",\"type\":\"JqpStart\",\"x\":280,\"y\":140,\"properties\":{},\"text\":{\"x\":280,\"y\":180,\"value\":\"开始节点\"}},{\"id\":\"Activity_24q973h\",\"type\":\"JqpUserTask\",\"x\":500,\"y\":140,\"properties\":{\"status\":\"1,99\"},\"text\":{\"x\":500,\"y\":140,\"value\":\"开立/打回\"}},{\"id\":\"Activity_1ihlmff\",\"type\":\"JqpUserTask\",\"x\":820,\"y\":140,\"properties\":{\"status\":\"2\"},\"text\":{\"x\":820,\"y\":140,\"value\":\"设计师审核\"}},{\"id\":\"Event_30b3s0h\",\"type\":\"JqpEnd\",\"x\":820,\"y\":580,\"properties\":{},\"text\":{\"x\":820,\"y\":620,\"value\":\"结束节点\"}},{\"id\":\"Activity_15hgivg\",\"type\":\"JqpUserTask\",\"x\":580,\"y\":440,\"properties\":{\"status\":\"4\"},\"text\":{\"x\":580,\"y\":440,\"value\":\"总监审核\"}},{\"id\":\"Activity_2a0ei08\",\"type\":\"JqpUserTask\",\"x\":1060,\"y\":440,\"properties\":{\"status\":\"5\"},\"text\":{\"x\":1060,\"y\":440,\"value\":\"领导审核\"}},{\"id\":\"Gateway_24p4iit\",\"type\":\"JqpCondition\",\"x\":820,\"y\":300,\"properties\":{},\"text\":{\"x\":820,\"y\":340,\"value\":\"订单金额判断\"}}],\"edges\":[{\"id\":\"Flow_00fsrg4\",\"type\":\"JqpSequenceFlow\",\"sourceNodeId\":\"Event_3lca3au\",\"targetNodeId\":\"Activity_24q973h\",\"startPoint\":{\"x\":298,\"y\":140},\"endPoint\":{\"x\":450,\"y\":140},\"properties\":{},\"pointsList\":[{\"x\":298,\"y\":140},{\"x\":450,\"y\":140}]},{\"id\":\"Flow_1svfg7h\",\"type\":\"JqpSequenceFlow\",\"sourceNodeId\":\"Activity_24q973h\",\"targetNodeId\":\"Activity_1ihlmff\",\"startPoint\":{\"x\":550,\"y\":140},\"endPoint\":{\"x\":770,\"y\":140},\"properties\":{\"status\":\"2\",\"pass\":\"YES\"},\"text\":{\"x\":670,\"y\":140,\"value\":\"提交\"},\"pointsList\":[{\"x\":550,\"y\":140},{\"x\":770,\"y\":140}]},{\"id\":\"Flow_1ikbh5g\",\"type\":\"JqpSequenceFlow\",\"sourceNodeId\":\"Activity_1ihlmff\",\"targetNodeId\":\"Activity_24q973h\",\"startPoint\":{\"x\":820,\"y\":100},\"endPoint\":{\"x\":500,\"y\":100},\"properties\":{\"status\":\"99\",\"pass\":\"NO\"},\"text\":{\"x\":660,\"y\":39,\"value\":\"审核不通过\"},\"pointsList\":[{\"x\":820,\"y\":100},{\"x\":820,\"y\":39},{\"x\":500,\"y\":39},{\"x\":500,\"y\":100}]},{\"id\":\"Flow_0agl4en\",\"type\":\"JqpSequenceFlow\",\"sourceNodeId\":\"Activity_1ihlmff\",\"targetNodeId\":\"Gateway_24p4iit\",\"startPoint\":{\"x\":820,\"y\":180},\"endPoint\":{\"x\":820,\"y\":275},\"properties\":{\"pass\":\"YES\"},\"text\":{\"x\":820,\"y\":217,\"value\":\"审核通过\"},\"pointsList\":[{\"x\":820,\"y\":180},{\"x\":820,\"y\":275}]},{\"id\":\"Flow_0b0i4i2\",\"type\":\"JqpSequenceFlow\",\"sourceNodeId\":\"Gateway_24p4iit\",\"targetNodeId\":\"Activity_15hgivg\",\"startPoint\":{\"x\":795,\"y\":300},\"endPoint\":{\"x\":580,\"y\":400},\"properties\":{\"checkSeq\":\"1\",\"checkType\":\"expression\",\"checkConfig\":\"amount>=10\",\"status\":\"4\"},\"text\":{\"x\":645,\"y\":300,\"value\":\"金额大于等于10\"},\"pointsList\":[{\"x\":795,\"y\":300},{\"x\":580,\"y\":300},{\"x\":580,\"y\":400}]},{\"id\":\"Flow_224h3l1\",\"type\":\"JqpSequenceFlow\",\"sourceNodeId\":\"Gateway_24p4iit\",\"targetNodeId\":\"Activity_2a0ei08\",\"startPoint\":{\"x\":845,\"y\":300},\"endPoint\":{\"x\":1060,\"y\":400},\"properties\":{\"checkSeq\":\"2\",\"checkType\":\"expression\",\"checkConfig\":\"amount<10\",\"status\":\"5\"},\"text\":{\"x\":977,\"y\":300,\"value\":\"金额小于10\"},\"pointsList\":[{\"x\":845,\"y\":300},{\"x\":1060,\"y\":300},{\"x\":1060,\"y\":400}]},{\"id\":\"Flow_3mens8p\",\"type\":\"JqpSequenceFlow\",\"sourceNodeId\":\"Activity_15hgivg\",\"targetNodeId\":\"Activity_24q973h\",\"startPoint\":{\"x\":530,\"y\":440},\"endPoint\":{\"x\":500,\"y\":180},\"properties\":{\"status\":\"4\",\"pass\":\"NO\"},\"text\":{\"x\":500,\"y\":303,\"value\":\"审核不通过\"},\"pointsList\":[{\"x\":530,\"y\":440},{\"x\":500,\"y\":440},{\"x\":500,\"y\":180}]},{\"id\":\"Flow_3hk730g\",\"type\":\"JqpSequenceFlow\",\"sourceNodeId\":\"Activity_15hgivg\",\"targetNodeId\":\"Event_30b3s0h\",\"startPoint\":{\"x\":580,\"y\":480},\"endPoint\":{\"x\":802,\"y\":580},\"properties\":{\"pass\":\"YES\",\"status\":\"6\"},\"text\":{\"x\":613,\"y\":580,\"value\":\"审核通过\"},\"pointsList\":[{\"x\":580,\"y\":480},{\"x\":580,\"y\":580},{\"x\":802,\"y\":580}]},{\"id\":\"Flow_20rdot1\",\"type\":\"JqpSequenceFlow\",\"sourceNodeId\":\"Activity_2a0ei08\",\"targetNodeId\":\"Event_30b3s0h\",\"startPoint\":{\"x\":1060,\"y\":480},\"endPoint\":{\"x\":838,\"y\":580},\"properties\":{\"status\":\"6\",\"pass\":\"YES\"},\"text\":{\"x\":968,\"y\":580,\"value\":\"审核通过\"},\"pointsList\":[{\"x\":1060,\"y\":480},{\"x\":1060,\"y\":580},{\"x\":838,\"y\":580}]},{\"id\":\"Flow_0dt2utf\",\"type\":\"JqpSequenceFlow\",\"sourceNodeId\":\"Activity_2a0ei08\",\"targetNodeId\":\"Activity_24q973h\",\"startPoint\":{\"x\":1110,\"y\":440},\"endPoint\":{\"x\":500,\"y\":100},\"properties\":{\"status\":\"99\",\"pass\":\"NO\"},\"text\":{\"x\":861,\"y\":-65,\"value\":\"审核不通过\"},\"pointsList\":[{\"x\":1110,\"y\":440},{\"x\":1140,\"y\":440},{\"x\":1140,\"y\":-65},{\"x\":500,\"y\":-65},{\"x\":500,\"y\":100}]}]}', 'test_order', 'test_order_status', 'testOrderStatus', NULL, 2, 'testOrderView', NULL, NULL),(10, 'test', '测试', 7, '{\"nodes\":[{\"id\":\"Event_3lca3au\",\"type\":\"JqpStart\",\"x\":280,\"y\":140,\"properties\":{},\"text\":{\"x\":280,\"y\":180,\"value\":\"开始节点\"}},{\"id\":\"Activity_24q973h\",\"type\":\"JqpUserTask\",\"x\":500,\"y\":140,\"properties\":{\"status\":\"1,99\"},\"text\":{\"x\":500,\"y\":140,\"value\":\"开立/打回\"}},{\"id\":\"Activity_1ihlmff\",\"type\":\"JqpUserTask\",\"x\":820,\"y\":140,\"properties\":{\"status\":\"2\"},\"text\":{\"x\":820,\"y\":140,\"value\":\"设计师审核\"}},{\"id\":\"Event_30b3s0h\",\"type\":\"JqpEnd\",\"x\":820,\"y\":580,\"properties\":{},\"text\":{\"x\":820,\"y\":620,\"value\":\"结束节点\"}},{\"id\":\"Activity_15hgivg\",\"type\":\"JqpUserTask\",\"x\":580,\"y\":440,\"properties\":{\"status\":\"4\"},\"text\":{\"x\":580,\"y\":440,\"value\":\"总监审核\"}},{\"id\":\"Activity_2a0ei08\",\"type\":\"JqpUserTask\",\"x\":1060,\"y\":440,\"properties\":{\"status\":\"5\"},\"text\":{\"x\":1060,\"y\":440,\"value\":\"领导审核\"}},{\"id\":\"Gateway_24p4iit\",\"type\":\"JqpCondition\",\"x\":820,\"y\":300,\"properties\":{},\"text\":{\"x\":820,\"y\":340,\"value\":\"订单金额判断\"}}],\"edges\":[{\"id\":\"Flow_00fsrg4\",\"type\":\"JqpSequenceFlow\",\"sourceNodeId\":\"Event_3lca3au\",\"targetNodeId\":\"Activity_24q973h\",\"startPoint\":{\"x\":298,\"y\":140},\"endPoint\":{\"x\":450,\"y\":140},\"properties\":{},\"pointsList\":[{\"x\":298,\"y\":140},{\"x\":450,\"y\":140}]},{\"id\":\"Flow_1svfg7h\",\"type\":\"JqpSequenceFlow\",\"sourceNodeId\":\"Activity_24q973h\",\"targetNodeId\":\"Activity_1ihlmff\",\"startPoint\":{\"x\":550,\"y\":140},\"endPoint\":{\"x\":770,\"y\":140},\"properties\":{\"status\":\"2\",\"pass\":\"YES\"},\"text\":{\"x\":670,\"y\":140,\"value\":\"提交\"},\"pointsList\":[{\"x\":550,\"y\":140},{\"x\":770,\"y\":140}]},{\"id\":\"Flow_1ikbh5g\",\"type\":\"JqpSequenceFlow\",\"sourceNodeId\":\"Activity_1ihlmff\",\"targetNodeId\":\"Activity_24q973h\",\"startPoint\":{\"x\":820,\"y\":100},\"endPoint\":{\"x\":500,\"y\":100},\"properties\":{\"status\":\"99\",\"pass\":\"NO\"},\"text\":{\"x\":660,\"y\":39,\"value\":\"审核不通过\"},\"pointsList\":[{\"x\":820,\"y\":100},{\"x\":820,\"y\":39},{\"x\":500,\"y\":39},{\"x\":500,\"y\":100}]},{\"id\":\"Flow_0agl4en\",\"type\":\"JqpSequenceFlow\",\"sourceNodeId\":\"Activity_1ihlmff\",\"targetNodeId\":\"Gateway_24p4iit\",\"startPoint\":{\"x\":820,\"y\":180},\"endPoint\":{\"x\":820,\"y\":275},\"properties\":{\"pass\":\"YES\"},\"text\":{\"x\":820,\"y\":217,\"value\":\"审核通过\"},\"pointsList\":[{\"x\":820,\"y\":180},{\"x\":820,\"y\":275}]},{\"id\":\"Flow_0b0i4i2\",\"type\":\"JqpSequenceFlow\",\"sourceNodeId\":\"Gateway_24p4iit\",\"targetNodeId\":\"Activity_15hgivg\",\"startPoint\":{\"x\":795,\"y\":300},\"endPoint\":{\"x\":580,\"y\":400},\"properties\":{\"checkSeq\":\"1\",\"checkType\":\"expression\",\"checkConfig\":\"amount::float>=10\",\"status\":\"4\"},\"text\":{\"x\":645,\"y\":300,\"value\":\"金额大于等于10\"},\"pointsList\":[{\"x\":795,\"y\":300},{\"x\":580,\"y\":300},{\"x\":580,\"y\":400}]},{\"id\":\"Flow_224h3l1\",\"type\":\"JqpSequenceFlow\",\"sourceNodeId\":\"Gateway_24p4iit\",\"targetNodeId\":\"Activity_2a0ei08\",\"startPoint\":{\"x\":845,\"y\":300},\"endPoint\":{\"x\":1060,\"y\":400},\"properties\":{\"checkSeq\":\"2\",\"checkType\":\"expression\",\"checkConfig\":\"amount::float<10\",\"status\":\"5\"},\"text\":{\"x\":977,\"y\":300,\"value\":\"金额小于10\"},\"pointsList\":[{\"x\":845,\"y\":300},{\"x\":1060,\"y\":300},{\"x\":1060,\"y\":400}]},{\"id\":\"Flow_3mens8p\",\"type\":\"JqpSequenceFlow\",\"sourceNodeId\":\"Activity_15hgivg\",\"targetNodeId\":\"Activity_24q973h\",\"startPoint\":{\"x\":530,\"y\":440},\"endPoint\":{\"x\":500,\"y\":180},\"properties\":{\"status\":\"4\",\"pass\":\"NO\"},\"text\":{\"x\":500,\"y\":303,\"value\":\"审核不通过\"},\"pointsList\":[{\"x\":530,\"y\":440},{\"x\":500,\"y\":440},{\"x\":500,\"y\":180}]},{\"id\":\"Flow_3hk730g\",\"type\":\"JqpSequenceFlow\",\"sourceNodeId\":\"Activity_15hgivg\",\"targetNodeId\":\"Event_30b3s0h\",\"startPoint\":{\"x\":580,\"y\":480},\"endPoint\":{\"x\":802,\"y\":580},\"properties\":{\"pass\":\"YES\",\"status\":\"6\"},\"text\":{\"x\":613,\"y\":580,\"value\":\"审核通过\"},\"pointsList\":[{\"x\":580,\"y\":480},{\"x\":580,\"y\":580},{\"x\":802,\"y\":580}]},{\"id\":\"Flow_20rdot1\",\"type\":\"JqpSequenceFlow\",\"sourceNodeId\":\"Activity_2a0ei08\",\"targetNodeId\":\"Event_30b3s0h\",\"startPoint\":{\"x\":1060,\"y\":480},\"endPoint\":{\"x\":838,\"y\":580},\"properties\":{\"status\":\"6\",\"pass\":\"YES\"},\"text\":{\"x\":968,\"y\":580,\"value\":\"审核通过\"},\"pointsList\":[{\"x\":1060,\"y\":480},{\"x\":1060,\"y\":580},{\"x\":838,\"y\":580}]},{\"id\":\"Flow_0dt2utf\",\"type\":\"JqpSequenceFlow\",\"sourceNodeId\":\"Activity_2a0ei08\",\"targetNodeId\":\"Activity_24q973h\",\"startPoint\":{\"x\":1110,\"y\":440},\"endPoint\":{\"x\":500,\"y\":100},\"properties\":{\"status\":\"99\",\"pass\":\"NO\"},\"text\":{\"x\":861,\"y\":-65,\"value\":\"审核不通过\"},\"pointsList\":[{\"x\":1110,\"y\":440},{\"x\":1140,\"y\":440},{\"x\":1140,\"y\":-65},{\"x\":500,\"y\":-65},{\"x\":500,\"y\":100}]}]}', 'test_order', 'test_order_status', 'testOrderStatus', NULL, 2, 'testOrderView', NULL, NULL);
UNLOCK TABLES;
COMMIT;
BEGIN;
LOCK TABLES `jqp`.`flow_instance` WRITE;
DELETE FROM `jqp`.`flow_instance`;
INSERT INTO `jqp`.`flow_instance` (`id`,`flow_deploy_id`,`flow_id`,`ref_id`,`name`,`start_time`,`end_time`,`current_task_id`,`flow_code`,`flow_name`,`create_user_id`,`create_user_name`,`enterprise_id`,`view_form`,`current_task_name`) VALUES (2, 5, 2, 8, '测试订单-S20230511000001', '2023-05-11 16:29:39', NULL, 'Activity_1ihlmff', 'test', '测试', 1, '管理员', 4, 'testOrderView', NULL),(3, 5, 2, 9, '测试订单-S20230512000001', '2023-05-12 09:40:51', '2023-05-12 15:48:58', 'Activity_1ihlmff', 'test', '测试', 1, '管理员', 4, 'testOrderView', '提交'),(4, 6, 2, 10, '测试订单-S20230512000002', '2023-05-12 15:51:29', NULL, 'Activity_1ihlmff', 'test', '测试', 1, '管理员', 4, 'testOrderView', '设计师审核'),(5, 6, 2, 11, '测试订单-S20230512000003', '2023-05-12 16:11:52', NULL, 'Activity_1ihlmff', 'test', '测试', 1, '管理员', 4, 'testOrderView', '设计师审核'),(6, 6, 2, 12, '测试订单-S20230512000004', '2023-05-12 16:14:09', NULL, 'Activity_24q973h', 'test', '测试', 1, '管理员', 4, 'testOrderView', '设计师审核'),(7, 6, 2, 13, '测试订单-S20230512000005', '2023-05-12 16:16:11', NULL, 'Activity_24q973h', 'test', '测试', 1, '管理员', 4, 'testOrderView', '设计师审核'),(8, 7, 2, 14, '测试订单-S20230512000006', '2023-05-12 16:24:29', '2023-05-12 16:25:15', 'Event_30b3s0h', 'test', '测试', 1, '管理员', 4, 'testOrderView', '设计师审核'),(9, 8, 2, 15, '测试订单-S20230512000007', '2023-05-12 16:53:52', '2023-05-15 10:20:59', 'Event_30b3s0h', 'test', '测试', 1, '管理员', 4, 'testOrderView', '设计师审核'),(10, 8, 2, 16, '测试订单-S20230515000002', '2023-05-15 15:12:48', NULL, 'Activity_1ihlmff', 'test', '测试', 1, '管理员', 4, 'testOrderView', '设计师审核'),(11, 9, 2, 17, '测试订单-S20230515000003', '2023-05-15 15:14:19', NULL, 'Activity_1ihlmff', 'test', '测试', 1, '管理员', 4, 'testOrderView', '设计师审核'),(12, 10, 2, 18, '测试订单-S20230515000004', '2023-05-15 15:24:19', NULL, 'Activity_2a0ei08', 'test', '测试', 1, '管理员', 4, 'testOrderView', '领导审核'),(13, 10, 2, 19, '测试订单-S20230515000005', '2023-05-15 16:33:08', NULL, 'Activity_15hgivg', 'test', '测试', 1, '管理员', 4, 'testOrderView', '总监审核');
UNLOCK TABLES;
COMMIT;
BEGIN;
LOCK TABLES `jqp`.`flow_instance_task` WRITE;
DELETE FROM `jqp`.`flow_instance_task`;
INSERT INTO `jqp`.`flow_instance_task` (`id`,`flow_instance_id`,`task_name`,`task_id`,`start_time`,`end_time`,`edge_id`,`edge_name`,`candidate_user_ids`,`candidate_position_codes`,`audit_user_id`,`audit_user_name`,`order_status`,`order_status_name`,`order_status_dic`,`table_name`,`ref_id`,`flow_code`,`flow_name`,`flow_instance_name`,`audit_remark`,`audit_files`,`audit_imgs`,`enterprise_id`,`view_form`,`pass`,`create_user_id`,`create_user_name`) VALUES (3, 2, '开立/打回', 'Activity_24q973h', '2023-05-11 16:29:39', '2023-05-11 16:29:39', 'Flow_1svfg7h', '提交', NULL, NULL, 1, '管理员', '1', '开立', 'testOrderStatus', 'test_order', 8, 'test', '测试', '测试订单-S20230511000001', NULL, NULL, NULL, 4, 'testOrderView', 'YES', 1, '管理员'),(4, 2, '提交', 'Activity_1ihlmff', '2023-05-11 16:29:39', NULL, NULL, NULL, NULL, NULL, NULL, NULL, NULL, NULL, 'testOrderStatus', 'test_order', 8, 'test', '测试', '测试订单-S20230511000001', NULL, NULL, NULL, 4, 'testOrderView', NULL, 1, '管理员'),(5, 3, '开立/打回', 'Activity_24q973h', '2023-05-12 09:40:51', '2023-05-12 09:40:51', 'Flow_1svfg7h', '提交', NULL, NULL, 1, '管理员', '1', '开立', 'testOrderStatus', 'test_order', 9, 'test', '测试', '测试订单-S20230512000001', NULL, NULL, NULL, 4, 'testOrderView', 'YES', 1, '管理员'),(6, 3, '提交', 'Activity_1ihlmff', '2023-05-12 09:40:51', NULL, NULL, NULL, NULL, NULL, NULL, NULL, NULL, NULL, 'testOrderStatus', 'test_order', 9, 'test', '测试', '测试订单-S20230512000001', NULL, NULL, NULL, 4, 'testOrderView', NULL, 1, '管理员'),(7, 4, '开立/打回', 'Activity_24q973h', '2023-05-12 15:51:29', '2023-05-12 15:51:29', 'Flow_1svfg7h', '提交', NULL, NULL, 1, '管理员', '1', '开立', 'testOrderStatus', 'test_order', 10, 'test', '测试', '测试订单-S20230512000002', NULL, NULL, NULL, 4, 'testOrderView', 'YES', 1, '管理员'),(8, 4, '设计师审核', 'Activity_1ihlmff', '2023-05-12 15:51:30', '2023-05-12 15:52:02', 'Flow_1ikbh5g', '审核不通过', NULL, NULL, 1, '管理员', '4', '打回', 'testOrderStatus', 'test_order', 10, 'test', '测试', '测试订单-S20230512000002', '111', NULL, NULL, 4, 'testOrderView', 'NO', 1, '管理员'),(9, 4, '开立/打回', 'Activity_1ihlmff', '2023-05-12 15:52:02', NULL, NULL, NULL, NULL, NULL, NULL, NULL, NULL, NULL, 'testOrderStatus', 'test_order', 8, 'test', '测试', '测试订单-S20230512000002', NULL, NULL, NULL, 4, 'testOrderView', NULL, 1, '管理员'),(10, 5, '开立/打回', 'Activity_24q973h', '2023-05-12 16:11:52', '2023-05-12 16:11:52', 'Flow_1svfg7h', '提交', NULL, NULL, 1, '管理员', '1', '开立', 'testOrderStatus', 'test_order', 11, 'test', '测试', '测试订单-S20230512000003', NULL, NULL, NULL, 4, 'testOrderView', 'YES', 1, '管理员'),(11, 5, '设计师审核', 'Activity_1ihlmff', '2023-05-12 16:11:52', '2023-05-12 16:12:32', 'Flow_1ikbh5g', '审核不通过', NULL, NULL, 1, '管理员', '4', '打回', 'testOrderStatus', 'test_order', 11, 'test', '测试', '测试订单-S20230512000003', '12323', NULL, NULL, 4, 'testOrderView', 'NO', 1, '管理员'),(12, 5, '开立/打回', 'Activity_1ihlmff', '2023-05-12 16:12:32', NULL, NULL, NULL, NULL, NULL, NULL, NULL, NULL, NULL, 'testOrderStatus', 'test_order', 11, 'test', '测试', '测试订单-S20230512000003', NULL, NULL, NULL, 4, 'testOrderView', NULL, 1, '管理员'),(13, 6, '开立/打回', 'Activity_24q973h', '2023-05-12 16:14:09', '2023-05-12 16:14:09', 'Flow_1svfg7h', '提交', NULL, NULL, 1, '管理员', '1', '开立', 'testOrderStatus', 'test_order', 12, 'test', '测试', '测试订单-S20230512000004', NULL, NULL, NULL, 4, 'testOrderView', 'YES', 1, '管理员'),(14, 6, '设计师审核', 'Activity_1ihlmff', '2023-05-12 16:14:09', '2023-05-12 16:14:26', 'Flow_1ikbh5g', '审核不通过', NULL, NULL, 1, '管理员', '4', '打回', 'testOrderStatus', 'test_order', 12, 'test', '测试', '测试订单-S20230512000004', '11', NULL, NULL, 4, 'testOrderView', 'NO', 1, '管理员'),(15, 6, '开立/打回', 'Activity_24q973h', '2023-05-12 16:14:26', NULL, NULL, NULL, NULL, NULL, NULL, NULL, NULL, NULL, 'testOrderStatus', 'test_order', 14, 'test', '测试', '测试订单-S20230512000004', NULL, NULL, NULL, 4, 'testOrderView', NULL, 1, '管理员'),(16, 7, '开立/打回', 'Activity_24q973h', '2023-05-12 16:16:11', '2023-05-12 16:16:11', 'Flow_1svfg7h', '提交', NULL, NULL, 1, '管理员', '1', '开立', 'testOrderStatus', 'test_order', 13, 'test', '测试', '测试订单-S20230512000005', NULL, NULL, NULL, 4, 'testOrderView', 'YES', 1, '管理员'),(17, 7, '设计师审核', 'Activity_1ihlmff', '2023-05-12 16:16:11', '2023-05-12 16:19:46', 'Flow_1ikbh5g', '审核不通过', NULL, NULL, 1, '管理员', '4', '打回', 'testOrderStatus', 'test_order', 13, 'test', '测试', '测试订单-S20230512000005', '123213', NULL, NULL, 4, 'testOrderView', 'NO', 1, '管理员'),(18, 7, '开立/打回', 'Activity_24q973h', '2023-05-12 16:20:19', NULL, NULL, NULL, NULL, NULL, NULL, NULL, NULL, NULL, 'testOrderStatus', 'test_order', 17, 'test', '测试', '测试订单-S20230512000005', NULL, NULL, NULL, 4, 'testOrderView', NULL, 1, '管理员'),(19, 8, '开立/打回', 'Activity_24q973h', '2023-05-12 16:24:29', '2023-05-12 16:24:29', 'Flow_1svfg7h', '提交', NULL, NULL, 1, '管理员', '1', '开立', 'testOrderStatus', 'test_order', 14, 'test', '测试', '测试订单-S20230512000006', NULL, NULL, NULL, 4, 'testOrderView', 'YES', 1, '管理员'),(20, 8, '设计师审核', 'Activity_1ihlmff', '2023-05-12 16:24:29', '2023-05-12 16:24:58', 'Flow_1ikbh5g', '审核不通过', NULL, NULL, 1, '管理员', '4', '打回', 'testOrderStatus', 'test_order', 14, 'test', '测试', '测试订单-S20230512000006', '111', NULL, NULL, 4, 'testOrderView', 'NO', 1, '管理员'),(21, 8, '开立/打回', 'Activity_24q973h', '2023-05-12 16:24:58', '2023-05-12 16:25:05', 'Flow_1svfg7h', '提交', NULL, NULL, 1, '管理员', '2', '提交', 'testOrderStatus', 'test_order', 20, 'test', '测试', '测试订单-S20230512000006', NULL, NULL, NULL, 4, 'testOrderView', 'YES', 1, '管理员'),(22, 8, '设计师审核', 'Activity_1ihlmff', '2023-05-12 16:25:05', '2023-05-12 16:25:15', 'Flow_2ffn81q', '审核通过', NULL, NULL, 1, '管理员', '3', '审核通过', 'testOrderStatus', 'test_order', 21, 'test', '测试', '测试订单-S20230512000006', NULL, NULL, NULL, 4, 'testOrderView', 'YES', 1, '管理员'),(23, 9, '开立/打回', 'Activity_24q973h', '2023-05-12 16:53:52', '2023-05-12 16:53:52', 'Flow_1svfg7h', '提交', NULL, NULL, 1, '管理员', '1', '开立', 'testOrderStatus', 'test_order', 15, 'test', '测试', '测试订单-S20230512000007', NULL, NULL, NULL, 4, 'testOrderView', 'YES', 1, '管理员'),(24, 9, '设计师审核', 'Activity_1ihlmff', '2023-05-12 16:53:52', '2023-05-15 10:20:58', 'Flow_2ffn81q', '审核通过', NULL, NULL, 1, '管理员', '3', '审核通过', 'testOrderStatus', 'test_order', 15, 'test', '测试', '测试订单-S20230512000007', NULL, NULL, NULL, 4, 'testOrderView', 'YES', 1, '管理员'),(25, 10, '开立/打回', 'Activity_24q973h', '2023-05-15 15:12:49', '2023-05-15 15:12:49', 'Flow_1svfg7h', '提交', NULL, NULL, 1, '管理员', '1', '开立', 'testOrderStatus', 'test_order', 16, 'test', '测试', '测试订单-S20230515000002', NULL, NULL, NULL, 4, 'testOrderView', 'YES', 1, '管理员'),(26, 10, '设计师审核', 'Activity_1ihlmff', '2023-05-15 15:12:49', NULL, NULL, NULL, NULL, NULL, NULL, NULL, NULL, NULL, 'testOrderStatus', 'test_order', 16, 'test', '测试', '测试订单-S20230515000002', NULL, NULL, NULL, 4, 'testOrderView', NULL, 1, '管理员'),(27, 11, '开立/打回', 'Activity_24q973h', '2023-05-15 15:14:19', '2023-05-15 15:14:19', 'Flow_1svfg7h', '提交', NULL, NULL, 1, '管理员', '1', '开立', 'testOrderStatus', 'test_order', 17, 'test', '测试', '测试订单-S20230515000003', NULL, NULL, NULL, 4, 'testOrderView', 'YES', 1, '管理员'),(28, 11, '设计师审核', 'Activity_1ihlmff', '2023-05-15 15:14:19', NULL, NULL, NULL, NULL, NULL, NULL, NULL, NULL, NULL, 'testOrderStatus', 'test_order', 17, 'test', '测试', '测试订单-S20230515000003', NULL, NULL, NULL, 4, 'testOrderView', NULL, 1, '管理员'),(35, 12, '开立/打回', 'Activity_24q973h', '2023-05-15 15:24:19', '2023-05-15 15:24:19', 'Flow_1svfg7h', '提交', NULL, NULL, 1, '管理员', '1', '开立', 'testOrderStatus', 'test_order', 18, 'test', '测试', '测试订单-S20230515000004', NULL, NULL, NULL, 4, 'testOrderView', 'YES', 1, '管理员'),(36, 12, '设计师审核', 'Activity_1ihlmff', '2023-05-15 15:24:19', '2023-05-15 15:24:35', 'Flow_0agl4en', '审核通过', NULL, NULL, 1, '管理员', NULL, NULL, 'testOrderStatus', 'test_order', 18, 'test', '测试', '测试订单-S20230515000004', NULL, NULL, NULL, 4, 'testOrderView', 'YES', 1, '管理员'),(37, 12, '订单金额判断', 'Activity_1ihlmff', '2023-05-15 15:24:35', '2023-05-15 15:24:35', 'Flow_224h3l1', '金额小于10', NULL, NULL, 1, '管理员', '5', '领导审核', 'testOrderStatus', 'test_order', 36, 'test', '测试', '测试订单-S20230515000004', NULL, NULL, NULL, 4, 'testOrderView', 'YES', 1, '管理员'),(38, 12, '领导审核', 'Activity_1ihlmff', '2023-05-15 15:24:35', NULL, NULL, NULL, NULL, NULL, NULL, NULL, NULL, NULL, 'testOrderStatus', 'test_order', 36, 'test', '测试', '测试订单-S20230515000004', NULL, NULL, NULL, 4, 'testOrderView', NULL, 1, '管理员'),(39, 13, '开立/打回', 'Activity_24q973h', '2023-05-15 16:33:08', '2023-05-15 16:33:09', 'Flow_1svfg7h', '提交', NULL, NULL, 1, '管理员', '2', '设计师审核', 'testOrderStatus', 'test_order', 19, 'test', '测试', '测试订单-S20230515000005', NULL, NULL, NULL, 4, 'testOrderView', 'YES', 1, '管理员'),(40, 13, '设计师审核', 'Activity_1ihlmff', '2023-05-15 16:33:09', '2023-05-15 16:34:04', 'Flow_1ikbh5g', '审核不通过', NULL, NULL, 1, '管理员', '99', '打回', 'testOrderStatus', 'test_order', 39, 'test', '测试', '测试订单-S20230515000005', '112测试不通过', '/admin/download/50/dd.jpeg', '/admin/download/49/dd.jpeg', 4, 'testOrderView', 'NO', 1, '管理员'),(41, 13, '开立/打回', 'Activity_24q973h', '2023-05-15 16:34:04', '2023-05-15 16:36:12', 'Flow_1svfg7h', '提交', NULL, NULL, 1, '管理员', '2', '设计师审核', 'testOrderStatus', 'test_order', 40, 'test', '测试', '测试订单-S20230515000005', NULL, NULL, NULL, 4, 'testOrderView', 'YES', 1, '管理员'),(42, 13, '设计师审核', 'Activity_1ihlmff', '2023-05-15 16:36:12', '2023-05-15 16:36:34', 'Flow_0agl4en', '审核通过', NULL, NULL, 1, '管理员', NULL, NULL, 'testOrderStatus', 'test_order', 41, 'test', '测试', '测试订单-S20230515000005', NULL, NULL, NULL, 4, 'testOrderView', 'YES', 1, '管理员'),(43, 13, '订单金额判断', 'Gateway_24p4iit', '2023-05-15 16:36:34', '2023-05-15 16:36:34', 'Flow_0b0i4i2', '金额大于等于10', NULL, NULL, 1, '管理员', '4', '总监审核', 'testOrderStatus', 'test_order', 42, 'test', '测试', '测试订单-S20230515000005', NULL, NULL, NULL, 4, 'testOrderView', 'YES', 1, '管理员'),(44, 13, '总监审核', 'Activity_15hgivg', '2023-05-15 16:36:34', NULL, NULL, NULL, NULL, NULL, NULL, NULL, NULL, NULL, 'testOrderStatus', 'test_order', 42, 'test', '测试', '测试订单-S20230515000005', NULL, NULL, NULL, 4, 'testOrderView', NULL, 1, '管理员');
UNLOCK TABLES;
COMMIT;
BEGIN;
LOCK TABLES `jqp`.`form` WRITE;
DELETE FROM `jqp`.`form`;
INSERT INTO `jqp`.`form` (`id`,`code`,`name`,`table_name`,`init_api`,`api`,`size`,`field_width`,`disabled`,`init_sql`,`before_api`,`after_api`,`form_event`,`form_type`,`custom_form`,`extra_json`) VALUES (1, 'test', '测试', 'test', NULL, NULL, 'lg', 6, 'NO', '', '', '', NULL, 'form', NULL, NULL),(2, 'dicForm', '数据字典', 'dic', NULL, NULL, 'lg', 12, 'NO', '', '', '', NULL, NULL, NULL, NULL),(3, 'dicItemForm', '字典明细表单', 'dic_item', NULL, NULL, 'default', 12, '0', '', '', '', NULL, NULL, NULL, NULL),(5, 'sysMenuForm', '菜单表单', 'sys_menu', NULL, NULL, 'default', 12, '0', '', '', '', NULL, NULL, NULL, NULL),(6, 'dicFormView', '数据字典查看', 'dic', NULL, NULL, 'full', 12, 'YES', '', '', '', NULL, NULL, NULL, NULL),(9, 'configForm', '系统配置', 'config', NULL, NULL, 'xl', 12, 'NO', NULL, NULL, NULL, NULL, NULL, NULL, NULL),(10, 'user', '用户表单', 'user', NULL, 'post:/admin/user/user/save', 'default', 12, 'NO', '', '', '', NULL, NULL, NULL, NULL),(11, 'serialNumber', '序号表单', 'serial_number', NULL, NULL, 'default', 12, 'NO', NULL, NULL, NULL, NULL, NULL, NULL, NULL),(12, 'enterprise', '企业表单', 'enterprise', NULL, NULL, 'xl', 12, 'NO', NULL, NULL, NULL, NULL, NULL, NULL, NULL),(13, 'enterpriseManager', '企业负责人表单', 'enterprise_manager', 'post:/admin/common/enterpriseManager/getRelationIds/enterpriseId/userId/${enterpriseId}', 'post:/admin/common/enterpriseManager/addRelation/enterpriseId/userId', 'xl', 12, 'NO', '', '', '', NULL, NULL, NULL, NULL),(14, 'enterpriseMenu', '企业菜单', '', 'post:/admin/common/enterpriseMenu/getRelationIds/enterpriseId/menuId/${id}', 'post:/admin/common/enterpriseMenu/reSaveRelation/enterpriseId/menuId', 'lg', 12, 'NO', NULL, NULL, NULL, NULL, NULL, NULL, NULL),(15, 'position', '岗位表单', 'position', NULL, NULL, 'default', 12, 'NO', '', NULL, NULL, NULL, NULL, NULL, NULL),(16, 'positionFixed', '固定岗位表单', 'position', NULL, NULL, 'default', 12, 'NO', '', NULL, NULL, NULL, NULL, NULL, NULL),(17, 'positionMenu', '岗位菜单', '', 'post:/admin/common/positionMenu/getRelationIdsForEnterprise/positionId/menuId/${id}', 'post:/admin/common/positionMenu/reSaveRelationForEnterprise/positionId/menuId', 'lg', 12, 'NO', NULL, NULL, NULL, NULL, NULL, NULL, NULL),(18, 'dept', '部门表单', 'dept', NULL, NULL, 'xl', 6, 'NO', '', '', '', NULL, NULL, NULL, NULL),(19, 'enterpriseUser', '企业用户表单', 'enterprise_user', NULL, 'post:/admin/user/saveEnterpriseUser', 'full', 12, 'NO', '-- 查询用户\r\nselect\r\n	eu.id, -- 主键\r\n	u.user_code, -- 用户编号\r\n	u.name, -- 姓名\r\n	u.mobile, -- 手机号\r\n	u.avatar, -- 头像\r\n	u.user_type, -- 用户类型\r\n	u.user_status, -- 用户状态\r\n	u.other_files, -- 附件列表\r\n    eu.dept_id -- 部门id\r\nfrom enterprise_user eu\r\nleft join user u on u.id = eu.user_id \r\nwhere eu.id = $id', '', '', NULL, 'form', NULL, NULL),(20, 'enterpriseUserPosition', '企业用户岗位表单', 'enterprise_user_position', 'post:/admin/common/enterpriseUserPosition/getRelationIds/enterpriseUserId/positionId/${enterpriseUserId}', 'post:/admin/common/enterpriseUserPosition/addRelation/enterpriseUserId/positionId', 'xl', 12, 'NO', '', '', '', NULL, NULL, NULL, NULL),(21, 'otherEnterpriseUser', '添加其他企业用户', 'enterprise_user', 'post:/admin/common/enterpriseUser/getRelationIds/enterpriseId/userId/${enterpriseId}', 'post:/admin/common/enterpriseUser/addRelation/enterpriseId/userId', 'xl', 12, 'NO', '', '', '', NULL, NULL, NULL, NULL),(22, 'deptManager', '部门负责人', 'dept_manager', 'post:/admin/common/deptManager/getRelationIds/deptId/enterpriseUserId/${deptId}', 'post:/admin/common/deptManager/addRelation/deptId/enterpriseUserId', 'xl', 12, 'NO', '', '', '', NULL, NULL, NULL, NULL),(23, 'permission', '权限表单', 'permission', NULL, NULL, 'default', 12, 'NO', '', NULL, NULL, NULL, NULL, NULL, NULL),(24, 'customerSource', '客户来源表单', 'customer_source', NULL, NULL, 'default', 12, 'NO', '', '', '', NULL, NULL, NULL, NULL),(25, 'customer', '客户表单', 'customer', NULL, NULL, 'default', 12, 'NO', '', '', '', NULL, NULL, NULL, NULL),(28, 'customerManagerAudit', '客户主管审核表单', NULL, NULL, '', 'default', 12, 'NO', '', '', '', NULL, NULL, NULL, NULL),(30, 'customerManagerAuditView', '客户主管审核', 'customer', NULL, NULL, 'default', 12, 'YES', '', '', '', NULL, NULL, NULL, NULL),(31, 'customerFinanceAudit', '客户财务审核表单', NULL, NULL, '', 'default', 12, 'NO', '', '', '', NULL, NULL, NULL, NULL),(32, 'timerTask', '定时任务表单', 'timer_task', NULL, NULL, 'default', 12, 'NO', '', '', '', 'timerTaskFormEvent', NULL, NULL, NULL),(35, 'menuUrl', '菜单url表单', 'menu_url', NULL, NULL, 'default', 12, 'NO', '', '', '', NULL, NULL, NULL, NULL),(36, 'menuUrlAll', '全部url表单', 'menu_url', NULL, NULL, 'default', 12, 'NO', '', '', '', NULL, NULL, NULL, NULL),(37, 'logTable', '记录日志的表表单', 'log_table', NULL, NULL, 'lg', 12, 'NO', '', '', '', NULL, NULL, NULL, NULL),(38, 'activity', '流程表单', NULL, 'get:/admin/models/get?id=${id}', 'post:/admin/models/save', 'lg', NULL, 'NO', '', '', '', NULL, NULL, NULL, NULL),(39, 'deploymentMeta', '部署元数据', NULL, 'get:/admin/models/getDeploymentMeta/${deploymentId}', NULL, 'lg', NULL, 'YES', '', '', '', NULL, NULL, NULL, NULL),(40, 'testOrder', '测试订单表单', 'test_order', NULL, NULL, 'default', 12, 'NO', '', '', '', NULL, NULL, NULL, NULL),(41, 'testOrderView', '测试订单查看', 'test_order', NULL, NULL, 'default', NULL, 'NO', '', '', '', NULL, NULL, NULL, NULL),(42, 'article', '文章表单', 'article', NULL, NULL, 'full', 12, 'NO', '', '', '', NULL, NULL, NULL, NULL),(44, 'chart', '图表表单', 'chart', NULL, NULL, 'xl', 12, 'NO', '', '', '', NULL, NULL, NULL, NULL),(45, 'chartTestData1', '图表测试数据1表单', 'chart_test_data1', NULL, NULL, 'default', 12, 'NO', '', '', '', NULL, NULL, NULL, NULL),(46, 'chartCopy', '图表表单-复制', 'chart', 'post:/admin/common/chartCopy/copy?copyId=${id}', '', 'xl', 12, 'NO', '', '', '', NULL, NULL, NULL, NULL),(47, 'dataListener', '数据监听表单', 'data_listener', NULL, NULL, 'default', 12, 'NO', '', '', '', NULL, NULL, NULL, NULL),(48, 'customPage', '自定义页面表单', 'custom_page', NULL, NULL, 'full', 12, 'NO', '', '', '', NULL, NULL, NULL, NULL),(49, 'dicJavaCode', 'java代码', '', 'get:/dic/javaCode/${dicCode}', NULL, 'lg', 12, 'YES', '', '', '', NULL, NULL, NULL, NULL),(50, 'dataImportTemplate', '数据导入配置表单', 'data_import_template', NULL, NULL, 'xl', 6, 'NO', '', '', '', NULL, NULL, NULL, NULL),(51, 'dataImportTemplateField', '数据导入配置字段表单', 'data_import_template_field', NULL, NULL, 'default', 12, 'NO', '', '', '', NULL, NULL, NULL, NULL),(53, 'dataImportTask', '数据导入任务表单', 'data_import_task', NULL, 'post:/admin/dataImportTask/save/${templateCode}', 'default', 12, 'NO', '', '', '', NULL, NULL, NULL, NULL),(54, 'testDataImport', '测试数据导入表单', 'test_data_import', NULL, NULL, 'default', 12, 'NO', '', '', '', NULL, NULL, NULL, NULL),(55, 'dataImportTemplateJsonForm', '数据导入配置JSON表单', NULL, 'post:/admin/common/dataImportTemplate/getJson?id=${id}', 'post:/admin/dataImportTemplate/saveJson', 'xl', NULL, 'NO', '', '', '', NULL, NULL, NULL, NULL),(56, 'sqlInfo', 'sql语句表单', 'sql_info', NULL, 'post:/admin/common/sqlInfo/saveOrUpdate', 'full', 12, 'NO', '', '', '', 'sqlInfoService', NULL, NULL, NULL),(57, 'sqlParam', 'sql参数表单', 'sql_param', NULL, NULL, 'default', 12, 'NO', '', '', '', '', NULL, NULL, NULL),(58, 'sqlResult', 'sql结果表单', 'sql_result', NULL, NULL, 'default', 12, 'NO', '', '', '', '', NULL, NULL, NULL),(59, 'sqlApi', 'sql接口表单', 'sql_api', NULL, NULL, 'xl', 12, 'NO', '', '', '', 'sqlApiFormEvent', NULL, 'sqlApiEdit', NULL),(60, 'icon', '图标表单', 'icon', NULL, NULL, 'default', 12, 'NO', '', '', '', '', NULL, NULL, NULL),(61, 'template', '模板表单', 'template', NULL, NULL, 'full', 12, 'NO', '', '', '', '', NULL, NULL, NULL),(62, 'templateEditor', '模板编辑器', 'template', NULL, NULL, 'full', 12, 'NO', '', '', '', '', NULL, NULL, NULL),(63, 'templateTest', '模板测试', NULL, NULL, '', 'xl', 12, 'NO', '', '', '', '', NULL, NULL, NULL),(65, 'flow', '流程表单', 'flow', NULL, NULL, 'lg', 6, 'NO', '', '', '', '', NULL, NULL, NULL),(66, 'flowDeploy', '流程部署表单', 'flow_deploy', NULL, NULL, 'lg', 6, 'YES', '', '', '', '', NULL, NULL, '');
UNLOCK TABLES;
COMMIT;
BEGIN;
LOCK TABLES `jqp`.`form_button` WRITE;
DELETE FROM `jqp`.`form_button`;
INSERT INTO `jqp`.`form_button` (`id`,`form_id`,`label`,`option_type`,`option_value`,`level`,`confirm_text`,`seq`,`js_rule`,`close`,`code`,`icon`,`whether_confirm`,`before_pop_api`,`extra_json`) VALUES (12, 30, '审核', 'form', 'customerManagerAudit', 'primary', NULL, 0, '', 'NO', '040207', NULL, NULL, NULL, NULL),(15, 31, '审核通过', 'ajax', 'post:/admin/process/customerAudit/financeAudit/pass/${id}', 'primary', '确定审核通过吗', 0, NULL, 'YES', '040211', NULL, NULL, NULL, NULL),(16, 31, '审核不通过', 'ajax', 'post:/admin/process/customerAudit/financeAudit/back/${id}', 'danger', '确定审核不通过吗', 0, 'auditRemark==null||auditRemark==\'\'', 'YES', '040212', NULL, NULL, NULL, NULL),(17, 28, '审核通过', 'ajax', 'post:/admin/process/customerAudit/managerAudit/pass/${id}', 'primary', '确定审核通过吗', 0, NULL, 'YES', '040208', NULL, NULL, NULL, NULL),(18, 28, '审核不通过', 'ajax', 'post:/admin/process/customerAudit/managerAudit/back/${id}', 'danger', '确定审核不通过吗', 0, 'auditRemark==null||auditRemark==\'\'', 'YES', '040209', NULL, NULL, NULL, NULL),(29, 50, '保存', 'ajax', 'post:/admin/common/dataImportTemplate/saveOrUpdate', 'primary', NULL, 1, NULL, 'YES', NULL, NULL, NULL, NULL, NULL),(30, 50, '加载字段', 'ajax', 'post:/admin/dataImportTemplate/reload', 'primary', NULL, 2, NULL, 'NO', NULL, NULL, NULL, NULL, NULL),(47, 56, '加载结果集', 'ajax', 'post:/admin/sqlInfo/resultFields', 'primary', NULL, 1, NULL, 'NO', NULL, NULL, NULL, NULL, NULL),(48, 56, '保存', 'ajax', 'post:/admin/common/sqlInfo/saveOrUpdate', 'primary', NULL, 2, NULL, 'YES', NULL, NULL, NULL, NULL, NULL),(54, 1, '测试', 'ajax', 'post:/test', 'danger', NULL, 1, NULL, 'YES', '0701', NULL, NULL, NULL, NULL),(58, 62, '保存', 'ajax', 'post:/admin/common/templateEditor/saveOrUpdate', 'primary', NULL, 1, 'id==null || id == \'\'', 'NO', NULL, NULL, NULL, NULL, NULL),(59, 62, '测试', 'form', 'templateTest', 'success', NULL, 2, 'id==null || id == \'\'', '', NULL, NULL, NULL, NULL, NULL),(69, 63, '测试', 'ajax', 'post:/admin/template/test/${code}', 'primary', NULL, 1, NULL, 'NO', NULL, NULL, 'NO', NULL, NULL),(70, 61, '保存', 'ajax', 'post:/admin/common/template/saveOrUpdate', 'primary', ' ', 1, NULL, 'YES', NULL, NULL, 'NO', NULL, NULL),(71, 61, '测试', 'form', 'templateTest', 'success', ' ', 2, 'id==null || id ==  \'\'', 'NO', NULL, NULL, NULL, NULL, NULL);
UNLOCK TABLES;
COMMIT;
BEGIN;
LOCK TABLES `jqp`.`form_field` WRITE;
DELETE FROM `jqp`.`form_field`;
INSERT INTO `jqp`.`form_field` (`id`,`form_id`,`field`,`label`,`width`,`type`,`format`,`hidden`,`seq`,`value`,`multi`,`must`,`disabled`,`component_type`,`check_repeat_type`,`check_repeat_config`,`check_repeat_tip`,`validations`,`option_sql`,`label_remark`,`group_name`,`extra_json`) VALUES (186, 9, 'id', '主键', NULL, 'long', NULL, 'YES', 0, NULL, 'NO', 'NO', 'NO', NULL, NULL, NULL, NULL, NULL, NULL, NULL, NULL, NULL),(187, 9, 'code', '编号', NULL, 'string', NULL, 'NO', 0, NULL, 'NO', 'NO', 'NO', NULL, NULL, NULL, NULL, NULL, NULL, NULL, NULL, NULL),(188, 9, 'name', '名称', NULL, 'string', NULL, 'NO', 0, NULL, 'NO', 'NO', 'NO', NULL, NULL, NULL, NULL, NULL, NULL, NULL, NULL, NULL),(189, 9, 'value', '值', NULL, 'big-string', 'json', 'NO', 0, NULL, 'NO', 'NO', 'NO', 'editor', NULL, NULL, NULL, NULL, NULL, NULL, NULL, NULL),(308, 11, 'id', '主键', NULL, 'long', NULL, 'YES', 0, NULL, NULL, 'NO', 'NO', NULL, NULL, NULL, NULL, NULL, NULL, NULL, NULL, NULL),(309, 11, 'code', '编号', NULL, 'string', NULL, 'NO', 0, NULL, NULL, 'YES', 'NO', NULL, NULL, NULL, NULL, NULL, NULL, NULL, NULL, NULL),(310, 11, 'name', '名称', NULL, 'string', NULL, 'NO', 0, NULL, NULL, 'YES', 'NO', NULL, NULL, NULL, NULL, NULL, NULL, NULL, NULL, NULL),(311, 11, 'prefix', '前缀', NULL, 'string', NULL, 'NO', 0, NULL, NULL, 'NO', 'NO', NULL, NULL, NULL, NULL, NULL, NULL, NULL, NULL, NULL),(312, 11, 'dateFormat', '日期格式', NULL, 'dic', 'dateFormat', 'NO', 0, NULL, NULL, 'NO', 'NO', NULL, NULL, NULL, NULL, NULL, NULL, NULL, NULL, NULL),(313, 11, 'serialLenth', '顺序号长度', NULL, 'int', NULL, 'NO', 0, NULL, NULL, 'YES', 'NO', NULL, NULL, NULL, NULL, NULL, NULL, NULL, NULL, NULL),(337, 12, 'id', '主键', NULL, 'long', NULL, 'YES', 0, NULL, NULL, 'NO', 'NO', NULL, NULL, NULL, NULL, NULL, NULL, NULL, NULL, NULL),(338, 12, 'code', '编号', NULL, 'string', NULL, 'NO', 0, NULL, NULL, 'YES', 'NO', NULL, NULL, NULL, NULL, NULL, NULL, NULL, NULL, NULL),(339, 12, 'name', '名称', NULL, 'string', NULL, 'NO', 0, NULL, NULL, 'YES', 'NO', NULL, NULL, NULL, NULL, NULL, NULL, NULL, NULL, NULL),(340, 12, 'logo', 'logo', NULL, 'string', NULL, 'NO', 0, NULL, NULL, 'NO', 'NO', 'input-image', NULL, NULL, NULL, NULL, NULL, NULL, NULL, NULL),(341, 12, 'address', '地址', NULL, 'string', NULL, 'NO', 0, NULL, NULL, 'NO', 'NO', NULL, NULL, NULL, NULL, NULL, NULL, NULL, NULL, NULL),(396, 14, 'id', '主键', NULL, 'long', NULL, 'YES', 0, NULL, NULL, 'NO', 'NO', NULL, NULL, NULL, NULL, NULL, NULL, NULL, NULL, NULL),(397, 14, 'menuId', '菜单', 12, 'selector', 'menu', 'NO', 0, NULL, 'YES', 'NO', 'NO', 'input-tree', NULL, NULL, NULL, NULL, NULL, NULL, NULL, NULL),(400, 17, 'positionId', '主键', NULL, 'long', NULL, 'YES', 0, NULL, NULL, 'NO', 'NO', NULL, NULL, NULL, NULL, NULL, NULL, NULL, NULL, NULL),(401, 17, 'menuId', '菜单', 12, 'selector', 'enterpriseMenu', 'NO', 0, NULL, 'YES', 'NO', 'NO', 'input-tree', NULL, NULL, NULL, NULL, NULL, NULL, NULL, NULL),(476, 15, 'id', '主键', NULL, 'long', NULL, 'YES', 0, NULL, NULL, 'NO', 'NO', NULL, NULL, NULL, NULL, NULL, NULL, NULL, NULL, NULL),(477, 15, 'code', '岗位编号', NULL, 'string', NULL, 'NO', 0, NULL, NULL, 'YES', 'NO', NULL, 'global', NULL, NULL, NULL, NULL, NULL, NULL, NULL),(478, 15, 'name', '岗位名称', NULL, 'string', NULL, 'NO', 0, NULL, NULL, 'YES', 'NO', NULL, NULL, NULL, NULL, NULL, NULL, NULL, NULL, NULL),(479, 15, 'positionType', '岗位类型', NULL, 'dic', 'positionType', 'YES', 0, '2', NULL, 'YES', 'NO', NULL, NULL, NULL, NULL, NULL, NULL, NULL, NULL, NULL),(480, 16, 'id', '主键', NULL, 'long', NULL, 'YES', 0, NULL, NULL, 'NO', 'NO', NULL, NULL, NULL, NULL, NULL, NULL, NULL, NULL, NULL),(481, 16, 'code', '岗位编号', NULL, 'string', NULL, 'NO', 0, NULL, NULL, 'YES', 'NO', NULL, 'global', NULL, NULL, NULL, NULL, NULL, NULL, NULL),(482, 16, 'name', '岗位名称', NULL, 'string', NULL, 'NO', 0, NULL, NULL, 'YES', 'NO', NULL, NULL, NULL, NULL, NULL, NULL, NULL, NULL, NULL),(483, 16, 'positionType', '岗位类型', NULL, 'dic', 'positionType', 'YES', 0, '1', NULL, 'YES', 'NO', NULL, NULL, NULL, NULL, NULL, NULL, NULL, NULL, NULL),(602, 23, 'id', '主键', NULL, 'long', NULL, 'YES', 0, NULL, NULL, 'NO', 'NO', NULL, NULL, NULL, NULL, NULL, NULL, NULL, NULL, NULL),(603, 23, 'code', '权限编码', NULL, 'string', NULL, 'NO', 0, NULL, NULL, 'YES', 'NO', NULL, 'global', NULL, NULL, NULL, NULL, NULL, NULL, NULL),(604, 23, 'name', '权限名称', NULL, 'string', NULL, 'NO', 0, NULL, NULL, 'YES', 'NO', NULL, NULL, NULL, NULL, NULL, NULL, NULL, NULL, NULL),(605, 23, 'permissionType', '权限类型', NULL, 'dic', 'permissionType', 'NO', 0, NULL, NULL, 'YES', 'NO', NULL, NULL, NULL, NULL, NULL, NULL, NULL, NULL, NULL),(606, 23, 'permissionValue', '配置值', NULL, 'long-string', NULL, 'NO', 0, NULL, NULL, 'YES', 'NO', 'textarea', NULL, NULL, NULL, NULL, NULL, NULL, NULL, NULL),(607, 23, 'componentType', '组件类型', NULL, 'dic', 'componentType', 'NO', 0, 'select', NULL, 'YES', 'NO', NULL, NULL, NULL, NULL, NULL, NULL, NULL, NULL, NULL),(608, 23, 'muiti', '是否多选', NULL, 'dic', 'whether', 'NO', 0, 'NO', NULL, 'YES', 'NO', NULL, NULL, NULL, NULL, NULL, NULL, NULL, NULL, NULL),(609, 23, 'remark', '备注', NULL, 'long-string', NULL, 'NO', 0, NULL, NULL, 'NO', 'NO', 'textarea', NULL, NULL, NULL, NULL, NULL, NULL, NULL, NULL),(851, 30, 'id', '主键', NULL, 'long', NULL, 'YES', 0, NULL, 'NO', 'NO', 'NO', NULL, NULL, NULL, NULL, NULL, NULL, NULL, NULL, NULL),(852, 30, 'enterpriseId', '企业id', NULL, 'long', NULL, 'YES', 0, '$enterpriseId', NULL, 'NO', 'NO', NULL, NULL, NULL, NULL, NULL, NULL, NULL, NULL, NULL),(853, 30, 'userId', '创建人', NULL, 'long', NULL, 'YES', 0, '$userId', NULL, 'NO', 'NO', NULL, NULL, NULL, NULL, NULL, NULL, NULL, NULL, NULL),(854, 30, 'deptId', '创建人部门id', NULL, 'long', NULL, 'YES', 0, '$deptId', NULL, 'NO', 'NO', NULL, NULL, NULL, NULL, NULL, NULL, NULL, NULL, NULL),(855, 30, 'customerSourceId', '客户来源id', NULL, 'selector', 'customerSource', 'NO', 0, NULL, NULL, 'YES', 'NO', 'tree-select', NULL, NULL, NULL, NULL, NULL, NULL, NULL, NULL),(856, 30, 'name', '客户姓名', NULL, 'string', NULL, 'NO', 0, NULL, NULL, 'YES', 'NO', NULL, NULL, NULL, NULL, NULL, NULL, NULL, NULL, NULL),(857, 30, 'mobile', '手机号', NULL, 'string', NULL, 'NO', 0, NULL, NULL, 'YES', 'NO', NULL, NULL, NULL, NULL, NULL, NULL, NULL, NULL, NULL),(858, 30, 'decorationType', '装修类型', NULL, 'dic', 'decorationType', 'NO', 0, NULL, NULL, 'YES', 'NO', 'radios', NULL, NULL, NULL, NULL, NULL, NULL, NULL, NULL),(859, 30, 'address', '客户地址', NULL, 'long-string', NULL, 'NO', 0, NULL, NULL, 'YES', 'NO', 'textarea', NULL, NULL, NULL, NULL, NULL, NULL, NULL, NULL),(860, 30, 'area', '面积', NULL, 'double', NULL, 'NO', 0, NULL, NULL, 'YES', 'NO', 'input-number', NULL, NULL, NULL, NULL, NULL, NULL, NULL, NULL),(861, 30, 'customerStatus', '客户状态', NULL, 'dic', 'customerStatus', 'NO', 0, '1', NULL, 'NO', 'YES', NULL, NULL, NULL, NULL, NULL, NULL, NULL, NULL, NULL),(866, 31, 'id', 'id', NULL, 'long', NULL, 'YES', 0, NULL, 'NO', 'NO', NULL, NULL, NULL, NULL, NULL, NULL, NULL, NULL, NULL, NULL),(867, 31, 'auditRemark', '审核备注', NULL, 'long-string', NULL, 'NO', 0, NULL, 'NO', 'NO', NULL, 'textarea', NULL, NULL, NULL, NULL, NULL, NULL, NULL, NULL),(868, 31, 'auditImgs', '图片', NULL, 'long-string', NULL, 'NO', 0, NULL, 'YES', 'NO', NULL, 'input-image', NULL, NULL, NULL, NULL, NULL, NULL, NULL, NULL),(869, 31, 'auditFiles', '附件', NULL, 'long-string', NULL, 'NO', 0, NULL, 'YES', 'NO', NULL, 'input-file', NULL, NULL, NULL, NULL, NULL, NULL, NULL, NULL),(870, 28, 'id', 'id', NULL, 'long', NULL, 'YES', 0, NULL, 'NO', 'NO', NULL, NULL, NULL, NULL, NULL, NULL, NULL, NULL, NULL, NULL),(871, 28, 'auditRemark', '审核备注', NULL, 'long-string', NULL, 'NO', 0, NULL, 'NO', 'NO', NULL, 'textarea', NULL, NULL, NULL, NULL, NULL, NULL, NULL, NULL),(872, 28, 'auditImgs', '图片', NULL, 'long-string', NULL, 'NO', 0, NULL, 'YES', 'NO', NULL, 'input-image', NULL, NULL, NULL, NULL, NULL, NULL, NULL, NULL),(873, 28, 'auditFiles', '附件', NULL, 'long-string', NULL, 'NO', 0, NULL, 'YES', 'NO', NULL, 'input-file', NULL, NULL, NULL, NULL, NULL, NULL, NULL, NULL),(927, 35, 'id', '主键', NULL, 'long', NULL, 'YES', 0, NULL, NULL, 'NO', 'NO', NULL, NULL, NULL, NULL, NULL, NULL, NULL, NULL, NULL),(928, 35, 'menuId', '菜单id', NULL, 'long', NULL, 'YES', 0, NULL, NULL, 'NO', 'NO', NULL, NULL, NULL, NULL, NULL, NULL, NULL, NULL, NULL),(929, 35, 'name', '名称', NULL, 'string', NULL, 'NO', 0, NULL, NULL, 'NO', NULL, NULL, NULL, NULL, NULL, NULL, NULL, NULL, NULL, NULL),(930, 35, 'url', 'url', NULL, 'long-string', NULL, 'NO', 0, NULL, NULL, 'YES', 'NO', 'textarea', NULL, NULL, NULL, NULL, NULL, NULL, NULL, NULL),(931, 36, 'id', '主键', NULL, 'long', NULL, 'YES', 0, NULL, NULL, 'NO', 'NO', NULL, NULL, NULL, NULL, NULL, NULL, NULL, NULL, NULL),(932, 36, 'menuId', '菜单id', NULL, 'selector', 'menu', 'NO', 0, NULL, NULL, 'NO', 'NO', NULL, NULL, NULL, NULL, NULL, NULL, NULL, NULL, NULL),(933, 36, 'name', '名称', NULL, 'string', NULL, 'NO', 0, NULL, NULL, 'YES', NULL, NULL, NULL, NULL, NULL, NULL, NULL, NULL, NULL, NULL),(934, 36, 'url', 'url', NULL, 'long-string', NULL, 'NO', 0, NULL, NULL, 'YES', 'NO', 'textarea', NULL, NULL, NULL, NULL, NULL, NULL, NULL, NULL),(1015, 39, 'initSql', '初始化sql', 12, 'long-string', 'sql', 'NO', 0, NULL, NULL, 'NO', NULL, 'editor', NULL, NULL, NULL, NULL, NULL, NULL, NULL, NULL),(1016, 39, 'beforeApi', '前置接口', 6, 'string', NULL, 'NO', 0, NULL, NULL, 'NO', NULL, NULL, NULL, NULL, NULL, NULL, NULL, NULL, NULL, NULL),(1017, 39, 'afterApi', '后置接口', 6, 'string', NULL, 'NO', 0, NULL, NULL, 'NO', NULL, NULL, NULL, NULL, NULL, NULL, NULL, NULL, NULL, NULL),(1018, 39, 'tableName', '表名', 6, 'string', NULL, 'NO', 0, NULL, NULL, 'NO', NULL, NULL, NULL, NULL, NULL, NULL, NULL, NULL, NULL, NULL),(1019, 39, 'statusField', '状态字段', 6, 'string', NULL, 'NO', 0, NULL, NULL, 'NO', NULL, NULL, NULL, NULL, NULL, NULL, NULL, NULL, NULL, NULL),(1020, 39, 'statusDic', '状态字典', 6, 'string', NULL, 'NO', 0, NULL, NULL, 'NO', NULL, NULL, NULL, NULL, NULL, NULL, NULL, NULL, NULL, NULL),(1021, 39, 'viewForm', '查看表单', 6, 'string', NULL, 'NO', 0, NULL, NULL, 'NO', NULL, NULL, NULL, NULL, NULL, NULL, NULL, NULL, NULL, NULL),(1058, 38, 'id', 'id', NULL, 'string', NULL, 'YES', 0, NULL, NULL, 'NO', NULL, NULL, NULL, NULL, NULL, NULL, NULL, NULL, NULL, NULL),(1059, 38, 'name', '名称', 6, 'string', NULL, 'NO', 0, NULL, NULL, 'YES', NULL, NULL, NULL, NULL, NULL, NULL, NULL, NULL, NULL, NULL),(1060, 38, 'key', '编码', 6, 'string', NULL, 'NO', 0, NULL, NULL, 'YES', 'NO', NULL, NULL, NULL, NULL, NULL, NULL, NULL, NULL, NULL),(1061, 38, 'description', '备注', 12, 'long-string', NULL, 'NO', 0, NULL, NULL, 'NO', NULL, 'textarea', NULL, NULL, NULL, NULL, NULL, NULL, NULL, NULL),(1062, 38, 'initSql', '初始化sql', 12, 'big-string', 'sql', 'NO', 0, NULL, NULL, 'NO', NULL, 'editor', NULL, NULL, NULL, NULL, NULL, NULL, NULL, NULL),(1063, 38, 'beforeApi', '任务前置接口', 6, 'long-string', NULL, 'NO', 0, NULL, NULL, 'NO', NULL, 'input-text', NULL, NULL, NULL, NULL, NULL, NULL, NULL, NULL),(1064, 38, 'afterApi', '任务后置接口', 6, 'long-string', NULL, 'NO', 0, NULL, NULL, 'NO', NULL, 'input-text', NULL, NULL, NULL, NULL, NULL, NULL, NULL, NULL),(1065, 38, 'tableName', '表名', 6, 'string', NULL, 'NO', 0, NULL, NULL, 'YES', NULL, 'input-text', NULL, NULL, NULL, NULL, NULL, NULL, NULL, NULL),(1066, 38, 'statusField', '状态字段', 6, 'string', NULL, 'NO', 0, NULL, NULL, 'YES', NULL, 'input-text', NULL, NULL, NULL, NULL, NULL, NULL, NULL, NULL),(1067, 38, 'statusDic', '状态字典', 6, 'string', NULL, 'NO', 0, NULL, NULL, 'YES', NULL, 'input-text', NULL, NULL, NULL, NULL, NULL, NULL, NULL, NULL),(1068, 38, 'viewForm', '查看表单', 6, 'string', NULL, 'NO', 0, NULL, NULL, 'YES', NULL, 'input-text', NULL, NULL, NULL, NULL, NULL, NULL, NULL, NULL),(1163, 44, 'id', '主键', NULL, 'long', NULL, 'YES', 0, NULL, NULL, 'NO', 'NO', NULL, NULL, NULL, NULL, NULL, NULL, NULL, NULL, NULL),(1164, 44, 'code', '编号', NULL, 'string', NULL, 'NO', 0, NULL, NULL, 'NO', 'NO', NULL, NULL, NULL, NULL, NULL, NULL, NULL, NULL, NULL),(1165, 44, 'name', '名称', NULL, 'string', NULL, 'NO', 0, NULL, NULL, 'YES', 'NO', NULL, NULL, NULL, NULL, NULL, NULL, NULL, NULL, NULL),(1166, 44, 'config', '配置', NULL, 'big-string', 'js', 'NO', 0, NULL, NULL, 'YES', 'NO', 'editor', NULL, NULL, NULL, NULL, NULL, NULL, NULL, NULL),(1167, 44, 'querysql', '查询sql', NULL, 'sql', 'sql', 'NO', 0, NULL, NULL, 'NO', 'NO', 'editor', NULL, NULL, NULL, NULL, NULL, NULL, NULL, NULL),(1176, 46, 'id', '主键', NULL, 'long', NULL, 'YES', 0, NULL, NULL, 'NO', 'NO', NULL, NULL, NULL, NULL, NULL, NULL, NULL, NULL, NULL),(1177, 46, 'code', '编号', NULL, 'string', NULL, 'NO', 0, NULL, NULL, 'NO', 'NO', NULL, NULL, NULL, NULL, NULL, NULL, NULL, NULL, NULL),(1178, 46, 'name', '名称', NULL, 'string', NULL, 'NO', 0, NULL, NULL, 'YES', 'NO', NULL, NULL, NULL, NULL, NULL, NULL, NULL, NULL, NULL),(1179, 46, 'config', '配置', NULL, 'big-string', 'js', 'NO', 0, NULL, NULL, 'YES', 'NO', 'editor', NULL, NULL, NULL, NULL, NULL, NULL, NULL, NULL),(1180, 46, 'querysql', '查询sql', NULL, 'sql', 'sql', 'NO', 0, NULL, NULL, 'NO', 'NO', 'editor', NULL, NULL, NULL, NULL, NULL, NULL, NULL, NULL),(1255, 25, 'id', '主键', NULL, 'long', NULL, 'YES', 0, NULL, 'NO', 'NO', 'NO', NULL, NULL, NULL, NULL, NULL, NULL, NULL, NULL, NULL),(1256, 25, 'enterpriseId', '企业id', NULL, 'long', NULL, 'YES', 0, '$enterpriseId', NULL, 'NO', 'NO', NULL, NULL, NULL, NULL, NULL, NULL, NULL, NULL, NULL),(1257, 25, 'userId', '创建人', NULL, 'long', NULL, 'YES', 0, '$userId', NULL, 'NO', 'NO', NULL, NULL, NULL, NULL, NULL, NULL, NULL, NULL, NULL),(1258, 25, 'deptId', '创建人部门id', NULL, 'long', NULL, 'YES', 0, '$deptId', NULL, 'NO', 'NO', NULL, NULL, NULL, NULL, NULL, NULL, NULL, NULL, NULL),(1259, 25, 'customerSourceId', '客户来源id', NULL, 'selector', 'customerSource', 'NO', 0, NULL, NULL, 'YES', 'NO', 'tree-select', NULL, NULL, NULL, NULL, NULL, NULL, NULL, NULL),(1260, 25, 'name', '客户姓名', NULL, 'string', NULL, 'NO', 0, NULL, NULL, 'YES', 'NO', NULL, NULL, NULL, NULL, NULL, NULL, NULL, NULL, NULL),(1261, 25, 'mobile', '手机号', NULL, 'string', NULL, 'NO', 0, NULL, NULL, 'YES', 'NO', NULL, NULL, NULL, NULL, NULL, NULL, NULL, NULL, NULL),(1262, 25, 'decorationType', '装修类型', NULL, 'dic', 'decorationType', 'NO', 0, NULL, NULL, 'YES', 'NO', 'radios', NULL, NULL, NULL, NULL, NULL, NULL, NULL, NULL),(1263, 25, 'address', '客户地址', NULL, 'long-string', NULL, 'NO', 0, NULL, NULL, 'YES', 'NO', 'textarea', NULL, NULL, NULL, NULL, NULL, NULL, NULL, NULL),(1264, 25, 'area', '面积', NULL, 'double', NULL, 'NO', 0, NULL, NULL, 'YES', 'NO', 'input-number', NULL, NULL, NULL, NULL, NULL, NULL, NULL, NULL),(1265, 25, 'customerStatus', '客户状态', NULL, 'dic', 'customerStatus', 'NO', 0, '1', NULL, 'NO', 'YES', NULL, NULL, NULL, NULL, NULL, NULL, NULL, NULL, NULL),(1270, 48, 'id', '主键', NULL, 'long', NULL, 'YES', 0, NULL, NULL, 'NO', 'NO', NULL, NULL, NULL, NULL, NULL, NULL, NULL, NULL, NULL),(1271, 48, 'code', '编号', 6, 'string', NULL, 'NO', 0, NULL, NULL, 'YES', 'NO', NULL, 'global', NULL, NULL, NULL, NULL, NULL, NULL, NULL),(1272, 48, 'name', '名称', 6, 'string', NULL, 'NO', 0, NULL, NULL, 'YES', 'NO', NULL, NULL, NULL, NULL, NULL, NULL, NULL, NULL, NULL),(1273, 48, 'content', '内容', 12, 'big-string', 'json', 'NO', 0, NULL, NULL, 'YES', 'NO', 'editor', NULL, NULL, NULL, NULL, NULL, NULL, NULL, NULL),(1316, 45, 'id', '主键', NULL, 'long', '', 'YES', 1, '', '', 'NO', 'NO', '', '', '', '', '', '', NULL, NULL, NULL),(1317, 45, 'name', '姓名', NULL, 'string', '', 'NO', 2, '', '', 'YES', 'NO', '', '', '', '', '', '', NULL, NULL, NULL),(1318, 45, 'year', '年份', NULL, 'string', '', 'NO', 3, '', '', 'YES', 'NO', '', '', '', '', '', '', NULL, NULL, NULL),(1319, 45, 'salary', '工资', NULL, 'long', '', 'NO', 4, '', '', 'YES', 'NO', '', '', '', '', '', '', NULL, NULL, NULL),(1345, 6, 'id', '主键', NULL, 'long', NULL, 'YES', 1, NULL, 'NO', 'NO', '', NULL, NULL, NULL, NULL, NULL, NULL, NULL, NULL, NULL),(1346, 6, 'dicCode', '字典编号', NULL, 'string', NULL, 'NO', 2, NULL, 'NO', 'NO', '', NULL, NULL, NULL, NULL, NULL, NULL, NULL, NULL, NULL),(1347, 6, 'dicName', '字典名称', NULL, 'string', NULL, 'NO', 3, NULL, 'NO', 'NO', '', NULL, NULL, NULL, NULL, NULL, NULL, NULL, NULL, NULL),(1378, 18, 'id', '主键', NULL, 'long', NULL, 'YES', 1, NULL, NULL, 'NO', 'NO', NULL, NULL, NULL, NULL, NULL, NULL, NULL, NULL, NULL),(1379, 18, 'parentId', '父部门', NULL, 'selector', 'dept', 'NO', 2, NULL, NULL, 'NO', 'NO', NULL, NULL, NULL, NULL, NULL, NULL, '测试测试<br/>abc测试', NULL, NULL),(1380, 18, 'code', '部门编号', NULL, 'string', NULL, 'NO', 3, NULL, NULL, 'YES', 'NO', NULL, NULL, NULL, NULL, NULL, NULL, NULL, NULL, NULL),(1381, 18, 'name', '部门名称', NULL, 'string', NULL, 'NO', 4, NULL, NULL, 'YES', 'NO', NULL, NULL, NULL, NULL, NULL, NULL, NULL, NULL, NULL),(1382, 18, 'deptType', '部门类型', NULL, 'dic', 'deptType', 'NO', 5, '1', NULL, 'YES', 'NO', NULL, NULL, NULL, NULL, NULL, NULL, NULL, NULL, NULL),(1418, 49, 'javaCode', 'java代码', NULL, 'string', 'java', 'NO', 1, NULL, 'NO', 'NO', '', 'editor', NULL, NULL, NULL, NULL, NULL, NULL, NULL, NULL),(1419, 50, 'id', '主键', NULL, 'long', NULL, 'YES', 1, NULL, NULL, 'NO', 'NO', NULL, NULL, NULL, NULL, NULL, NULL, NULL, NULL, NULL),(1420, 50, 'tableName', '表', NULL, 'string', NULL, 'NO', 2, NULL, NULL, 'YES', 'NO', NULL, NULL, NULL, NULL, NULL, NULL, NULL, NULL, NULL),(1421, 50, 'code', '模板编号', NULL, 'string', NULL, 'NO', 3, NULL, NULL, 'YES', 'NO', NULL, 'global', NULL, NULL, NULL, NULL, NULL, NULL, NULL),(1422, 50, 'name', '模板名称', NULL, 'string', NULL, 'NO', 4, NULL, NULL, 'YES', 'NO', NULL, NULL, NULL, NULL, NULL, NULL, NULL, NULL, NULL),(1423, 50, 'repeatFields', '判重字段列表', NULL, 'string', NULL, 'NO', 5, NULL, NULL, 'NO', 'NO', NULL, NULL, NULL, NULL, NULL, NULL, NULL, NULL, NULL),(1424, 50, 'repeatStrategy', '判重处理策略', NULL, 'dic', 'repeatStrategy', 'NO', 6, NULL, NULL, 'NO', 'NO', NULL, NULL, NULL, NULL, NULL, NULL, NULL, NULL, NULL),(1425, 50, 'fields', '字段列表', 12, 'string', 'dataImportTemplateField,templateId', 'NO', 7, NULL, NULL, 'NO', 'NO', 'input-table', NULL, NULL, NULL, NULL, NULL, NULL, NULL, NULL),(1426, 51, 'id', '主键', NULL, 'long', NULL, 'YES', 1, NULL, NULL, 'NO', 'NO', NULL, NULL, NULL, NULL, NULL, NULL, NULL, NULL, NULL),(1427, 51, 'templateId', '模板id', NULL, 'long', NULL, 'YES', 2, NULL, NULL, 'NO', 'NO', NULL, NULL, NULL, NULL, NULL, NULL, NULL, NULL, NULL),(1428, 51, 'columnName', '字段名', NULL, 'string', NULL, 'NO', 3, NULL, NULL, 'YES', 'NO', NULL, NULL, NULL, NULL, NULL, NULL, NULL, NULL, NULL),(1429, 51, 'columnComment', '字段备注', NULL, 'string', NULL, 'NO', 4, NULL, NULL, 'YES', 'NO', NULL, NULL, NULL, NULL, NULL, NULL, NULL, NULL, NULL),(1430, 51, 'width', '宽度', NULL, 'int', NULL, 'NO', 5, NULL, NULL, 'YES', 'NO', NULL, NULL, NULL, NULL, NULL, NULL, NULL, NULL, NULL),(1431, 51, 'columnType', '字段类型', NULL, 'dic', 'importDataType', 'NO', 6, NULL, NULL, 'YES', 'NO', NULL, NULL, NULL, NULL, NULL, NULL, NULL, NULL, NULL),(1432, 51, 'columnFormat', '格式化', NULL, 'string', NULL, 'NO', 7, NULL, NULL, 'NO', 'NO', NULL, NULL, NULL, NULL, NULL, NULL, NULL, NULL, NULL),(1433, 51, 'must', '是否必填', NULL, 'dic', 'whether', 'NO', 8, NULL, NULL, 'NO', 'NO', NULL, NULL, NULL, NULL, NULL, NULL, NULL, NULL, NULL),(1434, 51, 'fieldsMapping', '字段映射', NULL, 'string', NULL, 'NO', 9, NULL, NULL, 'NO', 'NO', 'textarea', NULL, NULL, NULL, NULL, NULL, NULL, NULL, NULL),(1435, 51, 'regex', '正则表达式', NULL, 'string', NULL, 'NO', 10, NULL, NULL, 'NO', 'NO', 'textarea', NULL, NULL, NULL, NULL, NULL, NULL, NULL, NULL),(1436, 51, 'seq', '序号', NULL, 'int', NULL, 'YES', 11, NULL, NULL, 'NO', 'NO', NULL, NULL, NULL, NULL, NULL, NULL, NULL, NULL, NULL),(1437, 53, 'srcFile', '源文件', NULL, 'string', 'application/vnd.openxmlformats-officedocument.spreadsheetml.sheet', 'NO', 1, NULL, NULL, 'YES', 'NO', 'input-file', NULL, NULL, NULL, NULL, NULL, NULL, NULL, NULL),(1438, 53, 'planTime', '计划开始时间', NULL, 'date', 'yyyy-MM-dd HH:mm:ss', 'NO', 2, NULL, NULL, 'NO', 'NO', NULL, NULL, NULL, NULL, NULL, NULL, NULL, NULL, NULL),(1439, 54, 'id', '主键', NULL, 'long', NULL, 'YES', 1, NULL, NULL, 'NO', 'NO', NULL, NULL, NULL, NULL, NULL, NULL, NULL, NULL, NULL),(1440, 54, 'userId', '用户id', NULL, 'long', NULL, 'YES', 2, NULL, NULL, 'NO', 'NO', NULL, NULL, NULL, NULL, NULL, NULL, NULL, NULL, NULL),(1441, 54, 'enterpriseId', '企业id', NULL, 'long', NULL, 'YES', 3, NULL, NULL, 'NO', 'NO', NULL, NULL, NULL, NULL, NULL, NULL, NULL, NULL, NULL),(1442, 54, 'birthday', '生日', NULL, 'date', 'yyyy-MM-dd', 'NO', 4, NULL, NULL, 'NO', 'NO', NULL, NULL, NULL, NULL, NULL, NULL, NULL, NULL, NULL),(1443, 54, 'age', '年龄', NULL, 'int', NULL, 'NO', 5, NULL, NULL, 'NO', 'NO', NULL, NULL, NULL, NULL, NULL, NULL, NULL, NULL, NULL),(1444, 54, 'gender', '性别', NULL, 'string', NULL, 'NO', 6, NULL, NULL, 'NO', 'NO', NULL, NULL, NULL, NULL, NULL, NULL, NULL, NULL, NULL),(1445, 55, 'json', 'json', 12, 'string', 'json', 'NO', 1, NULL, NULL, 'YES', 'NO', 'editor', NULL, NULL, NULL, NULL, NULL, NULL, NULL, NULL),(1446, 2, 'id', '主键', NULL, 'long', NULL, 'YES', 1, NULL, 'NO', 'NO', '', NULL, NULL, NULL, NULL, NULL, NULL, NULL, NULL, NULL),(1447, 2, 'dicCode', '字典编号', NULL, 'string', NULL, 'NO', 2, NULL, 'NO', 'YES', '', NULL, NULL, NULL, NULL, NULL, NULL, NULL, NULL, NULL),(1448, 2, 'dicName', '字典名称', NULL, 'string', NULL, 'NO', 3, NULL, 'NO', 'YES', '', NULL, NULL, NULL, NULL, NULL, NULL, NULL, NULL, NULL),(1449, 2, 'dicItem', '字典明细', 12, 'string', 'dicItemForm,parentId', 'NO', 4, NULL, 'NO', 'NO', NULL, 'input-table', NULL, NULL, NULL, NULL, NULL, NULL, NULL, NULL),(1450, 10, 'avatar', '头像', NULL, 'string', NULL, 'NO', 1, NULL, 'NO', 'NO', 'NO', 'input-image', NULL, NULL, NULL, NULL, NULL, NULL, NULL, NULL),(1451, 10, 'id', '主键', NULL, 'long', NULL, 'YES', 2, NULL, NULL, 'NO', NULL, NULL, NULL, NULL, NULL, NULL, NULL, NULL, NULL, NULL),(1452, 10, 'userCode', '员工号', NULL, 'string', NULL, 'NO', 3, NULL, NULL, 'YES', NULL, NULL, NULL, NULL, NULL, 'minLength:3,maxLength:10', NULL, NULL, NULL, NULL),(1453, 10, 'name', '姓名', NULL, 'string', NULL, 'NO', 4, NULL, NULL, 'YES', NULL, NULL, NULL, NULL, NULL, NULL, NULL, NULL, NULL, NULL),(1454, 10, 'mobile', '手机号', NULL, 'string', NULL, 'NO', 5, NULL, NULL, 'NO', NULL, NULL, NULL, NULL, NULL, NULL, NULL, NULL, NULL, NULL),(1455, 10, 'userType', '用户类型', NULL, 'dic', 'userType', 'NO', 6, NULL, NULL, 'YES', NULL, NULL, NULL, NULL, NULL, NULL, NULL, NULL, NULL, NULL),(1456, 10, 'userStatus', '用户状态', NULL, 'dic', 'userStatus', 'NO', 7, NULL, NULL, 'YES', NULL, NULL, NULL, NULL, NULL, NULL, NULL, NULL, NULL, NULL),(1457, 10, 'otherFiles', '附件列表', NULL, 'string', NULL, 'NO', 8, NULL, 'YES', 'NO', 'NO', 'input-file', NULL, NULL, NULL, NULL, NULL, NULL, NULL, NULL),(1466, 32, 'id', '主键', NULL, 'long', NULL, 'YES', 1, NULL, NULL, 'NO', 'NO', NULL, NULL, NULL, NULL, NULL, NULL, NULL, NULL, NULL),(1467, 32, 'name', '任务名称', NULL, 'string', NULL, 'NO', 2, NULL, NULL, 'YES', 'NO', NULL, NULL, NULL, NULL, NULL, NULL, NULL, NULL, NULL),(1468, 32, 'api', '接口', NULL, 'string', NULL, 'NO', 3, NULL, NULL, 'YES', 'NO', NULL, NULL, NULL, NULL, NULL, NULL, NULL, NULL, NULL),(1469, 32, 'schedulingPattern', '执行频率', NULL, 'string', NULL, 'NO', 4, NULL, NULL, 'YES', 'NO', NULL, NULL, NULL, NULL, NULL, NULL, NULL, NULL, NULL),(1470, 32, 'dataStatus', '状态', NULL, 'dic', 'dataStatus', 'NO', 5, NULL, NULL, 'YES', 'NO', NULL, NULL, NULL, NULL, NULL, NULL, NULL, NULL, NULL),(1471, 32, 'params', '参数', NULL, 'big-string', 'json', 'NO', 6, NULL, NULL, 'NO', 'NO', 'editor', NULL, NULL, NULL, NULL, NULL, NULL, NULL, NULL),(1472, 13, 'id', '主键', NULL, 'long', NULL, 'YES', 1, NULL, NULL, 'NO', 'NO', NULL, NULL, NULL, NULL, NULL, NULL, NULL, NULL, NULL),(1473, 13, 'enterpriseId', '企业id', NULL, 'long', NULL, 'YES', 2, NULL, NULL, 'NO', 'NO', NULL, NULL, NULL, NULL, NULL, NULL, NULL, NULL, NULL),(1474, 13, 'userId', '人员id', NULL, 'selector', 'user', 'NO', 3, NULL, 'YES', 'NO', 'NO', 'selector-pop', NULL, NULL, NULL, NULL, NULL, NULL, NULL, NULL),(1475, 20, 'id', '主键', NULL, 'long', NULL, 'YES', 1, NULL, NULL, 'NO', 'NO', NULL, NULL, NULL, NULL, NULL, NULL, NULL, NULL, NULL),(1476, 20, 'enterpriseUserId', '企业用户id', NULL, 'long', NULL, 'YES', 2, NULL, NULL, 'NO', 'NO', NULL, NULL, NULL, NULL, NULL, NULL, NULL, NULL, NULL),(1477, 20, 'positionId', '岗位id', NULL, 'selector', 'position', 'NO', 3, NULL, 'YES', 'NO', 'NO', 'selector-pop', NULL, NULL, NULL, NULL, NULL, NULL, NULL, NULL),(1478, 21, 'id', '主键', NULL, 'long', NULL, 'YES', 1, NULL, NULL, 'NO', 'NO', NULL, NULL, NULL, NULL, NULL, NULL, NULL, NULL, NULL),(1479, 21, 'enterpriseId', '企业id', NULL, 'long', NULL, 'YES', 2, '$enterpriseId', NULL, 'NO', 'NO', NULL, NULL, NULL, NULL, NULL, NULL, NULL, NULL, NULL),(1480, 21, 'userId', '选择用户', NULL, 'selector', 'otherEnterpriseUser', 'NO', 3, NULL, 'YES', 'NO', 'NO', 'selector-pop', NULL, NULL, NULL, NULL, NULL, NULL, NULL, NULL),(1481, 22, 'id', '主键', NULL, 'long', NULL, 'YES', 1, NULL, NULL, 'NO', 'NO', NULL, NULL, NULL, NULL, NULL, NULL, NULL, NULL, NULL),(1482, 22, 'deptId', '部门id', NULL, 'long', NULL, 'YES', 2, NULL, NULL, 'NO', 'NO', NULL, NULL, NULL, NULL, NULL, NULL, NULL, NULL, NULL),(1483, 22, 'enterpriseUserId', '人员', NULL, 'selector', 'enterpriseUser', 'NO', 3, NULL, 'YES', 'NO', 'NO', 'selector-pop', NULL, NULL, NULL, NULL, NULL, NULL, NULL, NULL),(1552, 57, 'id', '主键', NULL, 'long', NULL, 'YES', 1, NULL, NULL, 'NO', 'NO', NULL, NULL, NULL, NULL, NULL, NULL, NULL, NULL, NULL),(1553, 57, 'sqlInfoId', 'sql主键', NULL, 'long', NULL, 'YES', 2, NULL, NULL, 'NO', 'NO', NULL, NULL, NULL, NULL, NULL, NULL, NULL, NULL, NULL),(1554, 57, 'seq', '序号', NULL, 'int', NULL, 'NO', 3, NULL, NULL, 'NO', 'NO', NULL, NULL, NULL, NULL, NULL, NULL, NULL, NULL, NULL),(1555, 57, 'name', '参数名称', NULL, 'string', NULL, 'NO', 4, NULL, NULL, 'YES', 'NO', NULL, NULL, NULL, NULL, NULL, NULL, NULL, NULL, NULL),(1556, 57, 'label', '参数标签', NULL, 'string', NULL, 'NO', 5, NULL, NULL, 'YES', 'NO', NULL, NULL, NULL, NULL, NULL, NULL, NULL, NULL, NULL),(1557, 57, 'must', '是否必填', NULL, 'dic', 'whether', 'NO', 6, NULL, NULL, 'YES', 'NO', NULL, NULL, NULL, NULL, NULL, NULL, NULL, NULL, NULL),(1558, 57, 'paramType', '参数类型', NULL, 'dic', 'paramType', 'NO', 7, NULL, NULL, 'YES', 'NO', NULL, NULL, NULL, NULL, NULL, NULL, NULL, NULL, NULL),(1559, 57, 'format', '格式化', NULL, 'string', NULL, 'NO', 8, NULL, NULL, 'NO', 'NO', NULL, NULL, NULL, NULL, NULL, NULL, NULL, NULL, NULL),(1560, 57, 'defaultValue', '默认值', NULL, 'string', NULL, 'NO', 9, NULL, NULL, 'NO', 'NO', NULL, NULL, NULL, NULL, NULL, NULL, NULL, NULL, NULL),(1575, 58, 'id', '主键', NULL, 'long', NULL, 'YES', 1, NULL, NULL, 'NO', 'NO', NULL, NULL, NULL, NULL, NULL, NULL, NULL, NULL, NULL),(1576, 58, 'sqlInfoId', 'sql主键', NULL, 'long', NULL, 'YES', 2, NULL, NULL, 'NO', 'NO', NULL, NULL, NULL, NULL, NULL, NULL, NULL, NULL, NULL),(1577, 58, 'field', '字段', NULL, 'string', NULL, 'NO', 3, NULL, NULL, 'YES', 'NO', NULL, NULL, NULL, NULL, NULL, NULL, NULL, NULL, NULL),(1578, 58, 'label', '名称', NULL, 'string', NULL, 'NO', 4, NULL, NULL, 'YES', 'NO', NULL, NULL, NULL, NULL, NULL, NULL, NULL, NULL, NULL),(1579, 58, 'type', '类型', NULL, 'dic', 'paramType', 'NO', 5, NULL, NULL, 'YES', 'NO', NULL, NULL, NULL, NULL, NULL, NULL, NULL, NULL, NULL),(1580, 58, 'format', '格式化', NULL, 'string', NULL, 'NO', 6, NULL, NULL, 'NO', 'NO', NULL, NULL, NULL, NULL, NULL, NULL, NULL, NULL, NULL),(1581, 58, 'seq', '序号', NULL, 'int', NULL, 'YES', 7, NULL, NULL, 'NO', 'NO', NULL, NULL, NULL, NULL, NULL, NULL, NULL, NULL, NULL),(1665, 56, 'id', '主键', NULL, 'long', NULL, 'YES', 1, NULL, NULL, 'NO', 'NO', NULL, NULL, NULL, NULL, NULL, NULL, NULL, NULL, NULL),(1666, 56, 'code', '编号', 4, 'string', NULL, 'NO', 2, NULL, NULL, 'YES', 'NO', NULL, 'global', NULL, NULL, NULL, NULL, NULL, NULL, NULL),(1667, 56, 'name', '名称', 4, 'string', NULL, 'NO', 3, NULL, NULL, 'YES', 'NO', NULL, NULL, NULL, NULL, NULL, NULL, NULL, NULL, NULL),(1668, 56, 'sqlType', 'sql类型', 4, 'dic', 'sqlType', 'NO', 4, 'query', NULL, 'YES', 'NO', NULL, NULL, NULL, NULL, NULL, NULL, NULL, NULL, NULL),(1669, 56, 'refSqlCodes', '关联sql', 12, 'selector', 'sqlInfo', 'NO', 5, '', 'YES', 'NO', 'NO', NULL, NULL, NULL, NULL, NULL, NULL, NULL, NULL, NULL),(1670, 56, 'sqlInfo', 'sql语句', 12, 'sql', 'sql', 'NO', 6, NULL, NULL, 'YES', 'NO', 'editor', NULL, NULL, NULL, NULL, NULL, NULL, NULL, NULL),(1671, 56, 'sqlParams', '参数列表', 12, 'string', 'sqlParam,sqlInfoId', 'NO', 7, NULL, 'NO', 'NO', 'NO', 'input-table', NULL, NULL, NULL, NULL, NULL, NULL, NULL, NULL),(1672, 56, 'sqlResults', '结果集', 12, 'string', 'sqlResult,sqlInfoId', 'NO', 8, NULL, 'NO', 'NO', 'NO', 'input-table', NULL, NULL, NULL, NULL, NULL, NULL, NULL, NULL),(1677, 24, 'id', '主键', NULL, 'long', NULL, 'YES', 1, NULL, NULL, 'NO', 'NO', NULL, NULL, NULL, NULL, NULL, NULL, NULL, NULL, NULL),(1678, 24, 'parentId', '父id', NULL, 'selector', 'customerSource', 'NO', 2, NULL, NULL, 'NO', 'NO', NULL, NULL, NULL, NULL, NULL, NULL, NULL, NULL, NULL),(1679, 24, 'code', '来源编码', NULL, 'string', NULL, 'NO', 3, NULL, NULL, 'NO', 'NO', NULL, 'global', NULL, NULL, NULL, NULL, NULL, NULL, NULL),(1680, 24, 'name', '来源名称', NULL, 'string', NULL, 'NO', 4, NULL, NULL, 'NO', 'NO', NULL, NULL, NULL, NULL, NULL, NULL, NULL, NULL, NULL),(1756, 19, 'id', '主键', 12, 'long', NULL, 'YES', 1, NULL, NULL, 'NO', NULL, NULL, NULL, NULL, NULL, NULL, NULL, NULL, '基本信息', NULL),(1757, 19, 'userCode', '员工号', 4, 'string', NULL, 'NO', 2, NULL, NULL, 'YES', NULL, NULL, NULL, NULL, NULL, NULL, NULL, NULL, '基本信息', NULL),(1758, 19, 'name', '姓名', 4, 'string', NULL, 'NO', 3, NULL, NULL, 'YES', NULL, NULL, NULL, NULL, NULL, NULL, NULL, NULL, '基本信息', NULL),(1759, 19, 'mobile', '手机号', 4, 'string', NULL, 'NO', 4, NULL, NULL, 'NO', NULL, NULL, NULL, NULL, NULL, NULL, NULL, NULL, '基本信息', NULL),(1760, 19, 'userStatus', '用户状态', 4, 'dic', 'userStatus', 'NO', 5, NULL, NULL, 'YES', NULL, NULL, NULL, NULL, NULL, NULL, NULL, NULL, '基本信息', NULL),(1761, 19, 'deptId', '部门', 4, 'selector', 'dept', 'NO', 6, NULL, 'NO', 'NO', 'NO', NULL, NULL, NULL, NULL, NULL, NULL, NULL, '基本信息', NULL),(1762, 19, 'otherFiles', '附件列表', 8, 'string', NULL, 'NO', 7, NULL, 'YES', 'NO', 'NO', 'input-file', NULL, NULL, NULL, NULL, NULL, NULL, '其他', NULL),(1763, 19, 'avatar', '头像', 4, 'string', NULL, 'NO', 8, NULL, 'NO', 'NO', 'NO', 'input-image', NULL, NULL, NULL, NULL, NULL, NULL, '其他', NULL),(1772, 1, 'id', '主键', NULL, 'long', '', '', 1, '', '', '', '', '', '', '', '', '', '', NULL, '基本信息', NULL),(1773, 1, 'name', '名称', NULL, 'string', '', 'NO', 2, '', 'NO', 'NO', '', '', '', '', '', '', '', NULL, '基本信息', NULL),(1774, 1, 'code', '编号', NULL, 'string', '', 'NO', 3, '', 'NO', 'NO', '', '', '', '', '', '', '', NULL, '基本信息', NULL),(1775, 1, 'createTime', '时间', NULL, 'date', 'yyyy-MM-dd', 'NO', 4, '', 'NO', 'NO', '', '', '', '', '', '', '', NULL, '其他信息', NULL),(1782, 59, 'id', '主键', NULL, 'long', NULL, 'YES', 1, NULL, NULL, 'NO', 'NO', NULL, NULL, NULL, NULL, NULL, NULL, NULL, NULL, NULL),(1783, 59, 'name', '名称', 6, 'string', NULL, 'NO', 2, NULL, NULL, 'YES', 'NO', NULL, NULL, NULL, NULL, NULL, NULL, NULL, NULL, NULL),(1784, 59, 'code', '编号', 6, 'string', NULL, 'NO', 3, NULL, NULL, 'YES', 'NO', NULL, 'global', NULL, NULL, NULL, NULL, NULL, NULL, NULL),(1785, 59, 'sqlApiPrefix', '前缀', 6, 'dic', 'sqlApiPrefix', 'NO', 4, NULL, 'YES', 'YES', 'NO', NULL, NULL, NULL, NULL, NULL, NULL, NULL, NULL, NULL),(1786, 59, 'sqlApiType', '类型', 6, 'dic', 'sqlApiType', 'NO', 5, 'query', NULL, 'YES', 'NO', NULL, NULL, NULL, NULL, NULL, NULL, NULL, NULL, NULL),(1787, 59, 'content', '内容', NULL, 'big-string', 'json', 'NO', 6, NULL, NULL, 'YES', 'NO', 'editor', NULL, NULL, NULL, NULL, NULL, NULL, NULL, NULL),(1809, 42, 'id', '主键', NULL, 'long', NULL, 'YES', 1, NULL, NULL, 'NO', 'NO', NULL, NULL, NULL, NULL, NULL, NULL, NULL, NULL, NULL),(1810, 42, 'title', '标题', NULL, 'string', NULL, 'NO', 2, NULL, NULL, 'YES', 'NO', NULL, NULL, NULL, NULL, NULL, NULL, NULL, NULL, NULL),(1811, 42, 'content', '内容', NULL, 'big-string', 'full', 'NO', 3, NULL, NULL, 'YES', 'NO', 'input-rich-text', NULL, NULL, NULL, NULL, NULL, NULL, NULL, NULL),(1812, 42, 'updateTime', '更新日期', NULL, 'date', 'yyyy-MM-dd HH:mm:ss', 'NO', 4, NULL, NULL, 'YES', 'NO', 'input-datetime', NULL, NULL, NULL, NULL, NULL, NULL, NULL, NULL),(1878, 63, 'params', '参数', NULL, 'string', 'json', 'NO', 1, '{}', 'NO', 'YES', 'NO', 'editor', NULL, NULL, NULL, NULL, NULL, NULL, NULL, NULL),(1879, 63, 'value', '返回', NULL, 'string', NULL, 'NO', 2, NULL, 'NO', 'NO', 'NO', 'editor', NULL, NULL, NULL, NULL, NULL, NULL, NULL, NULL),(1989, 62, 'id', '主键', NULL, 'long', NULL, 'YES', 1, NULL, NULL, 'NO', 'NO', NULL, NULL, NULL, NULL, NULL, NULL, NULL, NULL, NULL),(1990, 62, 'code', '编号', 4, 'string', NULL, 'NO', 2, NULL, 'NO', 'YES', 'NO', NULL, 'global', NULL, NULL, NULL, NULL, NULL, NULL, NULL),(1991, 62, 'name', '名称', 4, 'string', NULL, 'NO', 3, NULL, 'NO', 'YES', 'NO', NULL, NULL, NULL, NULL, NULL, NULL, NULL, NULL, NULL),(1992, 62, 'seq', '序号', 4, 'int', NULL, 'NO', 4, NULL, 'NO', 'YES', 'NO', 'input-number', NULL, NULL, NULL, NULL, NULL, NULL, NULL, NULL),(1993, 62, 'content', '内容', NULL, 'big-string', '${templateType}', 'NO', 5, NULL, NULL, 'NO', 'NO', 'editor', NULL, NULL, NULL, NULL, NULL, NULL, NULL, '{\"size\":\"xl\"}'),(1994, 62, 'params', '参数', NULL, 'string', 'json', 'NO', 6, NULL, 'NO', 'NO', 'NO', 'editor', NULL, NULL, NULL, NULL, NULL, NULL, NULL, NULL),(1995, 62, 'templateType', '模板类型', NULL, 'string', NULL, 'NO', 7, NULL, 'NO', 'NO', 'NO', NULL, NULL, NULL, NULL, NULL, NULL, NULL, NULL, NULL),(2007, 60, 'id', '', NULL, 'long', NULL, 'YES', 1, NULL, NULL, 'NO', 'NO', NULL, NULL, NULL, NULL, NULL, NULL, NULL, NULL, NULL),(2008, 60, 'icon', '图标', NULL, 'string', NULL, 'NO', 2, NULL, NULL, 'NO', 'NO', NULL, NULL, NULL, NULL, NULL, NULL, NULL, NULL, NULL),(2009, 60, 'name', '名称', NULL, 'string', NULL, 'NO', 3, NULL, NULL, 'NO', 'NO', NULL, NULL, NULL, NULL, NULL, NULL, NULL, NULL, NULL),(2010, 60, 'whetherCommon', '常见图标', NULL, 'dic', 'whether', 'NO', 4, NULL, NULL, 'NO', 'NO', NULL, NULL, NULL, NULL, NULL, NULL, NULL, NULL, NULL),(2011, 5, 'id', '主键', NULL, 'long', NULL, 'YES', 1, NULL, 'NO', 'NO', '', NULL, NULL, NULL, NULL, NULL, NULL, NULL, NULL, NULL),(2012, 5, 'parentId', '父菜单', NULL, 'selector', 'menu', 'NO', 2, NULL, 'NO', 'NO', '', NULL, NULL, NULL, NULL, NULL, NULL, NULL, NULL, NULL),(2013, 5, 'menuCode', '菜单编号', NULL, 'string', NULL, 'NO', 3, NULL, 'NO', 'YES', '', NULL, 'global', NULL, NULL, NULL, NULL, NULL, NULL, NULL),(2014, 5, 'menuName', '菜单名称', NULL, 'string', NULL, 'NO', 4, NULL, 'NO', 'YES', '', NULL, NULL, NULL, NULL, NULL, NULL, NULL, NULL, NULL),(2015, 5, 'menuType', '菜单类型', NULL, 'dic', 'menuType', 'NO', 5, NULL, 'NO', 'YES', '', NULL, NULL, NULL, NULL, NULL, NULL, NULL, NULL, NULL),(2016, 5, 'url', '链接地址', NULL, 'long-string', NULL, 'NO', 6, NULL, 'NO', 'NO', 'NO', NULL, NULL, NULL, NULL, NULL, NULL, NULL, NULL, NULL),(2017, 5, 'seq', '序号', NULL, 'int', NULL, 'NO', 7, NULL, 'NO', 'YES', 'NO', NULL, NULL, NULL, NULL, NULL, NULL, NULL, NULL, NULL),(2018, 5, 'icon', '图标', NULL, 'string', NULL, 'NO', 8, NULL, 'NO', 'NO', 'NO', NULL, NULL, NULL, NULL, NULL, NULL, '<a href=\'http://lyear.itshubao.com/lyear_ui_icons.html\' target=\'_blank\'>搜索图标</a>', NULL, NULL),(2019, 5, 'whetherButton', '是否按钮', NULL, 'dic', 'whether', 'NO', 9, 'NO', 'NO', 'YES', 'NO', '', NULL, NULL, NULL, NULL, NULL, NULL, NULL, NULL),(2028, 61, 'id', '主键', NULL, 'long', NULL, 'YES', 1, NULL, NULL, 'NO', 'NO', NULL, NULL, NULL, NULL, NULL, NULL, NULL, NULL, NULL),(2029, 61, 'parentId', '父id', 4, 'selector', 'template', 'NO', 2, NULL, NULL, 'NO', 'NO', NULL, NULL, NULL, NULL, NULL, NULL, NULL, '', NULL),(2030, 61, 'code', '编号', 4, 'string', NULL, 'NO', 3, NULL, NULL, 'YES', 'NO', NULL, 'global', '', NULL, NULL, NULL, NULL, '', NULL),(2031, 61, 'name', '名称', 4, 'string', NULL, 'NO', 4, NULL, NULL, 'YES', 'NO', NULL, NULL, NULL, NULL, NULL, NULL, NULL, '', NULL),(2032, 61, 'seq', '序号', 4, 'int', NULL, 'NO', 5, NULL, NULL, 'YES', 'NO', NULL, NULL, NULL, NULL, NULL, NULL, NULL, '', NULL),(2033, 61, 'templateType', '模板类型', 4, 'string', NULL, 'NO', 6, 'text', 'NO', 'NO', 'NO', NULL, NULL, NULL, NULL, NULL, NULL, NULL, '', NULL),(2034, 61, 'content', '内容', NULL, 'string', '${templateType}', 'NO', 7, NULL, 'NO', 'NO', 'NO', 'editor', NULL, NULL, NULL, NULL, NULL, NULL, NULL, '{\"size\":\"xxl\"}'),(2035, 61, 'params', '参数', NULL, 'string', 'json', 'NO', 8, NULL, 'NO', 'NO', 'NO', 'editor', NULL, NULL, NULL, NULL, NULL, NULL, NULL, NULL),(2036, 37, 'id', '主键', NULL, 'long', NULL, 'YES', 1, NULL, NULL, 'NO', 'NO', NULL, NULL, NULL, NULL, NULL, NULL, NULL, NULL, NULL),(2037, 37, 'tableName', '表名', NULL, 'string', NULL, 'NO', 2, NULL, NULL, 'YES', 'NO', NULL, NULL, NULL, NULL, NULL, NULL, NULL, NULL, NULL),(2038, 37, 'tableComment', '注释', NULL, 'string', NULL, 'NO', 3, NULL, NULL, 'YES', 'NO', NULL, NULL, NULL, NULL, NULL, NULL, NULL, NULL, NULL),(2039, 37, 'openCache', '是否开启缓存', NULL, 'dic', 'whether', 'NO', 4, NULL, NULL, 'NO', 'NO', NULL, NULL, NULL, NULL, NULL, NULL, NULL, NULL, NULL),(2040, 37, 'saveLog', '保存日志', NULL, 'dic', 'whether', 'NO', 5, NULL, 'NO', 'NO', 'NO', NULL, NULL, NULL, NULL, NULL, NULL, NULL, NULL, NULL),(2041, 37, 'cacheKeyFields', '缓存key字段列表', NULL, 'string', NULL, 'NO', 6, NULL, NULL, 'NO', 'NO', 'textarea', NULL, NULL, NULL, NULL, NULL, NULL, NULL, NULL),(2042, 47, 'id', '主键', NULL, 'long', '', 'YES', 1, '', '', 'NO', 'NO', '', '', '', '', '', '', '', NULL, NULL),(2043, 47, 'tableName', '表名称', NULL, 'string', '', 'NO', 2, '', '', 'YES', 'NO', '', '', '', '', '', '', '', NULL, NULL),(2044, 47, 'eventType', '事件类型', NULL, 'dic', 'eventType', 'NO', 3, '', 'YES', 'YES', 'NO', '', '', '', '', '', '', '', NULL, NULL),(2045, 47, 'columnName', '字段名称', NULL, 'string', '', 'NO', 4, '', '', 'NO', 'NO', '', '', '', '', '', '', '', NULL, NULL),(2046, 47, 'afterApi', '接口', NULL, 'string', '', 'NO', 5, '', '', 'NO', 'NO', 'textarea', '', '', '', '', '', '', NULL, NULL),(2047, 47, 'javaBean', 'java接口', NULL, 'string', '', '', 6, '', '', 'NO', '', '', '', '', '', '', '', '', NULL, NULL),(2048, 47, 'seq', '序号', NULL, 'int', '', 'NO', 7, '1', '', 'YES', '', 'input-number', '', '', '', '', '', '', NULL, NULL),(2049, 3, 'id', '主键', NULL, 'long', NULL, 'YES', 1, NULL, 'NO', 'NO', '', NULL, NULL, NULL, NULL, NULL, NULL, NULL, NULL, NULL),(2050, 3, 'parentId', '字典id', NULL, 'long', NULL, 'YES', 2, NULL, 'NO', 'YES', '', NULL, NULL, NULL, NULL, NULL, NULL, NULL, NULL, NULL),(2051, 3, 'label', '字典标签', NULL, 'string', NULL, 'NO', 3, NULL, 'NO', 'YES', '', NULL, NULL, NULL, NULL, NULL, NULL, NULL, NULL, NULL),(2052, 3, 'value', '字典值', NULL, 'string', NULL, 'NO', 4, NULL, 'NO', 'YES', '', NULL, NULL, NULL, NULL, NULL, NULL, NULL, NULL, NULL),(2053, 3, 'seq', '序号', NULL, 'int', NULL, 'NO', 5, NULL, 'NO', 'YES', 'NO', NULL, NULL, NULL, NULL, NULL, NULL, NULL, NULL, NULL),(2054, 3, 'color', '字体颜色', NULL, 'string', NULL, 'NO', 6, NULL, NULL, 'NO', 'NO', 'input-color', NULL, NULL, NULL, NULL, NULL, NULL, NULL, NULL),(2055, 3, 'bgColor', '背景颜色', NULL, 'string', NULL, 'NO', 7, NULL, NULL, 'NO', 'NO', 'input-color', NULL, NULL, NULL, NULL, NULL, NULL, NULL, NULL),(2089, 65, 'id', '主键', NULL, 'long', NULL, 'YES', 1, NULL, NULL, 'NO', 'NO', NULL, NULL, NULL, NULL, NULL, NULL, NULL, NULL, NULL),(2090, 65, 'code', '编号', NULL, 'string', NULL, 'NO', 2, NULL, NULL, 'YES', 'NO', NULL, 'global', NULL, NULL, NULL, NULL, NULL, NULL, NULL),(2091, 65, 'name', '名称', NULL, 'string', NULL, 'NO', 3, NULL, NULL, 'YES', 'NO', NULL, NULL, NULL, NULL, NULL, NULL, NULL, NULL, NULL),(2092, 65, 'tableName', '表名称', NULL, 'string', NULL, 'NO', 4, NULL, NULL, 'YES', 'NO', NULL, NULL, NULL, NULL, NULL, NULL, NULL, NULL, NULL),(2093, 65, 'statusField', '状态字段', NULL, 'string', NULL, 'NO', 5, NULL, NULL, 'YES', 'NO', NULL, NULL, NULL, NULL, NULL, NULL, NULL, NULL, NULL),(2094, 65, 'statusDic', '状态字典', NULL, 'string', NULL, 'NO', 6, NULL, NULL, 'YES', 'NO', NULL, NULL, NULL, NULL, NULL, NULL, NULL, NULL, NULL),(2095, 65, 'viewForm', '查看表单', NULL, 'string', NULL, 'NO', 7, NULL, 'NO', 'YES', 'NO', NULL, NULL, NULL, NULL, NULL, NULL, NULL, NULL, NULL),(2096, 65, 'beforeApi', '前置接口', NULL, 'string', NULL, 'NO', 8, NULL, 'NO', 'NO', 'NO', NULL, NULL, NULL, NULL, NULL, NULL, NULL, NULL, NULL),(2097, 65, 'afterApi', '后置接口', NULL, 'string', NULL, 'NO', 9, NULL, 'NO', 'NO', 'NO', NULL, NULL, NULL, NULL, NULL, NULL, NULL, NULL, NULL),(2098, 65, 'extraJson', '扩展配置', 12, 'string', 'json', 'NO', 10, NULL, NULL, 'NO', 'NO', 'editor', NULL, NULL, NULL, NULL, NULL, NULL, NULL, NULL),(2112, 66, 'id', '主键', NULL, 'long', NULL, 'YES', 1, NULL, NULL, 'NO', 'NO', NULL, NULL, NULL, NULL, NULL, NULL, NULL, NULL, NULL),(2113, 66, 'code', '编号', NULL, 'string', NULL, 'NO', 2, NULL, NULL, 'NO', 'NO', NULL, NULL, NULL, NULL, NULL, NULL, NULL, NULL, NULL),(2114, 66, 'name', '名称', NULL, 'string', NULL, 'NO', 3, NULL, NULL, 'NO', 'NO', NULL, NULL, NULL, NULL, NULL, NULL, NULL, NULL, NULL),(2115, 66, 'version', '当前版本', NULL, 'int', NULL, 'NO', 4, NULL, NULL, 'NO', 'NO', NULL, NULL, NULL, NULL, NULL, NULL, NULL, NULL, NULL),(2116, 66, 'tableName', '表名称', NULL, 'string', NULL, 'NO', 5, NULL, NULL, 'NO', 'NO', NULL, NULL, NULL, NULL, NULL, NULL, NULL, NULL, NULL),(2117, 66, 'statusField', '状态字段', NULL, 'string', NULL, 'NO', 6, NULL, NULL, 'NO', 'NO', NULL, NULL, NULL, NULL, NULL, NULL, NULL, NULL, NULL),(2118, 66, 'statusDic', '状态字典', NULL, 'string', NULL, 'NO', 7, NULL, NULL, 'NO', 'NO', NULL, NULL, NULL, NULL, NULL, NULL, NULL, NULL, NULL),(2119, 66, 'viewForm', '查看表单', NULL, 'string', NULL, 'NO', 8, NULL, NULL, 'NO', 'NO', NULL, NULL, NULL, NULL, NULL, NULL, NULL, NULL, NULL),(2120, 66, 'beforeApi', '前置接口', NULL, 'string', NULL, 'NO', 9, NULL, NULL, 'NO', 'NO', NULL, NULL, NULL, NULL, NULL, NULL, NULL, NULL, NULL),(2121, 66, 'afterApi', '后置接口', NULL, 'string', NULL, 'NO', 10, NULL, NULL, 'NO', 'NO', NULL, NULL, NULL, NULL, NULL, NULL, NULL, NULL, NULL),(2122, 66, 'graphData', '流程数据', 12, 'big-string', 'json', 'NO', 11, NULL, NULL, 'NO', 'NO', 'editor', NULL, NULL, NULL, NULL, NULL, NULL, NULL, NULL),(2123, 66, 'extraJson', '扩展配置', 12, 'string', 'json', 'NO', 12, NULL, NULL, 'NO', 'NO', 'editor', NULL, NULL, NULL, NULL, NULL, NULL, NULL, NULL),(2131, 41, 'id', '主键', NULL, 'long', '', 'YES', 1, '', '', 'NO', 'NO', '', '', '', '', '', '', NULL, NULL, NULL),(2132, 41, 'orderCode', '订单号', 6, 'string', '', 'NO', 2, 'TO-${service.serial(\'dateSerial\')}', '', 'NO', 'YES', '', '', '', '', '', '', NULL, NULL, NULL),(2133, 41, 'customerManagerId', '客户经理', 6, 'selector', 'enterpriseUserSelector', 'NO', 3, '$userId', '', 'NO', 'YES', '', '', '', '', '', '', NULL, NULL, NULL),(2134, 41, 'designerId', '设计师id', 6, 'selector', 'enterpriseUserSelector', 'NO', 4, '', '', 'NO', 'YES', '', '', '', '', '', '', NULL, NULL, NULL),(2135, 41, 'testOrderStatus', '订单状态', 6, 'dic', 'testOrderStatus', 'NO', 5, '', '', 'NO', 'YES', '', '', '', '', '', '', NULL, NULL, NULL),(2136, 41, 'createTime', '创建时间', 6, 'date', 'yyyy-MM-dd HH:mm:ss', 'NO', 6, '$curDateTime', '', 'NO', 'YES', '', '', '', '', '', '', NULL, NULL, NULL),(2137, 41, 'amount', '订单金额', 6, 'double', NULL, 'NO', 7, NULL, 'NO', 'NO', 'YES', NULL, NULL, NULL, NULL, NULL, NULL, NULL, NULL, '{\n    \"precision\": 2\n}'),(2145, 40, 'id', '主键', NULL, 'long', NULL, 'YES', 1, NULL, NULL, 'NO', 'NO', NULL, NULL, NULL, NULL, NULL, NULL, NULL, NULL, NULL),(2146, 40, 'orderCode', '订单号', NULL, 'string', NULL, 'NO', 2, '${service.serial(\'dateSerial\')}', NULL, 'NO', 'YES', NULL, NULL, NULL, NULL, NULL, NULL, NULL, NULL, NULL),(2147, 40, 'customerManagerId', '客户经理id', NULL, 'selector', 'enterpriseUserSelector', 'NO', 3, '', NULL, 'YES', 'NO', NULL, NULL, '', NULL, NULL, NULL, NULL, NULL, NULL),(2148, 40, 'designerId', '设计师id', NULL, 'selector', 'enterpriseUserSelector', 'NO', 4, NULL, NULL, 'YES', 'NO', NULL, NULL, NULL, NULL, NULL, NULL, NULL, NULL, NULL),(2149, 40, 'testOrderStatus', '订单状态', NULL, 'dic', 'testOrderStatus', 'NO', 5, '1', NULL, 'NO', 'NO', NULL, NULL, NULL, NULL, NULL, NULL, NULL, NULL, NULL),(2150, 40, 'createTime', '创建时间', NULL, 'date', 'yyyy-MM-dd HH:mm:ss', 'NO', 6, '$curDateTime', NULL, 'NO', 'YES', NULL, NULL, NULL, NULL, NULL, NULL, NULL, NULL, NULL),(2151, 40, 'amount', '订单金额', NULL, 'double', NULL, 'NO', 7, NULL, 'NO', 'YES', 'NO', NULL, NULL, NULL, NULL, NULL, NULL, NULL, NULL, '{\n    \"precision\": 2\n}');
UNLOCK TABLES;
COMMIT;
BEGIN;
LOCK TABLES `jqp`.`form_ref` WRITE;
DELETE FROM `jqp`.`form_ref`;
INSERT INTO `jqp`.`form_ref` (`id`,`form_id`,`ref_page_code`,`ref_field`,`seq`) VALUES (9, 12, 'enterpriseManager', 'enterpriseId=${id}', NULL),(25, 6, 'dic_item_read_only', 'parentId=${id}', 1),(32, 18, 'deptManager', 'deptId=${id}', 1),(40, 19, 'enterpriseUserPosition', 'enterpriseUserId=${id}', 1);
UNLOCK TABLES;
COMMIT;
BEGIN;
LOCK TABLES `jqp`.`global_log` WRITE;
DELETE FROM `jqp`.`global_log`;
INSERT INTO `jqp`.`global_log` (`id`,`table_name`,`user_id`,`create_time`,`option_type`,`field`,`before_value`,`after_value`,`user_name`,`remark`,`ref_id`) VALUES (1, 'customer', 1, '2022-02-24 13:57:33', '修改', 'area', '333.0', '333.0', '管理员', '管理员在2022-02-24 13:57:32将字段面积的值从333.0改为333.0', 3),(2, 'customer', 1, '2022-02-24 13:58:49', '修改', 'customer_status', '1', '2', '管理员', '管理员在2022-02-24 13:58:48将字段客户状态的值从1改为2', 3),(3, 'customer_record', 1, '2022-02-24 13:58:49', '创建', NULL, NULL, '{\n    \"auditResult\": \"1\",\n    \"customerStatus\": \"2\",\n    \"auditUserId\": 1,\n    \"createTime\": 1645682328631,\n    \"customerId\": 3,\n    \"enterpriseId\": 4,\n    \"id\": 4\n}', '管理员', '管理员在2022-02-24 13:58:48创建了记录', 4),(4, 'page_result_field', 1, '2022-02-24 14:29:44', '删除', NULL, '{\n    \"hidden\": \"YES\",\n    \"label\": \"主键\",\n    \"pageId\": 30,\n    \"type\": \"long\",\n    \"field\": \"id\",\n    \"id\": 1259,\n    \"seq\": 1\n}', NULL, '管理员', '管理员在2022-02-24 14:29:44删除了记录', 1259),(5, 'page_result_field', 1, '2022-02-24 14:29:44', '删除', NULL, '{\n    \"hidden\": \"YES\",\n    \"label\": \"企业id\",\n    \"pageId\": 30,\n    \"type\": \"long\",\n    \"field\": \"enterprise_id\",\n    \"id\": 1260,\n    \"seq\": 2\n}', NULL, '管理员', '管理员在2022-02-24 14:29:44删除了记录', 1260),(6, 'page_result_field', 1, '2022-02-24 14:29:44', '删除', NULL, '{\n    \"hidden\": \"NO\",\n    \"label\": \"创建人\",\n    \"pageId\": 30,\n    \"type\": \"string\",\n    \"field\": \"user_name\",\n    \"id\": 1261,\n    \"seq\": 3\n}', NULL, '管理员', '管理员在2022-02-24 14:29:44删除了记录', 1261),(7, 'page_result_field', 1, '2022-02-24 14:29:44', '删除', NULL, '{\n    \"hidden\": \"NO\",\n    \"label\": \"部门名称\",\n    \"pageId\": 30,\n    \"type\": \"string\",\n    \"field\": \"dept_name\",\n    \"id\": 1262,\n    \"seq\": 4\n}', NULL, '管理员', '管理员在2022-02-24 14:29:44删除了记录', 1262),(8, 'page_result_field', 1, '2022-02-24 14:29:44', '删除', NULL, '{\n    \"hidden\": \"YES\",\n    \"label\": \"客户来源id\",\n    \"pageId\": 30,\n    \"type\": \"long\",\n    \"field\": \"customer_source_id\",\n    \"id\": 1263,\n    \"seq\": 5\n}', NULL, '管理员', '管理员在2022-02-24 14:29:44删除了记录', 1263),(9, 'page_result_field', 1, '2022-02-24 14:29:44', '删除', NULL, '{\n    \"hidden\": \"NO\",\n    \"label\": \"客户姓名\",\n    \"pageId\": 30,\n    \"type\": \"string\",\n    \"field\": \"name\",\n    \"id\": 1264,\n    \"seq\": 6\n}', NULL, '管理员', '管理员在2022-02-24 14:29:44删除了记录', 1264),(10, 'page_result_field', 1, '2022-02-24 14:29:44', '删除', NULL, '{\n    \"hidden\": \"NO\",\n    \"label\": \"手机号\",\n    \"pageId\": 30,\n    \"type\": \"string\",\n    \"field\": \"mobile\",\n    \"id\": 1265,\n    \"seq\": 7\n}', NULL, '管理员', '管理员在2022-02-24 14:29:44删除了记录', 1265),(11, 'page_result_field', 1, '2022-02-24 14:29:44', '删除', NULL, '{\n    \"hidden\": \"NO\",\n    \"format\": \"decorationType\",\n    \"label\": \"装修类型\",\n    \"pageId\": 30,\n    \"type\": \"dic\",\n    \"field\": \"decoration_type\",\n    \"id\": 1266,\n    \"seq\": 8\n}', NULL, '管理员', '管理员在2022-02-24 14:29:44删除了记录', 1266),(12, 'page_result_field', 1, '2022-02-24 14:29:44', '删除', NULL, '{\n    \"hidden\": \"NO\",\n    \"label\": \"客户地址\",\n    \"pageId\": 30,\n    \"type\": \"string\",\n    \"field\": \"address\",\n    \"id\": 1267,\n    \"seq\": 9\n}', NULL, '管理员', '管理员在2022-02-24 14:29:44删除了记录', 1267),(13, 'page_result_field', 1, '2022-02-24 14:29:44', '删除', NULL, '{\n    \"hidden\": \"NO\",\n    \"label\": \"面积\",\n    \"pageId\": 30,\n    \"type\": \"double\",\n    \"field\": \"area\",\n    \"id\": 1268,\n    \"seq\": 10\n}', NULL, '管理员', '管理员在2022-02-24 14:29:44删除了记录', 1268),(14, 'page_result_field', 1, '2022-02-24 14:29:44', '删除', NULL, '{\n    \"hidden\": \"NO\",\n    \"format\": \"customerStatus\",\n    \"label\": \"客户状态\",\n    \"pageId\": 30,\n    \"type\": \"dic\",\n    \"field\": \"customer_status\",\n    \"id\": 1269,\n    \"seq\": 11\n}', NULL, '管理员', '管理员在2022-02-24 14:29:44删除了记录', 1269),(15, 'page_result_field', 1, '2022-02-24 14:29:44', '创建', NULL, NULL, '{\n    \"pageId\": 30,\n    \"field\": \"id\",\n    \"label\": \"主键\",\n    \"type\": \"long\",\n    \"hidden\": \"YES\",\n    \"seq\": 1,\n    \"id\": 1434\n}', '管理员', '管理员在2022-02-24 14:29:44创建了记录', 1434),(16, 'page_result_field', 1, '2022-02-24 14:29:44', '创建', NULL, NULL, '{\n    \"pageId\": 30,\n    \"field\": \"enterprise_id\",\n    \"label\": \"企业id\",\n    \"type\": \"long\",\n    \"hidden\": \"YES\",\n    \"seq\": 2,\n    \"id\": 1435\n}', '管理员', '管理员在2022-02-24 14:29:44创建了记录', 1435),(17, 'page_result_field', 1, '2022-02-24 14:29:44', '创建', NULL, NULL, '{\n    \"pageId\": 30,\n    \"field\": \"user_name\",\n    \"label\": \"创建人\",\n    \"type\": \"string\",\n    \"hidden\": \"NO\",\n    \"seq\": 3,\n    \"id\": 1436\n}', '管理员', '管理员在2022-02-24 14:29:44创建了记录', 1436),(18, 'page_result_field', 1, '2022-02-24 14:29:44', '创建', NULL, NULL, '{\n    \"pageId\": 30,\n    \"field\": \"dept_name\",\n    \"label\": \"部门名称\",\n    \"type\": \"string\",\n    \"hidden\": \"NO\",\n    \"seq\": 4,\n    \"id\": 1437\n}', '管理员', '管理员在2022-02-24 14:29:44创建了记录', 1437),(19, 'page_result_field', 1, '2022-02-24 14:29:44', '创建', NULL, NULL, '{\n    \"pageId\": 30,\n    \"field\": \"customer_source_id\",\n    \"label\": \"客户来源id\",\n    \"type\": \"long\",\n    \"hidden\": \"YES\",\n    \"seq\": 5,\n    \"id\": 1438\n}', '管理员', '管理员在2022-02-24 14:29:44创建了记录', 1438),(20, 'page_result_field', 1, '2022-02-24 14:29:44', '创建', NULL, NULL, '{\n    \"pageId\": 30,\n    \"field\": \"name\",\n    \"label\": \"客户姓名\",\n    \"type\": \"string\",\n    \"hidden\": \"NO\",\n    \"seq\": 6,\n    \"id\": 1439\n}', '管理员', '管理员在2022-02-24 14:29:44创建了记录', 1439),(21, 'page_result_field', 1, '2022-02-24 14:29:44', '创建', NULL, NULL, '{\n    \"pageId\": 30,\n    \"field\": \"mobile\",\n    \"label\": \"手机号\",\n    \"type\": \"string\",\n    \"hidden\": \"NO\",\n    \"seq\": 7,\n    \"id\": 1440\n}', '管理员', '管理员在2022-02-24 14:29:44创建了记录', 1440),(22, 'page_result_field', 1, '2022-02-24 14:29:44', '创建', NULL, NULL, '{\n    \"pageId\": 30,\n    \"field\": \"decoration_type\",\n    \"label\": \"装修类型\",\n    \"type\": \"dic\",\n    \"format\": \"decorationType\",\n    \"hidden\": \"NO\",\n    \"seq\": 8,\n    \"id\": 1441\n}', '管理员', '管理员在2022-02-24 14:29:44创建了记录', 1441),(23, 'page_result_field', 1, '2022-02-24 14:29:44', '创建', NULL, NULL, '{\n    \"pageId\": 30,\n    \"field\": \"address\",\n    \"label\": \"客户地址\",\n    \"type\": \"string\",\n    \"hidden\": \"NO\",\n    \"seq\": 9,\n    \"id\": 1442\n}', '管理员', '管理员在2022-02-24 14:29:44创建了记录', 1442),(24, 'page_result_field', 1, '2022-02-24 14:29:44', '创建', NULL, NULL, '{\n    \"pageId\": 30,\n    \"field\": \"area\",\n    \"label\": \"面积\",\n    \"type\": \"double\",\n    \"hidden\": \"NO\",\n    \"seq\": 10,\n    \"id\": 1443\n}', '管理员', '管理员在2022-02-24 14:29:44创建了记录', 1443),(25, 'page_result_field', 1, '2022-02-24 14:29:44', '创建', NULL, NULL, '{\n    \"pageId\": 30,\n    \"field\": \"customer_status\",\n    \"label\": \"客户状态\",\n    \"type\": \"dic\",\n    \"format\": \"customerStatus\",\n    \"hidden\": \"NO\",\n    \"seq\": 11,\n    \"id\": 1444\n}', '管理员', '管理员在2022-02-24 14:29:44创建了记录', 1444),(26, 'page_query_field', 1, '2022-02-24 14:29:44', '删除', NULL, '{\n    \"hidden\": \"NO\",\n    \"label\": \"客户姓名\",\n    \"pageId\": 30,\n    \"type\": \"string\",\n    \"opt\": \"like\",\n    \"field\": \"name\",\n    \"must\": \"NO\",\n    \"id\": 452,\n    \"seq\": 1\n}', NULL, '管理员', '管理员在2022-02-24 14:29:44删除了记录', 452),(27, 'page_query_field', 1, '2022-02-24 14:29:44', '创建', NULL, NULL, '{\n    \"pageId\": 30,\n    \"opt\": \"like\",\n    \"field\": \"name\",\n    \"label\": \"客户姓名\",\n    \"hidden\": \"NO\",\n    \"must\": \"NO\",\n    \"type\": \"string\",\n    \"seq\": 1,\n    \"id\": 505\n}', '管理员', '管理员在2022-02-24 14:29:44创建了记录', 505),(28, 'page_button', 1, '2022-02-24 14:29:44', '删除', NULL, '{\n    \"code\": \"030201\",\n    \"level\": \"primary\",\n    \"optionValue\": \"customer\",\n    \"label\": \"新增\",\n    \"pageId\": 30,\n    \"optionType\": \"form\",\n    \"buttonLocation\": \"top\",\n    \"id\": 421,\n    \"seq\": 1\n}', NULL, '管理员', '管理员在2022-02-24 14:29:44删除了记录', 421),(29, 'page_button', 1, '2022-02-24 14:29:44', '删除', NULL, '{\n    \"code\": \"030202\",\n    \"level\": \"primary\",\n    \"optionValue\": \"customer\",\n    \"label\": \"编辑\",\n    \"pageId\": 30,\n    \"optionType\": \"form\",\n    \"buttonLocation\": \"row\",\n    \"jsRule\": \"customerStatus!=1\",\n    \"id\": 422,\n    \"seq\": 2\n}', NULL, '管理员', '管理员在2022-02-24 14:29:44删除了记录', 422),(30, 'page_button', 1, '2022-02-24 14:29:44', '删除', NULL, '{\n    \"code\": \"030203\",\n    \"level\": \"danger\",\n    \"optionValue\": \"post:/admin/common/customer/delete/${id}\",\n    \"confirmText\": \"确定删除客户${name}吗?\",\n    \"label\": \"删除\",\n    \"pageId\": 30,\n    \"optionType\": \"ajax\",\n    \"buttonLocation\": \"row\",\n    \"jsRule\": \"customerStatus!=1\",\n    \"id\": 423,\n    \"seq\": 3\n}', NULL, '管理员', '管理员在2022-02-24 14:29:44删除了记录', 423),(31, 'page_button', 1, '2022-02-24 14:29:44', '删除', NULL, '{\n    \"code\": \"030204\",\n    \"level\": \"primary\",\n    \"optionValue\": \"post:/admin/process/customerAudit/submit/pass/${id}\",\n    \"label\": \"提交\",\n    \"pageId\": 30,\n    \"optionType\": \"ajax\",\n    \"buttonLocation\": \"row\",\n    \"jsRule\": \"customerStatus!=1\",\n    \"id\": 424,\n    \"seq\": 4\n}', NULL, '管理员', '管理员在2022-02-24 14:29:44删除了记录', 424),(32, 'page_button', 1, '2022-02-24 14:29:44', '删除', NULL, '{\n    \"code\": \"030205\",\n    \"level\": \"primary\",\n    \"optionValue\": \"customerRecord,customerId\",\n    \"label\": \"审核记录\",\n    \"pageId\": 30,\n    \"optionType\": \"page\",\n    \"buttonLocation\": \"row\",\n    \"id\": 425,\n    \"seq\": 5\n}', NULL, '管理员', '管理员在2022-02-24 14:29:44删除了记录', 425),(33, 'page_button', 1, '2022-02-24 14:29:44', '删除', NULL, '{\n    \"code\": \"030206\",\n    \"level\": \"primary\",\n    \"optionValue\": \"customerManagerAuditView\",\n    \"label\": \"主管审核\",\n    \"pageId\": 30,\n    \"optionType\": \"form\",\n    \"buttonLocation\": \"row\",\n    \"jsRule\": \"customerStatus!=2\",\n    \"id\": 426,\n    \"seq\": 6\n}', NULL, '管理员', '管理员在2022-02-24 14:29:44删除了记录', 426),(34, 'page_button', 1, '2022-02-24 14:29:44', '删除', NULL, '{\n    \"code\": \"030210\",\n    \"level\": \"primary\",\n    \"optionValue\": \"customerFinanceAudit\",\n    \"label\": \"财务审核\",\n    \"pageId\": 30,\n    \"optionType\": \"form\",\n    \"buttonLocation\": \"row\",\n    \"jsRule\": \"customerStatus!=3\",\n    \"id\": 427,\n    \"seq\": 7\n}', NULL, '管理员', '管理员在2022-02-24 14:29:44删除了记录', 427),(35, 'page_button', 1, '2022-02-24 14:29:44', '创建', NULL, NULL, '{\n    \"pageId\": 30,\n    \"buttonLocation\": \"top\",\n    \"label\": \"新增\",\n    \"optionType\": \"form\",\n    \"optionValue\": \"customer\",\n    \"level\": \"primary\",\n    \"seq\": 1,\n    \"code\": \"030201\",\n    \"id\": 482\n}', '管理员', '管理员在2022-02-24 14:29:44创建了记录', 482),(36, 'page_button', 1, '2022-02-24 14:29:44', '创建', NULL, NULL, '{\n    \"pageId\": 30,\n    \"buttonLocation\": \"row\",\n    \"label\": \"编辑\",\n    \"optionType\": \"form\",\n    \"optionValue\": \"customer\",\n    \"level\": \"primary\",\n    \"seq\": 2,\n    \"jsRule\": \"customerStatus!=1\",\n    \"code\": \"030202\",\n    \"id\": 483\n}', '管理员', '管理员在2022-02-24 14:29:44创建了记录', 483),(37, 'page_button', 1, '2022-02-24 14:29:44', '创建', NULL, NULL, '{\n    \"pageId\": 30,\n    \"buttonLocation\": \"row\",\n    \"label\": \"删除\",\n    \"optionType\": \"ajax\",\n    \"optionValue\": \"post:/admin/common/customer/delete/${id}\",\n    \"level\": \"danger\",\n    \"confirmText\": \"确定删除客户${name}吗?\",\n    \"seq\": 3,\n    \"jsRule\": \"customerStatus!=1\",\n    \"code\": \"030203\",\n    \"id\": 484\n}', '管理员', '管理员在2022-02-24 14:29:44创建了记录', 484),(38, 'page_button', 1, '2022-02-24 14:29:45', '创建', NULL, NULL, '{\n    \"pageId\": 30,\n    \"buttonLocation\": \"row\",\n    \"label\": \"提交\",\n    \"optionType\": \"ajax\",\n    \"optionValue\": \"post:/admin/process/customerAudit/submit/pass/${id}\",\n    \"level\": \"primary\",\n    \"seq\": 4,\n    \"jsRule\": \"customerStatus!=1\",\n    \"code\": \"030204\",\n    \"id\": 485\n}', '管理员', '管理员在2022-02-24 14:29:44创建了记录', 485),(39, 'page_button', 1, '2022-02-24 14:29:45', '创建', NULL, NULL, '{\n    \"pageId\": 30,\n    \"buttonLocation\": \"row\",\n    \"label\": \"审核记录\",\n    \"optionType\": \"page\",\n    \"optionValue\": \"customerRecord,customerId\",\n    \"level\": \"primary\",\n    \"seq\": 5,\n    \"code\": \"030205\",\n    \"id\": 486\n}', '管理员', '管理员在2022-02-24 14:29:44创建了记录', 486),(40, 'page_button', 1, '2022-02-24 14:29:45', '创建', NULL, NULL, '{\n    \"pageId\": 30,\n    \"buttonLocation\": \"row\",\n    \"label\": \"主管审核\",\n    \"optionType\": \"form\",\n    \"optionValue\": \"customerManagerAuditView\",\n    \"level\": \"primary\",\n    \"seq\": 6,\n    \"jsRule\": \"customerStatus!=2\",\n    \"code\": \"030206\",\n    \"id\": 487\n}', '管理员', '管理员在2022-02-24 14:29:44创建了记录', 487),(41, 'page_button', 1, '2022-02-24 14:29:45', '创建', NULL, NULL, '{\n    \"pageId\": 30,\n    \"buttonLocation\": \"row\",\n    \"label\": \"财务审核\",\n    \"optionType\": \"form\",\n    \"optionValue\": \"customerFinanceAudit\",\n    \"level\": \"primary\",\n    \"seq\": 7,\n    \"jsRule\": \"customerStatus!=3\",\n    \"code\": \"030210\",\n    \"id\": 488\n}', '管理员', '管理员在2022-02-24 14:29:44创建了记录', 488),(42, 'page_button', 1, '2022-02-24 14:29:45', '创建', NULL, NULL, '{\n    \"pageId\": 30,\n    \"buttonLocation\": \"row\",\n    \"label\": \"操作日志\",\n    \"optionType\": \"iframe\",\n    \"optionValue\": \"/admin/operationLog/page/customer/${id}\",\n    \"level\": \"primary\",\n    \"seq\": 8,\n    \"id\": 489\n}', '管理员', '管理员在2022-02-24 14:29:44创建了记录', 489),(43, 'customer', 1, '2022-02-24 15:45:57', '创建', NULL, NULL, '{\n    \"id\": 4,\n    \"enterpriseId\": 4,\n    \"userId\": 1,\n    \"customerSourceId\": 3,\n    \"name\": \"测试\",\n    \"mobile\": \"123123\",\n    \"decorationType\": \"2\",\n    \"address\": \"1231\",\n    \"area\": 111,\n    \"customerStatus\": \"1\"\n}', '管理员', '管理员在2022-02-24 15:45:57创建了记录', 4),(44, 'customer', 1, '2022-02-24 15:46:11', '修改', 'name', '测试', '测试1', '管理员', '管理员在2022-02-24 15:46:10将字段客户姓名的值从测试改为测试1', 4),(45, 'customer', 1, '2022-02-24 15:46:11', '修改', 'mobile', '123123', '1231232', '管理员', '管理员在2022-02-24 15:46:10将字段手机号的值从123123改为1231232', 4),(46, 'page', 1, '2022-02-24 15:50:54', '创建', NULL, NULL, '{\n    \"code\": \"logTable\",\n    \"name\": \"记录日志的表列表\",\n    \"querySql\": \"-- 查询记录日志的表\\nselect\\n\\tid, -- 主键\\n\\tlt.table_name, -- 表名\\n\\tlt.table_comment -- 注释\\nfrom log_table lt\",\n    \"pageType\": \"list\",\n    \"orderBy\": \" order by id desc \",\n    \"js\": \"\",\n    \"queryFields\": [\n    ],\n    \"resultFields\": [\n        {\n            \"field\": \"id\",\n            \"label\": \"主键\",\n            \"type\": \"long\",\n            \"hidden\": \"YES\",\n            \"seq\": 0\n        },\n        {\n            \"field\": \"table_name\",\n            \"label\": \"表名\",\n            \"type\": \"string\",\n            \"hidden\": \"NO\",\n            \"seq\": 0\n        },\n        {\n            \"field\": \"table_comment\",\n            \"label\": \"注释\",\n            \"type\": \"string\",\n            \"hidden\": \"NO\",\n            \"seq\": 0\n        }\n    ],\n    \"pageButtons\": [\n        {\n            \"buttonLocation\": \"top\",\n            \"label\": \"新增\",\n            \"optionType\": \"form\",\n            \"optionValue\": \"logTable\",\n            \"level\": \"primary\",\n            \"seq\": 0\n        },\n        {\n            \"buttonLocation\": \"row\",\n            \"label\": \"编辑\",\n            \"optionType\": \"form\",\n            \"optionValue\": \"logTable\",\n            \"level\": \"primary\",\n            \"seq\": 0\n        },\n        {\n            \"buttonLocation\": \"row\",\n            \"label\": \"删除\",\n            \"optionType\": \"ajax\",\n            \"optionValue\": \"post:/admin/common/logTable/delete/${id}\",\n            \"level\": \"danger\",\n            \"confirmText\": \"确定删除记录日志的表${name}吗?\",\n            \"seq\": 0\n        }\n    ],\n    \"id\": 41\n}', '管理员', '管理员在2022-02-24 15:50:53创建了记录', 41),(47, 'page_result_field', 1, '2022-02-24 15:50:54', '创建', NULL, NULL, '{\n    \"pageId\": 41,\n    \"field\": \"id\",\n    \"label\": \"主键\",\n    \"type\": \"long\",\n    \"hidden\": \"YES\",\n    \"seq\": 1,\n    \"id\": 1445\n}', '管理员', '管理员在2022-02-24 15:50:53创建了记录', 1445),(48, 'page_result_field', 1, '2022-02-24 15:50:54', '创建', NULL, NULL, '{\n    \"pageId\": 41,\n    \"field\": \"table_name\",\n    \"label\": \"表名\",\n    \"type\": \"string\",\n    \"hidden\": \"NO\",\n    \"seq\": 2,\n    \"id\": 1446\n}', '管理员', '管理员在2022-02-24 15:50:53创建了记录', 1446),(49, 'page_result_field', 1, '2022-02-24 15:50:54', '创建', NULL, NULL, '{\n    \"pageId\": 41,\n    \"field\": \"table_comment\",\n    \"label\": \"注释\",\n    \"type\": \"string\",\n    \"hidden\": \"NO\",\n    \"seq\": 3,\n    \"id\": 1447\n}', '管理员', '管理员在2022-02-24 15:50:53创建了记录', 1447),(50, 'page_button', 1, '2022-02-24 15:50:54', '创建', NULL, NULL, '{\n    \"pageId\": 41,\n    \"buttonLocation\": \"top\",\n    \"label\": \"新增\",\n    \"optionType\": \"form\",\n    \"optionValue\": \"logTable\",\n    \"level\": \"primary\",\n    \"seq\": 1,\n    \"id\": 490\n}', '管理员', '管理员在2022-02-24 15:50:53创建了记录', 490),(51, 'page_button', 1, '2022-02-24 15:50:54', '创建', NULL, NULL, '{\n    \"pageId\": 41,\n    \"buttonLocation\": \"row\",\n    \"label\": \"编辑\",\n    \"optionType\": \"form\",\n    \"optionValue\": \"logTable\",\n    \"level\": \"primary\",\n    \"seq\": 2,\n    \"id\": 491\n}', '管理员', '管理员在2022-02-24 15:50:53创建了记录', 491),(52, 'page_button', 1, '2022-02-24 15:50:54', '创建', NULL, NULL, '{\n    \"pageId\": 41,\n    \"buttonLocation\": \"row\",\n    \"label\": \"删除\",\n    \"optionType\": \"ajax\",\n    \"optionValue\": \"post:/admin/common/logTable/delete/${id}\",\n    \"level\": \"danger\",\n    \"confirmText\": \"确定删除记录日志的表${name}吗?\",\n    \"seq\": 3,\n    \"id\": 492\n}', '管理员', '管理员在2022-02-24 15:50:53创建了记录', 492),(53, 'form', 1, '2022-02-24 15:50:54', '创建', NULL, NULL, '{\n    \"code\": \"logTable\",\n    \"name\": \"记录日志的表表单\",\n    \"tableName\": \"log_table\",\n    \"formFields\": [\n        {\n            \"disabled\": \"NO\",\n            \"field\": \"id\",\n            \"label\": \"主键\",\n            \"hidden\": \"YES\",\n            \"must\": \"NO\",\n            \"type\": \"long\",\n            \"seq\": 0\n        },\n        {\n            \"disabled\": \"NO\",\n            \"field\": \"tableName\",\n            \"label\": \"表名\",\n            \"hidden\": \"NO\",\n            \"must\": \"NO\",\n            \"type\": \"string\",\n            \"seq\": 0\n        },\n        {\n            \"disabled\": \"NO\",\n            \"field\": \"tableComment\",\n            \"label\": \"注释\",\n            \"hidden\": \"NO\",\n            \"must\": \"NO\",\n            \"type\": \"string\",\n            \"seq\": 0\n        }\n    ],\n    \"formRefs\": [\n    ],\n    \"formButtons\": [\n    ],\n    \"size\": \"default\",\n    \"fieldWidth\": 12,\n    \"disabled\": \"NO\",\n    \"initSql\": \"\",\n    \"beforeApi\": \"\",\n    \"afterApi\": \"\",\n    \"id\": 37\n}', '管理员', '管理员在2022-02-24 15:50:53创建了记录', 37),(54, 'form_field', 1, '2022-02-24 15:50:54', '创建', NULL, NULL, '{\n    \"formId\": 37,\n    \"disabled\": \"NO\",\n    \"field\": \"id\",\n    \"label\": \"主键\",\n    \"hidden\": \"YES\",\n    \"must\": \"NO\",\n    \"type\": \"long\",\n    \"seq\": 0,\n    \"id\": 935\n}', '管理员', '管理员在2022-02-24 15:50:53创建了记录', 935),(55, 'form_field', 1, '2022-02-24 15:50:54', '创建', NULL, NULL, '{\n    \"formId\": 37,\n    \"disabled\": \"NO\",\n    \"field\": \"tableName\",\n    \"label\": \"表名\",\n    \"hidden\": \"NO\",\n    \"must\": \"NO\",\n    \"type\": \"string\",\n    \"seq\": 0,\n    \"id\": 936\n}', '管理员', '管理员在2022-02-24 15:50:53创建了记录', 936),(56, 'form_field', 1, '2022-02-24 15:50:54', '创建', NULL, NULL, '{\n    \"formId\": 37,\n    \"disabled\": \"NO\",\n    \"field\": \"tableComment\",\n    \"label\": \"注释\",\n    \"hidden\": \"NO\",\n    \"must\": \"NO\",\n    \"type\": \"string\",\n    \"seq\": 0,\n    \"id\": 937\n}', '管理员', '管理员在2022-02-24 15:50:53创建了记录', 937),(57, 'sys_menu', 1, '2022-02-24 15:50:54', '创建', NULL, NULL, '{\n    \"menuName\": \"记录日志的表\",\n    \"url\": \"/crud/logTable\",\n    \"menuCode\": \"04\",\n    \"menuType\": \"1\",\n    \"enterpriseId\": 4,\n    \"id\": 143,\n    \"seq\": 4\n}', '管理员', '管理员在2022-02-24 15:50:53创建了记录', 143),(58, 'sys_menu', 1, '2022-02-24 15:51:25', '修改', 'parent_id', '', '7', '管理员', '管理员在2022-02-24 15:51:24将字段父菜单的值从null改为7', 143),(59, 'sys_menu', 1, '2022-02-24 15:51:25', '修改', 'menu_code', '04', '0116', '管理员', '管理员在2022-02-24 15:51:24将字段菜单编号的值从04改为0116', 143),(60, 'sys_menu', 1, '2022-02-24 15:51:25', '修改', 'seq', '4', '16', '管理员', '管理员在2022-02-24 15:51:24将字段序号的值从4改为16', 143),(61, 'sys_menu', 1, '2022-02-24 15:51:25', '修改', 'whether_button', '', 'NO', '管理员', '管理员在2022-02-24 15:51:24将字段是否按钮的值从null改为NO', 143),(62, 'enterprise_menu', 1, '2022-02-24 15:51:48', '删除', NULL, '{\n    \"menuId\": 117,\n    \"id\": 680,\n    \"enterpriseId\": 4\n}', NULL, '管理员', '管理员在2022-02-24 15:51:47删除了记录', 680),(63, 'enterprise_menu', 1, '2022-02-24 15:51:48', '删除', NULL, '{\n    \"menuId\": 118,\n    \"id\": 681,\n    \"enterpriseId\": 4\n}', NULL, '管理员', '管理员在2022-02-24 15:51:47删除了记录', 681),(64, 'enterprise_menu', 1, '2022-02-24 15:51:48', '删除', NULL, '{\n    \"menuId\": 119,\n    \"id\": 682,\n    \"enterpriseId\": 4\n}', NULL, '管理员', '管理员在2022-02-24 15:51:47删除了记录', 682),(65, 'enterprise_menu', 1, '2022-02-24 15:51:48', '删除', NULL, '{\n    \"menuId\": 120,\n    \"id\": 683,\n    \"enterpriseId\": 4\n}', NULL, '管理员', '管理员在2022-02-24 15:51:47删除了记录', 683),(66, 'enterprise_menu', 1, '2022-02-24 15:51:48', '删除', NULL, '{\n    \"menuId\": 121,\n    \"id\": 684,\n    \"enterpriseId\": 4\n}', NULL, '管理员', '管理员在2022-02-24 15:51:47删除了记录', 684),(67, 'enterprise_menu', 1, '2022-02-24 15:51:48', '删除', NULL, '{\n    \"menuId\": 122,\n    \"id\": 685,\n    \"enterpriseId\": 4\n}', NULL, '管理员', '管理员在2022-02-24 15:51:47删除了记录', 685),(68, 'enterprise_menu', 1, '2022-02-24 15:51:48', '删除', NULL, '{\n    \"menuId\": 123,\n    \"id\": 686,\n    \"enterpriseId\": 4\n}', NULL, '管理员', '管理员在2022-02-24 15:51:47删除了记录', 686),(69, 'enterprise_menu', 1, '2022-02-24 15:51:48', '删除', NULL, '{\n    \"menuId\": 124,\n    \"id\": 687,\n    \"enterpriseId\": 4\n}', NULL, '管理员', '管理员在2022-02-24 15:51:47删除了记录', 687),(70, 'enterprise_menu', 1, '2022-02-24 15:51:48', '删除', NULL, '{\n    \"menuId\": 125,\n    \"id\": 688,\n    \"enterpriseId\": 4\n}', NULL, '管理员', '管理员在2022-02-24 15:51:47删除了记录', 688),(71, 'enterprise_menu', 1, '2022-02-24 15:51:48', '删除', NULL, '{\n    \"menuId\": 126,\n    \"id\": 689,\n    \"enterpriseId\": 4\n}', NULL, '管理员', '管理员在2022-02-24 15:51:47删除了记录', 689),(72, 'enterprise_menu', 1, '2022-02-24 15:51:48', '删除', NULL, '{\n    \"menuId\": 127,\n    \"id\": 690,\n    \"enterpriseId\": 4\n}', NULL, '管理员', '管理员在2022-02-24 15:51:47删除了记录', 690),(73, 'enterprise_menu', 1, '2022-02-24 15:51:48', '删除', NULL, '{\n    \"menuId\": 128,\n    \"id\": 691,\n    \"enterpriseId\": 4\n}', NULL, '管理员', '管理员在2022-02-24 15:51:47删除了记录', 691),(74, 'enterprise_menu', 1, '2022-02-24 15:51:48', '删除', NULL, '{\n    \"menuId\": 129,\n    \"id\": 692,\n    \"enterpriseId\": 4\n}', NULL, '管理员', '管理员在2022-02-24 15:51:47删除了记录', 692),(75, 'enterprise_menu', 1, '2022-02-24 15:51:48', '删除', NULL, '{\n    \"menuId\": 130,\n    \"id\": 693,\n    \"enterpriseId\": 4\n}', NULL, '管理员', '管理员在2022-02-24 15:51:47删除了记录', 693),(76, 'enterprise_menu', 1, '2022-02-24 15:51:48', '删除', NULL, '{\n    \"menuId\": 131,\n    \"id\": 694,\n    \"enterpriseId\": 4\n}', NULL, '管理员', '管理员在2022-02-24 15:51:47删除了记录', 694),(77, 'enterprise_menu', 1, '2022-02-24 15:51:48', '删除', NULL, '{\n    \"menuId\": 52,\n    \"id\": 695,\n    \"enterpriseId\": 4\n}', NULL, '管理员', '管理员在2022-02-24 15:51:47删除了记录', 695),(78, 'enterprise_menu', 1, '2022-02-24 15:51:48', '删除', NULL, '{\n    \"menuId\": 53,\n    \"id\": 696,\n    \"enterpriseId\": 4\n}', NULL, '管理员', '管理员在2022-02-24 15:51:47删除了记录', 696),(79, 'enterprise_menu', 1, '2022-02-24 15:51:48', '删除', NULL, '{\n    \"menuId\": 54,\n    \"id\": 697,\n    \"enterpriseId\": 4\n}', NULL, '管理员', '管理员在2022-02-24 15:51:47删除了记录', 697),(80, 'enterprise_menu', 1, '2022-02-24 15:51:48', '删除', NULL, '{\n    \"menuId\": 55,\n    \"id\": 698,\n    \"enterpriseId\": 4\n}', NULL, '管理员', '管理员在2022-02-24 15:51:47删除了记录', 698),(81, 'enterprise_menu', 1, '2022-02-24 15:51:48', '删除', NULL, '{\n    \"menuId\": 56,\n    \"id\": 699,\n    \"enterpriseId\": 4\n}', NULL, '管理员', '管理员在2022-02-24 15:51:47删除了记录', 699),(82, 'enterprise_menu', 1, '2022-02-24 15:51:48', '删除', NULL, '{\n    \"menuId\": 57,\n    \"id\": 700,\n    \"enterpriseId\": 4\n}', NULL, '管理员', '管理员在2022-02-24 15:51:47删除了记录', 700),(83, 'enterprise_menu', 1, '2022-02-24 15:51:48', '删除', NULL, '{\n    \"menuId\": 58,\n    \"id\": 701,\n    \"enterpriseId\": 4\n}', NULL, '管理员', '管理员在2022-02-24 15:51:48删除了记录', 701),(84, 'enterprise_menu', 1, '2022-02-24 15:51:48', '删除', NULL, '{\n    \"menuId\": 59,\n    \"id\": 702,\n    \"enterpriseId\": 4\n}', NULL, '管理员', '管理员在2022-02-24 15:51:48删除了记录', 702),(85, 'enterprise_menu', 1, '2022-02-24 15:51:48', '删除', NULL, '{\n    \"menuId\": 60,\n    \"id\": 703,\n    \"enterpriseId\": 4\n}', NULL, '管理员', '管理员在2022-02-24 15:51:48删除了记录', 703),(86, 'enterprise_menu', 1, '2022-02-24 15:51:48', '删除', NULL, '{\n    \"menuId\": 61,\n    \"id\": 704,\n    \"enterpriseId\": 4\n}', NULL, '管理员', '管理员在2022-02-24 15:51:48删除了记录', 704),(87, 'enterprise_menu', 1, '2022-02-24 15:51:48', '删除', NULL, '{\n    \"menuId\": 62,\n    \"id\": 705,\n    \"enterpriseId\": 4\n}', NULL, '管理员', '管理员在2022-02-24 15:51:48删除了记录', 705),(88, 'enterprise_menu', 1, '2022-02-24 15:51:48', '删除', NULL, '{\n    \"menuId\": 63,\n    \"id\": 706,\n    \"enterpriseId\": 4\n}', NULL, '管理员', '管理员在2022-02-24 15:51:48删除了记录', 706),(89, 'enterprise_menu', 1, '2022-02-24 15:51:48', '删除', NULL, '{\n    \"menuId\": 64,\n    \"id\": 707,\n    \"enterpriseId\": 4\n}', NULL, '管理员', '管理员在2022-02-24 15:51:48删除了记录', 707),(90, 'enterprise_menu', 1, '2022-02-24 15:51:48', '删除', NULL, '{\n    \"menuId\": 92,\n    \"id\": 708,\n    \"enterpriseId\": 4\n}', NULL, '管理员', '管理员在2022-02-24 15:51:48删除了记录', 708),(91, 'enterprise_menu', 1, '2022-02-24 15:51:48', '删除', NULL, '{\n    \"menuId\": 141,\n    \"id\": 709,\n    \"enterpriseId\": 4\n}', NULL, '管理员', '管理员在2022-02-24 15:51:48删除了记录', 709),(92, 'enterprise_menu', 1, '2022-02-24 15:51:48', '删除', NULL, '{\n    \"menuId\": 65,\n    \"id\": 710,\n    \"enterpriseId\": 4\n}', NULL, '管理员', '管理员在2022-02-24 15:51:48删除了记录', 710),(93, 'enterprise_menu', 1, '2022-02-24 15:51:48', '删除', NULL, '{\n    \"menuId\": 66,\n    \"id\": 711,\n    \"enterpriseId\": 4\n}', NULL, '管理员', '管理员在2022-02-24 15:51:48删除了记录', 711),(94, 'enterprise_menu', 1, '2022-02-24 15:51:48', '删除', NULL, '{\n    \"menuId\": 67,\n    \"id\": 712,\n    \"enterpriseId\": 4\n}', NULL, '管理员', '管理员在2022-02-24 15:51:48删除了记录', 712),(95, 'enterprise_menu', 1, '2022-02-24 15:51:48', '删除', NULL, '{\n    \"menuId\": 68,\n    \"id\": 713,\n    \"enterpriseId\": 4\n}', NULL, '管理员', '管理员在2022-02-24 15:51:48删除了记录', 713),(96, 'enterprise_menu', 1, '2022-02-24 15:51:48', '删除', NULL, '{\n    \"menuId\": 69,\n    \"id\": 714,\n    \"enterpriseId\": 4\n}', NULL, '管理员', '管理员在2022-02-24 15:51:48删除了记录', 714),(97, 'enterprise_menu', 1, '2022-02-24 15:51:48', '删除', NULL, '{\n    \"menuId\": 70,\n    \"id\": 715,\n    \"enterpriseId\": 4\n}', NULL, '管理员', '管理员在2022-02-24 15:51:48删除了记录', 715),(98, 'enterprise_menu', 1, '2022-02-24 15:51:48', '删除', NULL, '{\n    \"menuId\": 89,\n    \"id\": 716,\n    \"enterpriseId\": 4\n}', NULL, '管理员', '管理员在2022-02-24 15:51:48删除了记录', 716),(99, 'enterprise_menu', 1, '2022-02-24 15:51:48', '删除', NULL, '{\n    \"menuId\": 90,\n    \"id\": 717,\n    \"enterpriseId\": 4\n}', NULL, '管理员', '管理员在2022-02-24 15:51:48删除了记录', 717),(100, 'enterprise_menu', 1, '2022-02-24 15:51:48', '删除', NULL, '{\n    \"menuId\": 93,\n    \"id\": 718,\n    \"enterpriseId\": 4\n}', NULL, '管理员', '管理员在2022-02-24 15:51:48删除了记录', 718),(101, 'enterprise_menu', 1, '2022-02-24 15:51:48', '删除', NULL, '{\n    \"menuId\": 142,\n    \"id\": 719,\n    \"enterpriseId\": 4\n}', NULL, '管理员', '管理员在2022-02-24 15:51:48删除了记录', 719),(102, 'enterprise_menu', 1, '2022-02-24 15:51:48', '删除', NULL, '{\n    \"menuId\": 71,\n    \"id\": 720,\n    \"enterpriseId\": 4\n}', NULL, '管理员', '管理员在2022-02-24 15:51:48删除了记录', 720),(103, 'enterprise_menu', 1, '2022-02-24 15:51:48', '删除', NULL, '{\n    \"menuId\": 72,\n    \"id\": 721,\n    \"enterpriseId\": 4\n}', NULL, '管理员', '管理员在2022-02-24 15:51:48删除了记录', 721),(104, 'enterprise_menu', 1, '2022-02-24 15:51:48', '删除', NULL, '{\n    \"menuId\": 73,\n    \"id\": 722,\n    \"enterpriseId\": 4\n}', NULL, '管理员', '管理员在2022-02-24 15:51:48删除了记录', 722),(105, 'enterprise_menu', 1, '2022-02-24 15:51:48', '删除', NULL, '{\n    \"menuId\": 74,\n    \"id\": 723,\n    \"enterpriseId\": 4\n}', NULL, '管理员', '管理员在2022-02-24 15:51:48删除了记录', 723),(106, 'enterprise_menu', 1, '2022-02-24 15:51:48', '删除', NULL, '{\n    \"menuId\": 75,\n    \"id\": 724,\n    \"enterpriseId\": 4\n}', NULL, '管理员', '管理员在2022-02-24 15:51:48删除了记录', 724),(107, 'enterprise_menu', 1, '2022-02-24 15:51:48', '删除', NULL, '{\n    \"menuId\": 76,\n    \"id\": 725,\n    \"enterpriseId\": 4\n}', NULL, '管理员', '管理员在2022-02-24 15:51:48删除了记录', 725),(108, 'enterprise_menu', 1, '2022-02-24 15:51:48', '删除', NULL, '{\n    \"menuId\": 8,\n    \"id\": 726,\n    \"enterpriseId\": 4\n}', NULL, '管理员', '管理员在2022-02-24 15:51:48删除了记录', 726),(109, 'enterprise_menu', 1, '2022-02-24 15:51:48', '删除', NULL, '{\n    \"menuId\": 10,\n    \"id\": 727,\n    \"enterpriseId\": 4\n}', NULL, '管理员', '管理员在2022-02-24 15:51:48删除了记录', 727),(110, 'enterprise_menu', 1, '2022-02-24 15:51:48', '删除', NULL, '{\n    \"menuId\": 11,\n    \"id\": 728,\n    \"enterpriseId\": 4\n}', NULL, '管理员', '管理员在2022-02-24 15:51:48删除了记录', 728),(111, 'enterprise_menu', 1, '2022-02-24 15:51:48', '删除', NULL, '{\n    \"menuId\": 13,\n    \"id\": 729,\n    \"enterpriseId\": 4\n}', NULL, '管理员', '管理员在2022-02-24 15:51:48删除了记录', 729),(112, 'enterprise_menu', 1, '2022-02-24 15:51:48', '删除', NULL, '{\n    \"menuId\": 14,\n    \"id\": 730,\n    \"enterpriseId\": 4\n}', NULL, '管理员', '管理员在2022-02-24 15:51:48删除了记录', 730),(113, 'enterprise_menu', 1, '2022-02-24 15:51:48', '删除', NULL, '{\n    \"menuId\": 97,\n    \"id\": 731,\n    \"enterpriseId\": 4\n}', NULL, '管理员', '管理员在2022-02-24 15:51:48删除了记录', 731),(114, 'enterprise_menu', 1, '2022-02-24 15:51:48', '删除', NULL, '{\n    \"menuId\": 105,\n    \"id\": 732,\n    \"enterpriseId\": 4\n}', NULL, '管理员', '管理员在2022-02-24 15:51:48删除了记录', 732),(115, 'enterprise_menu', 1, '2022-02-24 15:51:48', '删除', NULL, '{\n    \"menuId\": 87,\n    \"id\": 733,\n    \"enterpriseId\": 4\n}', NULL, '管理员', '管理员在2022-02-24 15:51:48删除了记录', 733),(116, 'enterprise_menu', 1, '2022-02-24 15:51:48', '删除', NULL, '{\n    \"menuId\": 88,\n    \"id\": 734,\n    \"enterpriseId\": 4\n}', NULL, '管理员', '管理员在2022-02-24 15:51:48删除了记录', 734),(117, 'enterprise_menu', 1, '2022-02-24 15:51:48', '删除', NULL, '{\n    \"menuId\": 83,\n    \"id\": 735,\n    \"enterpriseId\": 4\n}', NULL, '管理员', '管理员在2022-02-24 15:51:48删除了记录', 735),(118, 'enterprise_menu', 1, '2022-02-24 15:51:48', '删除', NULL, '{\n    \"menuId\": 84,\n    \"id\": 736,\n    \"enterpriseId\": 4\n}', NULL, '管理员', '管理员在2022-02-24 15:51:48删除了记录', 736),(119, 'enterprise_menu', 1, '2022-02-24 15:51:48', '删除', NULL, '{\n    \"menuId\": 85,\n    \"id\": 737,\n    \"enterpriseId\": 4\n}', NULL, '管理员', '管理员在2022-02-24 15:51:48删除了记录', 737),(120, 'enterprise_menu', 1, '2022-02-24 15:51:48', '删除', NULL, '{\n    \"menuId\": 86,\n    \"id\": 738,\n    \"enterpriseId\": 4\n}', NULL, '管理员', '管理员在2022-02-24 15:51:48删除了记录', 738),(121, 'enterprise_menu', 1, '2022-02-24 15:51:48', '删除', NULL, '{\n    \"menuId\": 134,\n    \"id\": 739,\n    \"enterpriseId\": 4\n}', NULL, '管理员', '管理员在2022-02-24 15:51:48删除了记录', 739),(122, 'enterprise_menu', 1, '2022-02-24 15:51:48', '删除', NULL, '{\n    \"menuId\": 135,\n    \"id\": 740,\n    \"enterpriseId\": 4\n}', NULL, '管理员', '管理员在2022-02-24 15:51:48删除了记录', 740),(123, 'enterprise_menu', 1, '2022-02-24 15:51:48', '删除', NULL, '{\n    \"menuId\": 136,\n    \"id\": 741,\n    \"enterpriseId\": 4\n}', NULL, '管理员', '管理员在2022-02-24 15:51:48删除了记录', 741),(124, 'enterprise_menu', 1, '2022-02-24 15:51:48', '删除', NULL, '{\n    \"menuId\": 137,\n    \"id\": 742,\n    \"enterpriseId\": 4\n}', NULL, '管理员', '管理员在2022-02-24 15:51:48删除了记录', 742),(125, 'enterprise_menu', 1, '2022-02-24 15:51:48', '删除', NULL, '{\n    \"menuId\": 77,\n    \"id\": 743,\n    \"enterpriseId\": 4\n}', NULL, '管理员', '管理员在2022-02-24 15:51:48删除了记录', 743),(126, 'enterprise_menu', 1, '2022-02-24 15:51:48', '删除', NULL, '{\n    \"menuId\": 78,\n    \"id\": 744,\n    \"enterpriseId\": 4\n}', NULL, '管理员', '管理员在2022-02-24 15:51:48删除了记录', 744),(127, 'enterprise_menu', 1, '2022-02-24 15:51:48', '删除', NULL, '{\n    \"menuId\": 79,\n    \"id\": 745,\n    \"enterpriseId\": 4\n}', NULL, '管理员', '管理员在2022-02-24 15:51:48删除了记录', 745),(128, 'enterprise_menu', 1, '2022-02-24 15:51:48', '删除', NULL, '{\n    \"menuId\": 80,\n    \"id\": 746,\n    \"enterpriseId\": 4\n}', NULL, '管理员', '管理员在2022-02-24 15:51:48删除了记录', 746),(129, 'enterprise_menu', 1, '2022-02-24 15:51:48', '删除', NULL, '{\n    \"menuId\": 81,\n    \"id\": 747,\n    \"enterpriseId\": 4\n}', NULL, '管理员', '管理员在2022-02-24 15:51:48删除了记录', 747),(130, 'enterprise_menu', 1, '2022-02-24 15:51:48', '删除', NULL, '{\n    \"menuId\": 82,\n    \"id\": 748,\n    \"enterpriseId\": 4\n}', NULL, '管理员', '管理员在2022-02-24 15:51:48删除了记录', 748),(131, 'enterprise_menu', 1, '2022-02-24 15:51:48', '删除', NULL, '{\n    \"menuId\": 94,\n    \"id\": 749,\n    \"enterpriseId\": 4\n}', NULL, '管理员', '管理员在2022-02-24 15:51:48删除了记录', 749),(132, 'enterprise_menu', 1, '2022-02-24 15:51:48', '删除', NULL, '{\n    \"menuId\": 95,\n    \"id\": 750,\n    \"enterpriseId\": 4\n}', NULL, '管理员', '管理员在2022-02-24 15:51:48删除了记录', 750),(133, 'enterprise_menu', 1, '2022-02-24 15:51:48', '删除', NULL, '{\n    \"menuId\": 96,\n    \"id\": 751,\n    \"enterpriseId\": 4\n}', NULL, '管理员', '管理员在2022-02-24 15:51:48删除了记录', 751),(134, 'enterprise_menu', 1, '2022-02-24 15:51:48', '删除', NULL, '{\n    \"menuId\": 106,\n    \"id\": 752,\n    \"enterpriseId\": 4\n}', NULL, '管理员', '管理员在2022-02-24 15:51:48删除了记录', 752),(135, 'enterprise_menu', 1, '2022-02-24 15:51:48', '删除', NULL, '{\n    \"menuId\": 107,\n    \"id\": 753,\n    \"enterpriseId\": 4\n}', NULL, '管理员', '管理员在2022-02-24 15:51:48删除了记录', 753),(136, 'enterprise_menu', 1, '2022-02-24 15:51:48', '删除', NULL, '{\n    \"menuId\": 108,\n    \"id\": 754,\n    \"enterpriseId\": 4\n}', NULL, '管理员', '管理员在2022-02-24 15:51:48删除了记录', 754),(137, 'enterprise_menu', 1, '2022-02-24 15:51:48', '删除', NULL, '{\n    \"menuId\": 109,\n    \"id\": 755,\n    \"enterpriseId\": 4\n}', NULL, '管理员', '管理员在2022-02-24 15:51:48删除了记录', 755),(138, 'enterprise_menu', 1, '2022-02-24 15:51:48', '删除', NULL, '{\n    \"menuId\": 110,\n    \"id\": 756,\n    \"enterpriseId\": 4\n}', NULL, '管理员', '管理员在2022-02-24 15:51:48删除了记录', 756),(139, 'enterprise_menu', 1, '2022-02-24 15:51:48', '删除', NULL, '{\n    \"menuId\": 111,\n    \"id\": 757,\n    \"enterpriseId\": 4\n}', NULL, '管理员', '管理员在2022-02-24 15:51:48删除了记录', 757),(140, 'enterprise_menu', 1, '2022-02-24 15:51:48', '删除', NULL, '{\n    \"menuId\": 112,\n    \"id\": 758,\n    \"enterpriseId\": 4\n}', NULL, '管理员', '管理员在2022-02-24 15:51:48删除了记录', 758),(141, 'enterprise_menu', 1, '2022-02-24 15:51:48', '删除', NULL, '{\n    \"menuId\": 113,\n    \"id\": 759,\n    \"enterpriseId\": 4\n}', NULL, '管理员', '管理员在2022-02-24 15:51:48删除了记录', 759),(142, 'enterprise_menu', 1, '2022-02-24 15:51:48', '删除', NULL, '{\n    \"menuId\": 114,\n    \"id\": 760,\n    \"enterpriseId\": 4\n}', NULL, '管理员', '管理员在2022-02-24 15:51:48删除了记录', 760),(143, 'enterprise_menu', 1, '2022-02-24 15:51:48', '删除', NULL, '{\n    \"menuId\": 115,\n    \"id\": 761,\n    \"enterpriseId\": 4\n}', NULL, '管理员', '管理员在2022-02-24 15:51:48删除了记录', 761),(144, 'enterprise_menu', 1, '2022-02-24 15:51:48', '删除', NULL, '{\n    \"menuId\": 116,\n    \"id\": 762,\n    \"enterpriseId\": 4\n}', NULL, '管理员', '管理员在2022-02-24 15:51:48删除了记录', 762),(145, 'enterprise_menu', 1, '2022-02-24 15:51:48', '删除', NULL, '{\n    \"menuId\": 138,\n    \"id\": 763,\n    \"enterpriseId\": 4\n}', NULL, '管理员', '管理员在2022-02-24 15:51:48删除了记录', 763),(146, 'enterprise_menu', 1, '2022-02-24 15:51:48', '删除', NULL, '{\n    \"menuId\": 139,\n    \"id\": 764,\n    \"enterpriseId\": 4\n}', NULL, '管理员', '管理员在2022-02-24 15:51:48删除了记录', 764),(147, 'enterprise_menu', 1, '2022-02-24 15:51:48', '删除', NULL, '{\n    \"menuId\": 140,\n    \"id\": 765,\n    \"enterpriseId\": 4\n}', NULL, '管理员', '管理员在2022-02-24 15:51:48删除了记录', 765),(148, 'enterprise_menu', 1, '2022-02-24 15:51:48', '创建', NULL, NULL, '{\n    \"menuId\": 117,\n    \"enterpriseId\": 4,\n    \"id\": 766\n}', '管理员', '管理员在2022-02-24 15:51:48创建了记录', 766),(149, 'enterprise_menu', 1, '2022-02-24 15:51:48', '创建', NULL, NULL, '{\n    \"menuId\": 118,\n    \"enterpriseId\": 4,\n    \"id\": 767\n}', '管理员', '管理员在2022-02-24 15:51:48创建了记录', 767),(150, 'enterprise_menu', 1, '2022-02-24 15:51:48', '创建', NULL, NULL, '{\n    \"menuId\": 119,\n    \"enterpriseId\": 4,\n    \"id\": 768\n}', '管理员', '管理员在2022-02-24 15:51:48创建了记录', 768),(151, 'enterprise_menu', 1, '2022-02-24 15:51:48', '创建', NULL, NULL, '{\n    \"menuId\": 120,\n    \"enterpriseId\": 4,\n    \"id\": 769\n}', '管理员', '管理员在2022-02-24 15:51:48创建了记录', 769),(152, 'enterprise_menu', 1, '2022-02-24 15:51:48', '创建', NULL, NULL, '{\n    \"menuId\": 121,\n    \"enterpriseId\": 4,\n    \"id\": 770\n}', '管理员', '管理员在2022-02-24 15:51:48创建了记录', 770),(153, 'enterprise_menu', 1, '2022-02-24 15:51:48', '创建', NULL, NULL, '{\n    \"menuId\": 122,\n    \"enterpriseId\": 4,\n    \"id\": 771\n}', '管理员', '管理员在2022-02-24 15:51:48创建了记录', 771),(154, 'enterprise_menu', 1, '2022-02-24 15:51:48', '创建', NULL, NULL, '{\n    \"menuId\": 123,\n    \"enterpriseId\": 4,\n    \"id\": 772\n}', '管理员', '管理员在2022-02-24 15:51:48创建了记录', 772),(155, 'enterprise_menu', 1, '2022-02-24 15:51:48', '创建', NULL, NULL, '{\n    \"menuId\": 124,\n    \"enterpriseId\": 4,\n    \"id\": 773\n}', '管理员', '管理员在2022-02-24 15:51:48创建了记录', 773),(156, 'enterprise_menu', 1, '2022-02-24 15:51:48', '创建', NULL, NULL, '{\n    \"menuId\": 125,\n    \"enterpriseId\": 4,\n    \"id\": 774\n}', '管理员', '管理员在2022-02-24 15:51:48创建了记录', 774),(157, 'enterprise_menu', 1, '2022-02-24 15:51:48', '创建', NULL, NULL, '{\n    \"menuId\": 126,\n    \"enterpriseId\": 4,\n    \"id\": 775\n}', '管理员', '管理员在2022-02-24 15:51:48创建了记录', 775),(158, 'enterprise_menu', 1, '2022-02-24 15:51:48', '创建', NULL, NULL, '{\n    \"menuId\": 127,\n    \"enterpriseId\": 4,\n    \"id\": 776\n}', '管理员', '管理员在2022-02-24 15:51:48创建了记录', 776),(159, 'enterprise_menu', 1, '2022-02-24 15:51:48', '创建', NULL, NULL, '{\n    \"menuId\": 128,\n    \"enterpriseId\": 4,\n    \"id\": 777\n}', '管理员', '管理员在2022-02-24 15:51:48创建了记录', 777),(160, 'enterprise_menu', 1, '2022-02-24 15:51:48', '创建', NULL, NULL, '{\n    \"menuId\": 129,\n    \"enterpriseId\": 4,\n    \"id\": 778\n}', '管理员', '管理员在2022-02-24 15:51:48创建了记录', 778),(161, 'enterprise_menu', 1, '2022-02-24 15:51:48', '创建', NULL, NULL, '{\n    \"menuId\": 130,\n    \"enterpriseId\": 4,\n    \"id\": 779\n}', '管理员', '管理员在2022-02-24 15:51:48创建了记录', 779),(162, 'enterprise_menu', 1, '2022-02-24 15:51:48', '创建', NULL, NULL, '{\n    \"menuId\": 131,\n    \"enterpriseId\": 4,\n    \"id\": 780\n}', '管理员', '管理员在2022-02-24 15:51:48创建了记录', 780),(163, 'enterprise_menu', 1, '2022-02-24 15:51:48', '创建', NULL, NULL, '{\n    \"menuId\": 52,\n    \"enterpriseId\": 4,\n    \"id\": 781\n}', '管理员', '管理员在2022-02-24 15:51:48创建了记录', 781),(164, 'enterprise_menu', 1, '2022-02-24 15:51:48', '创建', NULL, NULL, '{\n    \"menuId\": 53,\n    \"enterpriseId\": 4,\n    \"id\": 782\n}', '管理员', '管理员在2022-02-24 15:51:48创建了记录', 782),(165, 'enterprise_menu', 1, '2022-02-24 15:51:48', '创建', NULL, NULL, '{\n    \"menuId\": 54,\n    \"enterpriseId\": 4,\n    \"id\": 783\n}', '管理员', '管理员在2022-02-24 15:51:48创建了记录', 783),(166, 'enterprise_menu', 1, '2022-02-24 15:51:48', '创建', NULL, NULL, '{\n    \"menuId\": 55,\n    \"enterpriseId\": 4,\n    \"id\": 784\n}', '管理员', '管理员在2022-02-24 15:51:48创建了记录', 784),(167, 'enterprise_menu', 1, '2022-02-24 15:51:48', '创建', NULL, NULL, '{\n    \"menuId\": 56,\n    \"enterpriseId\": 4,\n    \"id\": 785\n}', '管理员', '管理员在2022-02-24 15:51:48创建了记录', 785),(168, 'enterprise_menu', 1, '2022-02-24 15:51:48', '创建', NULL, NULL, '{\n    \"menuId\": 57,\n    \"enterpriseId\": 4,\n    \"id\": 786\n}', '管理员', '管理员在2022-02-24 15:51:48创建了记录', 786),(169, 'enterprise_menu', 1, '2022-02-24 15:51:48', '创建', NULL, NULL, '{\n    \"menuId\": 58,\n    \"enterpriseId\": 4,\n    \"id\": 787\n}', '管理员', '管理员在2022-02-24 15:51:48创建了记录', 787),(170, 'enterprise_menu', 1, '2022-02-24 15:51:48', '创建', NULL, NULL, '{\n    \"menuId\": 59,\n    \"enterpriseId\": 4,\n    \"id\": 788\n}', '管理员', '管理员在2022-02-24 15:51:48创建了记录', 788),(171, 'enterprise_menu', 1, '2022-02-24 15:51:48', '创建', NULL, NULL, '{\n    \"menuId\": 60,\n    \"enterpriseId\": 4,\n    \"id\": 789\n}', '管理员', '管理员在2022-02-24 15:51:48创建了记录', 789),(172, 'enterprise_menu', 1, '2022-02-24 15:51:48', '创建', NULL, NULL, '{\n    \"menuId\": 61,\n    \"enterpriseId\": 4,\n    \"id\": 790\n}', '管理员', '管理员在2022-02-24 15:51:48创建了记录', 790),(173, 'enterprise_menu', 1, '2022-02-24 15:51:48', '创建', NULL, NULL, '{\n    \"menuId\": 62,\n    \"enterpriseId\": 4,\n    \"id\": 791\n}', '管理员', '管理员在2022-02-24 15:51:48创建了记录', 791),(174, 'enterprise_menu', 1, '2022-02-24 15:51:48', '创建', NULL, NULL, '{\n    \"menuId\": 63,\n    \"enterpriseId\": 4,\n    \"id\": 792\n}', '管理员', '管理员在2022-02-24 15:51:48创建了记录', 792),(175, 'enterprise_menu', 1, '2022-02-24 15:51:48', '创建', NULL, NULL, '{\n    \"menuId\": 64,\n    \"enterpriseId\": 4,\n    \"id\": 793\n}', '管理员', '管理员在2022-02-24 15:51:48创建了记录', 793),(176, 'enterprise_menu', 1, '2022-02-24 15:51:48', '创建', NULL, NULL, '{\n    \"menuId\": 92,\n    \"enterpriseId\": 4,\n    \"id\": 794\n}', '管理员', '管理员在2022-02-24 15:51:48创建了记录', 794),(177, 'enterprise_menu', 1, '2022-02-24 15:51:48', '创建', NULL, NULL, '{\n    \"menuId\": 141,\n    \"enterpriseId\": 4,\n    \"id\": 795\n}', '管理员', '管理员在2022-02-24 15:51:48创建了记录', 795),(178, 'enterprise_menu', 1, '2022-02-24 15:51:48', '创建', NULL, NULL, '{\n    \"menuId\": 65,\n    \"enterpriseId\": 4,\n    \"id\": 796\n}', '管理员', '管理员在2022-02-24 15:51:48创建了记录', 796),(179, 'enterprise_menu', 1, '2022-02-24 15:51:48', '创建', NULL, NULL, '{\n    \"menuId\": 66,\n    \"enterpriseId\": 4,\n    \"id\": 797\n}', '管理员', '管理员在2022-02-24 15:51:48创建了记录', 797),(180, 'enterprise_menu', 1, '2022-02-24 15:51:48', '创建', NULL, NULL, '{\n    \"menuId\": 67,\n    \"enterpriseId\": 4,\n    \"id\": 798\n}', '管理员', '管理员在2022-02-24 15:51:48创建了记录', 798),(181, 'enterprise_menu', 1, '2022-02-24 15:51:48', '创建', NULL, NULL, '{\n    \"menuId\": 68,\n    \"enterpriseId\": 4,\n    \"id\": 799\n}', '管理员', '管理员在2022-02-24 15:51:48创建了记录', 799),(182, 'enterprise_menu', 1, '2022-02-24 15:51:48', '创建', NULL, NULL, '{\n    \"menuId\": 69,\n    \"enterpriseId\": 4,\n    \"id\": 800\n}', '管理员', '管理员在2022-02-24 15:51:48创建了记录', 800),(183, 'enterprise_menu', 1, '2022-02-24 15:51:48', '创建', NULL, NULL, '{\n    \"menuId\": 70,\n    \"enterpriseId\": 4,\n    \"id\": 801\n}', '管理员', '管理员在2022-02-24 15:51:48创建了记录', 801),(184, 'enterprise_menu', 1, '2022-02-24 15:51:48', '创建', NULL, NULL, '{\n    \"menuId\": 89,\n    \"enterpriseId\": 4,\n    \"id\": 802\n}', '管理员', '管理员在2022-02-24 15:51:48创建了记录', 802),(185, 'enterprise_menu', 1, '2022-02-24 15:51:48', '创建', NULL, NULL, '{\n    \"menuId\": 90,\n    \"enterpriseId\": 4,\n    \"id\": 803\n}', '管理员', '管理员在2022-02-24 15:51:48创建了记录', 803),(186, 'enterprise_menu', 1, '2022-02-24 15:51:48', '创建', NULL, NULL, '{\n    \"menuId\": 93,\n    \"enterpriseId\": 4,\n    \"id\": 804\n}', '管理员', '管理员在2022-02-24 15:51:48创建了记录', 804),(187, 'enterprise_menu', 1, '2022-02-24 15:51:48', '创建', NULL, NULL, '{\n    \"menuId\": 142,\n    \"enterpriseId\": 4,\n    \"id\": 805\n}', '管理员', '管理员在2022-02-24 15:51:48创建了记录', 805),(188, 'enterprise_menu', 1, '2022-02-24 15:51:48', '创建', NULL, NULL, '{\n    \"menuId\": 71,\n    \"enterpriseId\": 4,\n    \"id\": 806\n}', '管理员', '管理员在2022-02-24 15:51:48创建了记录', 806),(189, 'enterprise_menu', 1, '2022-02-24 15:51:48', '创建', NULL, NULL, '{\n    \"menuId\": 72,\n    \"enterpriseId\": 4,\n    \"id\": 807\n}', '管理员', '管理员在2022-02-24 15:51:48创建了记录', 807),(190, 'enterprise_menu', 1, '2022-02-24 15:51:48', '创建', NULL, NULL, '{\n    \"menuId\": 73,\n    \"enterpriseId\": 4,\n    \"id\": 808\n}', '管理员', '管理员在2022-02-24 15:51:48创建了记录', 808),(191, 'enterprise_menu', 1, '2022-02-24 15:51:48', '创建', NULL, NULL, '{\n    \"menuId\": 74,\n    \"enterpriseId\": 4,\n    \"id\": 809\n}', '管理员', '管理员在2022-02-24 15:51:48创建了记录', 809),(192, 'enterprise_menu', 1, '2022-02-24 15:51:48', '创建', NULL, NULL, '{\n    \"menuId\": 75,\n    \"enterpriseId\": 4,\n    \"id\": 810\n}', '管理员', '管理员在2022-02-24 15:51:48创建了记录', 810),(193, 'enterprise_menu', 1, '2022-02-24 15:51:48', '创建', NULL, NULL, '{\n    \"menuId\": 76,\n    \"enterpriseId\": 4,\n    \"id\": 811\n}', '管理员', '管理员在2022-02-24 15:51:48创建了记录', 811),(194, 'enterprise_menu', 1, '2022-02-24 15:51:48', '创建', NULL, NULL, '{\n    \"menuId\": 8,\n    \"enterpriseId\": 4,\n    \"id\": 812\n}', '管理员', '管理员在2022-02-24 15:51:48创建了记录', 812),(195, 'enterprise_menu', 1, '2022-02-24 15:51:48', '创建', NULL, NULL, '{\n    \"menuId\": 10,\n    \"enterpriseId\": 4,\n    \"id\": 813\n}', '管理员', '管理员在2022-02-24 15:51:48创建了记录', 813),(196, 'enterprise_menu', 1, '2022-02-24 15:51:48', '创建', NULL, NULL, '{\n    \"menuId\": 11,\n    \"enterpriseId\": 4,\n    \"id\": 814\n}', '管理员', '管理员在2022-02-24 15:51:48创建了记录', 814),(197, 'enterprise_menu', 1, '2022-02-24 15:51:48', '创建', NULL, NULL, '{\n    \"menuId\": 13,\n    \"enterpriseId\": 4,\n    \"id\": 815\n}', '管理员', '管理员在2022-02-24 15:51:48创建了记录', 815),(198, 'enterprise_menu', 1, '2022-02-24 15:51:48', '创建', NULL, NULL, '{\n    \"menuId\": 14,\n    \"enterpriseId\": 4,\n    \"id\": 816\n}', '管理员', '管理员在2022-02-24 15:51:48创建了记录', 816),(199, 'enterprise_menu', 1, '2022-02-24 15:51:48', '创建', NULL, NULL, '{\n    \"menuId\": 97,\n    \"enterpriseId\": 4,\n    \"id\": 817\n}', '管理员', '管理员在2022-02-24 15:51:48创建了记录', 817),(200, 'enterprise_menu', 1, '2022-02-24 15:51:48', '创建', NULL, NULL, '{\n    \"menuId\": 105,\n    \"enterpriseId\": 4,\n    \"id\": 818\n}', '管理员', '管理员在2022-02-24 15:51:48创建了记录', 818),(201, 'enterprise_menu', 1, '2022-02-24 15:51:48', '创建', NULL, NULL, '{\n    \"menuId\": 143,\n    \"enterpriseId\": 4,\n    \"id\": 819\n}', '管理员', '管理员在2022-02-24 15:51:48创建了记录', 819),(202, 'enterprise_menu', 1, '2022-02-24 15:51:48', '创建', NULL, NULL, '{\n    \"menuId\": 87,\n    \"enterpriseId\": 4,\n    \"id\": 820\n}', '管理员', '管理员在2022-02-24 15:51:48创建了记录', 820),(203, 'enterprise_menu', 1, '2022-02-24 15:51:48', '创建', NULL, NULL, '{\n    \"menuId\": 88,\n    \"enterpriseId\": 4,\n    \"id\": 821\n}', '管理员', '管理员在2022-02-24 15:51:48创建了记录', 821),(204, 'enterprise_menu', 1, '2022-02-24 15:51:49', '创建', NULL, NULL, '{\n    \"menuId\": 83,\n    \"enterpriseId\": 4,\n    \"id\": 822\n}', '管理员', '管理员在2022-02-24 15:51:48创建了记录', 822),(205, 'enterprise_menu', 1, '2022-02-24 15:51:49', '创建', NULL, NULL, '{\n    \"menuId\": 84,\n    \"enterpriseId\": 4,\n    \"id\": 823\n}', '管理员', '管理员在2022-02-24 15:51:48创建了记录', 823),(206, 'enterprise_menu', 1, '2022-02-24 15:51:49', '创建', NULL, NULL, '{\n    \"menuId\": 85,\n    \"enterpriseId\": 4,\n    \"id\": 824\n}', '管理员', '管理员在2022-02-24 15:51:48创建了记录', 824),(207, 'enterprise_menu', 1, '2022-02-24 15:51:49', '创建', NULL, NULL, '{\n    \"menuId\": 86,\n    \"enterpriseId\": 4,\n    \"id\": 825\n}', '管理员', '管理员在2022-02-24 15:51:48创建了记录', 825),(208, 'enterprise_menu', 1, '2022-02-24 15:51:49', '创建', NULL, NULL, '{\n    \"menuId\": 134,\n    \"enterpriseId\": 4,\n    \"id\": 826\n}', '管理员', '管理员在2022-02-24 15:51:48创建了记录', 826),(209, 'enterprise_menu', 1, '2022-02-24 15:51:49', '创建', NULL, NULL, '{\n    \"menuId\": 135,\n    \"enterpriseId\": 4,\n    \"id\": 827\n}', '管理员', '管理员在2022-02-24 15:51:48创建了记录', 827),(210, 'enterprise_menu', 1, '2022-02-24 15:51:49', '创建', NULL, NULL, '{\n    \"menuId\": 136,\n    \"enterpriseId\": 4,\n    \"id\": 828\n}', '管理员', '管理员在2022-02-24 15:51:48创建了记录', 828),(211, 'enterprise_menu', 1, '2022-02-24 15:51:49', '创建', NULL, NULL, '{\n    \"menuId\": 137,\n    \"enterpriseId\": 4,\n    \"id\": 829\n}', '管理员', '管理员在2022-02-24 15:51:48创建了记录', 829),(212, 'enterprise_menu', 1, '2022-02-24 15:51:49', '创建', NULL, NULL, '{\n    \"menuId\": 77,\n    \"enterpriseId\": 4,\n    \"id\": 830\n}', '管理员', '管理员在2022-02-24 15:51:48创建了记录', 830),(213, 'enterprise_menu', 1, '2022-02-24 15:51:49', '创建', NULL, NULL, '{\n    \"menuId\": 78,\n    \"enterpriseId\": 4,\n    \"id\": 831\n}', '管理员', '管理员在2022-02-24 15:51:48创建了记录', 831),(214, 'enterprise_menu', 1, '2022-02-24 15:51:49', '创建', NULL, NULL, '{\n    \"menuId\": 79,\n    \"enterpriseId\": 4,\n    \"id\": 832\n}', '管理员', '管理员在2022-02-24 15:51:48创建了记录', 832),(215, 'enterprise_menu', 1, '2022-02-24 15:51:49', '创建', NULL, NULL, '{\n    \"menuId\": 80,\n    \"enterpriseId\": 4,\n    \"id\": 833\n}', '管理员', '管理员在2022-02-24 15:51:48创建了记录', 833),(216, 'enterprise_menu', 1, '2022-02-24 15:51:49', '创建', NULL, NULL, '{\n    \"menuId\": 81,\n    \"enterpriseId\": 4,\n    \"id\": 834\n}', '管理员', '管理员在2022-02-24 15:51:48创建了记录', 834),(217, 'enterprise_menu', 1, '2022-02-24 15:51:49', '创建', NULL, NULL, '{\n    \"menuId\": 82,\n    \"enterpriseId\": 4,\n    \"id\": 835\n}', '管理员', '管理员在2022-02-24 15:51:48创建了记录', 835),(218, 'enterprise_menu', 1, '2022-02-24 15:51:49', '创建', NULL, NULL, '{\n    \"menuId\": 94,\n    \"enterpriseId\": 4,\n    \"id\": 836\n}', '管理员', '管理员在2022-02-24 15:51:48创建了记录', 836),(219, 'enterprise_menu', 1, '2022-02-24 15:51:49', '创建', NULL, NULL, '{\n    \"menuId\": 95,\n    \"enterpriseId\": 4,\n    \"id\": 837\n}', '管理员', '管理员在2022-02-24 15:51:48创建了记录', 837),(220, 'enterprise_menu', 1, '2022-02-24 15:51:49', '创建', NULL, NULL, '{\n    \"menuId\": 96,\n    \"enterpriseId\": 4,\n    \"id\": 838\n}', '管理员', '管理员在2022-02-24 15:51:48创建了记录', 838),(221, 'enterprise_menu', 1, '2022-02-24 15:51:49', '创建', NULL, NULL, '{\n    \"menuId\": 106,\n    \"enterpriseId\": 4,\n    \"id\": 839\n}', '管理员', '管理员在2022-02-24 15:51:48创建了记录', 839),(222, 'enterprise_menu', 1, '2022-02-24 15:51:49', '创建', NULL, NULL, '{\n    \"menuId\": 107,\n    \"enterpriseId\": 4,\n    \"id\": 840\n}', '管理员', '管理员在2022-02-24 15:51:48创建了记录', 840),(223, 'enterprise_menu', 1, '2022-02-24 15:51:49', '创建', NULL, NULL, '{\n    \"menuId\": 108,\n    \"enterpriseId\": 4,\n    \"id\": 841\n}', '管理员', '管理员在2022-02-24 15:51:48创建了记录', 841),(224, 'enterprise_menu', 1, '2022-02-24 15:51:49', '创建', NULL, NULL, '{\n    \"menuId\": 109,\n    \"enterpriseId\": 4,\n    \"id\": 842\n}', '管理员', '管理员在2022-02-24 15:51:48创建了记录', 842),(225, 'enterprise_menu', 1, '2022-02-24 15:51:49', '创建', NULL, NULL, '{\n    \"menuId\": 110,\n    \"enterpriseId\": 4,\n    \"id\": 843\n}', '管理员', '管理员在2022-02-24 15:51:48创建了记录', 843),(226, 'enterprise_menu', 1, '2022-02-24 15:51:49', '创建', NULL, NULL, '{\n    \"menuId\": 111,\n    \"enterpriseId\": 4,\n    \"id\": 844\n}', '管理员', '管理员在2022-02-24 15:51:48创建了记录', 844),(227, 'enterprise_menu', 1, '2022-02-24 15:51:49', '创建', NULL, NULL, '{\n    \"menuId\": 112,\n    \"enterpriseId\": 4,\n    \"id\": 845\n}', '管理员', '管理员在2022-02-24 15:51:48创建了记录', 845),(228, 'enterprise_menu', 1, '2022-02-24 15:51:49', '创建', NULL, NULL, '{\n    \"menuId\": 113,\n    \"enterpriseId\": 4,\n    \"id\": 846\n}', '管理员', '管理员在2022-02-24 15:51:48创建了记录', 846),(229, 'enterprise_menu', 1, '2022-02-24 15:51:49', '创建', NULL, NULL, '{\n    \"menuId\": 114,\n    \"enterpriseId\": 4,\n    \"id\": 847\n}', '管理员', '管理员在2022-02-24 15:51:48创建了记录', 847),(230, 'enterprise_menu', 1, '2022-02-24 15:51:49', '创建', NULL, NULL, '{\n    \"menuId\": 115,\n    \"enterpriseId\": 4,\n    \"id\": 848\n}', '管理员', '管理员在2022-02-24 15:51:48创建了记录', 848),(231, 'enterprise_menu', 1, '2022-02-24 15:51:49', '创建', NULL, NULL, '{\n    \"menuId\": 116,\n    \"enterpriseId\": 4,\n    \"id\": 849\n}', '管理员', '管理员在2022-02-24 15:51:48创建了记录', 849),(232, 'enterprise_menu', 1, '2022-02-24 15:51:49', '创建', NULL, NULL, '{\n    \"menuId\": 138,\n    \"enterpriseId\": 4,\n    \"id\": 850\n}', '管理员', '管理员在2022-02-24 15:51:48创建了记录', 850),(233, 'enterprise_menu', 1, '2022-02-24 15:51:49', '创建', NULL, NULL, '{\n    \"menuId\": 139,\n    \"enterpriseId\": 4,\n    \"id\": 851\n}', '管理员', '管理员在2022-02-24 15:51:48创建了记录', 851),(234, 'enterprise_menu', 1, '2022-02-24 15:51:49', '创建', NULL, NULL, '{\n    \"menuId\": 140,\n    \"enterpriseId\": 4,\n    \"id\": 852\n}', '管理员', '管理员在2022-02-24 15:51:48创建了记录', 852),(235, 'log_table', 1, '2022-02-24 15:52:35', '创建', NULL, NULL, '{\n    \"id\": 1,\n    \"tableName\": \"customer\",\n    \"tableComment\": \"客户\",\n    \"enterpriseId\": 4\n}', '管理员', '管理员在2022-02-24 15:52:35创建了记录', 1),(236, 'customer', 1, '2022-02-24 15:54:56', '修改', 'address', '1231', '123122', '管理员', '管理员在2022-02-24 15:54:55将字段客户地址的值从1231改为123122', 4),(237, 'customer', 1, '2022-02-24 16:38:10', '修改', 'name', '测试1', '测试1123123', '管理员', '管理员在2022-02-24 16:38:09将字段客户姓名的值从测试1改为测试1123123', 4),(238, 'customer', 1, '2022-02-24 16:43:25', '修改', 'customer_status', '2', '3', '管理员', '管理员在2022-02-24 16:43:25将字段客户状态的值从2改为3', 3),(239, 'customer', 1, '2022-04-29 09:09:16', '修改', 'customer_status', '1', '2', '管理员', '管理员在2022-04-29 09:09:15将字段客户状态的值从1改为2', 4),(244, 'customer', 1, '2022-04-29 12:25:06', '创建', NULL, NULL, '{\n    \"id\": 9,\n    \"enterpriseId\": 4,\n    \"userId\": 1,\n    \"customerSourceId\": 3,\n    \"name\": \"1123\",\n    \"mobile\": \"1231\",\n    \"decorationType\": \"1\",\n    \"address\": \"123\",\n    \"area\": 12,\n    \"customerStatus\": \"1\",\n    \"updatedAt\": 1651206305743,\n    \"createdAt\": 1651206305743\n}', '管理员', '管理员在2022-04-29 12:25:05创建了记录', 9),(245, 'dic', 1, '2022-08-18 14:26:16', '修改', 'dic_code', 'gender', 'gender1', '管理员', '管理员在2022-08-18 14:26:15将字段字典编号的值从gender改为gender1', 1),(246, 'dic', 1, '2022-08-18 14:26:34', '修改', 'dic_code', 'gender1', 'gender', '管理员', '管理员在2022-08-18 14:26:34将字段字典编号的值从gender1改为gender', 1),(247, 'dic_item', 1, '2022-08-18 14:41:07', '修改', 'label', '文本框1', '文本框', '管理员', '管理员在2022-08-18 14:41:06将字段字典标签的值从文本框1改为文本框', 12),(248, 'dic_item', 1, '2022-08-18 14:41:16', '修改', 'label', '文本框', '文本框1', '管理员', '管理员在2022-08-18 14:41:15将字段字典标签的值从文本框改为文本框1', 12),(249, 'dic_item', 1, '2022-08-18 14:42:42', '修改', 'label', '文本框1', '文本框2', '管理员', '管理员在2022-08-18 14:42:42将字段字典标签的值从文本框1改为文本框2', 12),(250, 'dic_item', 1, '2022-08-18 14:43:12', '修改', 'label', '文本框2', '文本框', '管理员', '管理员在2022-08-18 14:43:12将字段字典标签的值从文本框2改为文本框', 12),(251, 'dic', 1, '2022-08-19 11:34:33', '创建', NULL, NULL, '{\n    \"id\": 23,\n    \"dicCode\": \"repeatStrategy\",\n    \"dicName\": \"判重策略\",\n    \"dicItem\": [\n        {\n            \"label\": \"报错\",\n            \"value\": \"error\"\n        },\n        {\n            \"label\": \"更新\",\n            \"value\": \"update\"\n        }\n    ],\n    \"enterpriseId\": 4,\n    \"updatedAt\": 1660880073138,\n    \"createdAt\": 1660880073138\n}', '管理员', '管理员在2022-08-19 11:34:33创建了记录', 23),(252, 'dic_item', 1, '2022-08-19 11:34:33', '创建', NULL, NULL, '{\n    \"label\": \"报错\",\n    \"value\": \"error\",\n    \"seq\": 1,\n    \"parentId\": 23,\n    \"enterpriseId\": 4,\n    \"updatedAt\": 1660880073146,\n    \"createdAt\": 1660880073146,\n    \"id\": 109\n}', '管理员', '管理员在2022-08-19 11:34:33创建了记录', 109),(253, 'dic_item', 1, '2022-08-19 11:34:33', '创建', NULL, NULL, '{\n    \"label\": \"更新\",\n    \"value\": \"update\",\n    \"seq\": 2,\n    \"parentId\": 23,\n    \"enterpriseId\": 4,\n    \"updatedAt\": 1660880073153,\n    \"createdAt\": 1660880073153,\n    \"id\": 110\n}', '管理员', '管理员在2022-08-19 11:34:33创建了记录', 110),(254, 'dic', 1, '2022-08-19 11:42:30', '创建', NULL, NULL, '{\n    \"id\": 24,\n    \"dicCode\": \"importDataType\",\n    \"dicName\": \"导入数据类型\",\n    \"dicItem\": [\n        {\n            \"label\": \"字符串\",\n            \"value\": \"string\"\n        },\n        {\n            \"label\": \"数据字典\",\n            \"value\": \"dic\"\n        },\n        {\n            \"label\": \"日期\",\n            \"value\": \"date\"\n        },\n        {\n            \"label\": \"整数\",\n            \"value\": \"number\"\n        },\n        {\n            \"label\": \"小数\",\n            \"value\": \"double\"\n        },\n        {\n            \"label\": \"关联表\",\n            \"value\": \"relateTable\"\n        }\n    ],\n    \"enterpriseId\": 4,\n    \"updatedAt\": 1660880550045,\n    \"createdAt\": 1660880550045\n}', '管理员', '管理员在2022-08-19 11:42:30创建了记录', 24),(255, 'dic_item', 1, '2022-08-19 11:42:30', '创建', NULL, NULL, '{\n    \"label\": \"字符串\",\n    \"value\": \"string\",\n    \"seq\": 1,\n    \"parentId\": 24,\n    \"enterpriseId\": 4,\n    \"updatedAt\": 1660880550051,\n    \"createdAt\": 1660880550051,\n    \"id\": 111\n}', '管理员', '管理员在2022-08-19 11:42:30创建了记录', 111),(256, 'dic_item', 1, '2022-08-19 11:42:30', '创建', NULL, NULL, '{\n    \"label\": \"数据字典\",\n    \"value\": \"dic\",\n    \"seq\": 2,\n    \"parentId\": 24,\n    \"enterpriseId\": 4,\n    \"updatedAt\": 1660880550056,\n    \"createdAt\": 1660880550056,\n    \"id\": 112\n}', '管理员', '管理员在2022-08-19 11:42:30创建了记录', 112),(257, 'dic_item', 1, '2022-08-19 11:42:30', '创建', NULL, NULL, '{\n    \"label\": \"日期\",\n    \"value\": \"date\",\n    \"seq\": 3,\n    \"parentId\": 24,\n    \"enterpriseId\": 4,\n    \"updatedAt\": 1660880550061,\n    \"createdAt\": 1660880550061,\n    \"id\": 113\n}', '管理员', '管理员在2022-08-19 11:42:30创建了记录', 113),(258, 'dic_item', 1, '2022-08-19 11:42:30', '创建', NULL, NULL, '{\n    \"label\": \"整数\",\n    \"value\": \"number\",\n    \"seq\": 4,\n    \"parentId\": 24,\n    \"enterpriseId\": 4,\n    \"updatedAt\": 1660880550067,\n    \"createdAt\": 1660880550067,\n    \"id\": 114\n}', '管理员', '管理员在2022-08-19 11:42:30创建了记录', 114),(259, 'dic_item', 1, '2022-08-19 11:42:30', '创建', NULL, NULL, '{\n    \"label\": \"小数\",\n    \"value\": \"double\",\n    \"seq\": 5,\n    \"parentId\": 24,\n    \"enterpriseId\": 4,\n    \"updatedAt\": 1660880550073,\n    \"createdAt\": 1660880550073,\n    \"id\": 115\n}', '管理员', '管理员在2022-08-19 11:42:30创建了记录', 115),(260, 'dic_item', 1, '2022-08-19 11:42:30', '创建', NULL, NULL, '{\n    \"label\": \"关联表\",\n    \"value\": \"relateTable\",\n    \"seq\": 6,\n    \"parentId\": 24,\n    \"enterpriseId\": 4,\n    \"updatedAt\": 1660880550079,\n    \"createdAt\": 1660880550079,\n    \"id\": 116\n}', '管理员', '管理员在2022-08-19 11:42:30创建了记录', 116),(261, 'dic', 1, '2022-08-19 11:43:44', '创建', NULL, NULL, '{\n    \"id\": 25,\n    \"dicCode\": \"dataImportTaskStatus\",\n    \"dicName\": \"数据导入状态\",\n    \"dicItem\": [\n        {\n            \"label\": \"未开始\",\n            \"value\": \"NotStart\"\n        },\n        {\n            \"label\": \"正在验证\",\n            \"value\": \"Validation\"\n        },\n        {\n            \"label\": \"验证失败\",\n            \"value\": \"InValid\"\n        },\n        {\n            \"label\": \"正在导入\",\n            \"value\": \"Importing\"\n        },\n        {\n            \"label\": \"导入成功\",\n            \"value\": \"Success\"\n        },\n        {\n            \"label\": \"异常关闭\",\n            \"value\": \"ExceptionClose\"\n        }\n    ],\n    \"enterpriseId\": 4,\n    \"updatedAt\": 1660880623836,\n    \"createdAt\": 1660880623836\n}', '管理员', '管理员在2022-08-19 11:43:43创建了记录', 25),(262, 'dic_item', 1, '2022-08-19 11:43:44', '创建', NULL, NULL, '{\n    \"label\": \"未开始\",\n    \"value\": \"NotStart\",\n    \"seq\": 1,\n    \"parentId\": 25,\n    \"enterpriseId\": 4,\n    \"updatedAt\": 1660880623842,\n    \"createdAt\": 1660880623842,\n    \"id\": 117\n}', '管理员', '管理员在2022-08-19 11:43:43创建了记录', 117),(263, 'dic_item', 1, '2022-08-19 11:43:44', '创建', NULL, NULL, '{\n    \"label\": \"正在验证\",\n    \"value\": \"Validation\",\n    \"seq\": 2,\n    \"parentId\": 25,\n    \"enterpriseId\": 4,\n    \"updatedAt\": 1660880623847,\n    \"createdAt\": 1660880623847,\n    \"id\": 118\n}', '管理员', '管理员在2022-08-19 11:43:43创建了记录', 118),(264, 'dic_item', 1, '2022-08-19 11:43:44', '创建', NULL, NULL, '{\n    \"label\": \"验证失败\",\n    \"value\": \"InValid\",\n    \"seq\": 3,\n    \"parentId\": 25,\n    \"enterpriseId\": 4,\n    \"updatedAt\": 1660880623853,\n    \"createdAt\": 1660880623853,\n    \"id\": 119\n}', '管理员', '管理员在2022-08-19 11:43:43创建了记录', 119),(265, 'dic_item', 1, '2022-08-19 11:43:44', '创建', NULL, NULL, '{\n    \"label\": \"正在导入\",\n    \"value\": \"Importing\",\n    \"seq\": 4,\n    \"parentId\": 25,\n    \"enterpriseId\": 4,\n    \"updatedAt\": 1660880623860,\n    \"createdAt\": 1660880623860,\n    \"id\": 120\n}', '管理员', '管理员在2022-08-19 11:43:43创建了记录', 120),(266, 'dic_item', 1, '2022-08-19 11:43:44', '创建', NULL, NULL, '{\n    \"label\": \"导入成功\",\n    \"value\": \"Success\",\n    \"seq\": 5,\n    \"parentId\": 25,\n    \"enterpriseId\": 4,\n    \"updatedAt\": 1660880623869,\n    \"createdAt\": 1660880623869,\n    \"id\": 121\n}', '管理员', '管理员在2022-08-19 11:43:43创建了记录', 121),(267, 'dic_item', 1, '2022-08-19 11:43:44', '创建', NULL, NULL, '{\n    \"label\": \"异常关闭\",\n    \"value\": \"ExceptionClose\",\n    \"seq\": 6,\n    \"parentId\": 25,\n    \"enterpriseId\": 4,\n    \"updatedAt\": 1660880623920,\n    \"createdAt\": 1660880623920,\n    \"id\": 122\n}', '管理员', '管理员在2022-08-19 11:43:43创建了记录', 122),(268, 'dic', 1, '2023-02-01 09:54:49', '创建', NULL, NULL, '{\n    \"id\": 26,\n    \"dicCode\": \"argType\",\n    \"dicName\": \"参数类型\",\n    \"dicItem\": [\n        {\n            \"label\": \"字符串\",\n            \"value\": \"string\"\n        },\n        {\n            \"label\": \"长整数\",\n            \"value\": \"long\"\n        },\n        {\n            \"label\": \"整数\",\n            \"value\": \"int\"\n        },\n        {\n            \"label\": \"日期\",\n            \"value\": \"date\"\n        },\n        {\n            \"label\": \"小数\",\n            \"value\": \"double\"\n        }\n    ],\n    \"enterpriseId\": 4,\n    \"updatedAt\": 1675216488597,\n    \"createdAt\": 1675216488597\n}', '管理员', '管理员在2023-02-01 09:54:48创建了记录', 26),(269, 'dic_item', 1, '2023-02-01 09:54:49', '创建', NULL, NULL, '{\n    \"label\": \"字符串\",\n    \"value\": \"string\",\n    \"seq\": 1,\n    \"parentId\": 26,\n    \"enterpriseId\": 4,\n    \"updatedAt\": 1675216488929,\n    \"createdAt\": 1675216488929,\n    \"id\": 123\n}', '管理员', '管理员在2023-02-01 09:54:48创建了记录', 123),(270, 'dic_item', 1, '2023-02-01 09:54:49', '创建', NULL, NULL, '{\n    \"label\": \"长整数\",\n    \"value\": \"long\",\n    \"seq\": 2,\n    \"parentId\": 26,\n    \"enterpriseId\": 4,\n    \"updatedAt\": 1675216488936,\n    \"createdAt\": 1675216488936,\n    \"id\": 124\n}', '管理员', '管理员在2023-02-01 09:54:48创建了记录', 124),(271, 'dic_item', 1, '2023-02-01 09:54:49', '创建', NULL, NULL, '{\n    \"label\": \"整数\",\n    \"value\": \"int\",\n    \"seq\": 3,\n    \"parentId\": 26,\n    \"enterpriseId\": 4,\n    \"updatedAt\": 1675216488941,\n    \"createdAt\": 1675216488941,\n    \"id\": 125\n}', '管理员', '管理员在2023-02-01 09:54:48创建了记录', 125),(272, 'dic_item', 1, '2023-02-01 09:54:49', '创建', NULL, NULL, '{\n    \"label\": \"日期\",\n    \"value\": \"date\",\n    \"seq\": 4,\n    \"parentId\": 26,\n    \"enterpriseId\": 4,\n    \"updatedAt\": 1675216488946,\n    \"createdAt\": 1675216488946,\n    \"id\": 126\n}', '管理员', '管理员在2023-02-01 09:54:48创建了记录', 126),(273, 'dic_item', 1, '2023-02-01 09:54:49', '创建', NULL, NULL, '{\n    \"label\": \"小数\",\n    \"value\": \"double\",\n    \"seq\": 5,\n    \"parentId\": 26,\n    \"enterpriseId\": 4,\n    \"updatedAt\": 1675216488953,\n    \"createdAt\": 1675216488953,\n    \"id\": 127\n}', '管理员', '管理员在2023-02-01 09:54:48创建了记录', 127),(274, 'dic', 1, '2023-02-01 13:59:19', '创建', NULL, NULL, '{\n    \"id\": 27,\n    \"dicCode\": \"sqlType\",\n    \"dicName\": \"sql类型\",\n    \"dicItem\": [\n        {\n            \"label\": \"查询\",\n            \"value\": \"query\"\n        },\n        {\n            \"label\": \"更新\",\n            \"value\": \"update\"\n        }\n    ],\n    \"enterpriseId\": 4,\n    \"updatedAt\": 1675231158740,\n    \"createdAt\": 1675231158740\n}', '管理员', '管理员在2023-02-01 13:59:18创建了记录', 27),(275, 'dic_item', 1, '2023-02-01 13:59:19', '创建', NULL, NULL, '{\n    \"label\": \"查询\",\n    \"value\": \"query\",\n    \"seq\": 1,\n    \"parentId\": 27,\n    \"enterpriseId\": 4,\n    \"updatedAt\": 1675231158746,\n    \"createdAt\": 1675231158746,\n    \"id\": 128\n}', '管理员', '管理员在2023-02-01 13:59:18创建了记录', 128),(276, 'dic_item', 1, '2023-02-01 13:59:19', '创建', NULL, NULL, '{\n    \"label\": \"更新\",\n    \"value\": \"update\",\n    \"seq\": 2,\n    \"parentId\": 27,\n    \"enterpriseId\": 4,\n    \"updatedAt\": 1675231158770,\n    \"createdAt\": 1675231158770,\n    \"id\": 129\n}', '管理员', '管理员在2023-02-01 13:59:18创建了记录', 129),(277, 'dic', 1, '2023-02-01 14:13:16', '修改', 'dic_code', 'argType', 'paramType', '管理员', '管理员在2023-02-01 14:13:15将字段字典编号的值从argType改为paramType', 26),(278, 'dic_item', 1, '2023-02-01 15:58:49', '创建', NULL, NULL, '{\n    \"label\": \"部分sql\",\n    \"value\": \"part\",\n    \"seq\": 3,\n    \"parentId\": 27,\n    \"enterpriseId\": 4,\n    \"updatedAt\": 1675238328679,\n    \"createdAt\": 1675238328679,\n    \"id\": 130\n}', '管理员', '管理员在2023-02-01 15:58:48创建了记录', 130),(280, 'customer', 1, '2023-02-13 09:42:22', '创建', NULL, NULL, '{\n    \"id\": 11,\n    \"enterpriseId\": 4,\n    \"userId\": 1,\n    \"customerSourceId\": 1,\n    \"name\": \"123\",\n    \"mobile\": \"12312312\",\n    \"decorationType\": \"1\",\n    \"address\": \"3\",\n    \"area\": 123213,\n    \"customerStatus\": \"1\",\n    \"updatedAt\": 1676252541845,\n    \"createdAt\": 1676252541845\n}', '管理员', '管理员在2023-02-13 09:42:21创建了记录', 11),(281, 'customer', 1, '2023-02-13 09:44:08', '创建', NULL, NULL, '{\n    \"id\": 12,\n    \"enterpriseId\": 4,\n    \"userId\": 1,\n    \"customerSourceId\": 1,\n    \"name\": \"测试\",\n    \"mobile\": \"1111\",\n    \"decorationType\": \"2\",\n    \"address\": \"12\",\n    \"area\": 11,\n    \"customerStatus\": \"1\",\n    \"updatedAt\": 1676252648375,\n    \"createdAt\": 1676252648375\n}', '管理员', '管理员在2023-02-13 09:44:08创建了记录', 12),(282, 'dic', 1, '2023-02-13 10:49:01', '创建', NULL, NULL, '{\n    \"id\": 28,\n    \"dicCode\": \"sqlApiType\",\n    \"dicName\": \"sql接口类型\",\n    \"dicItem\": [\n        {\n            \"label\": \"查询\",\n            \"value\": \"query\"\n        },\n        {\n            \"label\": \"更新\",\n            \"value\": \"update\"\n        }\n    ],\n    \"enterpriseId\": 4,\n    \"updatedAt\": 1676256540587,\n    \"createdAt\": 1676256540587\n}', '管理员', '管理员在2023-02-13 10:49:00创建了记录', 28),(283, 'dic_item', 1, '2023-02-13 10:49:01', '创建', NULL, NULL, '{\n    \"label\": \"查询\",\n    \"value\": \"query\",\n    \"seq\": 1,\n    \"parentId\": 28,\n    \"enterpriseId\": 4,\n    \"updatedAt\": 1676256540886,\n    \"createdAt\": 1676256540886,\n    \"id\": 131\n}', '管理员', '管理员在2023-02-13 10:49:00创建了记录', 131),(284, 'dic_item', 1, '2023-02-13 10:49:01', '创建', NULL, NULL, '{\n    \"label\": \"更新\",\n    \"value\": \"update\",\n    \"seq\": 2,\n    \"parentId\": 28,\n    \"enterpriseId\": 4,\n    \"updatedAt\": 1676256540890,\n    \"createdAt\": 1676256540890,\n    \"id\": 132\n}', '管理员', '管理员在2023-02-13 10:49:00创建了记录', 132),(285, 'dic', 1, '2023-02-13 10:51:29', '创建', NULL, NULL, '{\n    \"id\": 29,\n    \"dicCode\": \"sqlApiPrefix\",\n    \"dicName\": \"sql接口前缀\",\n    \"dicItem\": [\n        {\n            \"label\": \"/api\",\n            \"value\": \"/api\"\n        },\n        {\n            \"label\": \"/api/public\",\n            \"value\": \"/api/public\"\n        },\n        {\n            \"label\": \"/admin/api\",\n            \"value\": \"/admin/api\"\n        }\n    ],\n    \"enterpriseId\": 4,\n    \"updatedAt\": 1676256689100,\n    \"createdAt\": 1676256689100\n}', '管理员', '管理员在2023-02-13 10:51:29创建了记录', 29),(286, 'dic_item', 1, '2023-02-13 10:51:29', '创建', NULL, NULL, '{\n    \"label\": \"/api\",\n    \"value\": \"/api\",\n    \"seq\": 1,\n    \"parentId\": 29,\n    \"enterpriseId\": 4,\n    \"updatedAt\": 1676256689103,\n    \"createdAt\": 1676256689103,\n    \"id\": 133\n}', '管理员', '管理员在2023-02-13 10:51:29创建了记录', 133),(287, 'dic_item', 1, '2023-02-13 10:51:29', '创建', NULL, NULL, '{\n    \"label\": \"/api/public\",\n    \"value\": \"/api/public\",\n    \"seq\": 2,\n    \"parentId\": 29,\n    \"enterpriseId\": 4,\n    \"updatedAt\": 1676256689107,\n    \"createdAt\": 1676256689107,\n    \"id\": 134\n}', '管理员', '管理员在2023-02-13 10:51:29创建了记录', 134),(288, 'dic_item', 1, '2023-02-13 10:51:29', '创建', NULL, NULL, '{\n    \"label\": \"/admin/api\",\n    \"value\": \"/admin/api\",\n    \"seq\": 3,\n    \"parentId\": 29,\n    \"enterpriseId\": 4,\n    \"updatedAt\": 1676256689112,\n    \"createdAt\": 1676256689112,\n    \"id\": 135\n}', '管理员', '管理员在2023-02-13 10:51:29创建了记录', 135),(289, 'customer', 1, '2023-02-13 13:56:29', '创建', NULL, NULL, '{\n    \"id\": 13,\n    \"enterpriseId\": 4,\n    \"userId\": 1,\n    \"customerSourceId\": 3,\n    \"name\": \"1\",\n    \"mobile\": \"1\",\n    \"decorationType\": \"2\",\n    \"address\": \"11\",\n    \"area\": 1,\n    \"customerStatus\": \"1\",\n    \"updatedAt\": 1676267789265,\n    \"createdAt\": 1676267789265\n}', '管理员', '管理员在2023-02-13 13:56:29创建了记录', 13),(290, 'customer', 1, '2023-02-13 13:57:28', '创建', NULL, NULL, '{\n    \"id\": 14,\n    \"enterpriseId\": 4,\n    \"userId\": 1,\n    \"customerSourceId\": 2,\n    \"name\": \"123\",\n    \"mobile\": \"1\",\n    \"decorationType\": \"2\",\n    \"address\": \"123\",\n    \"area\": 123,\n    \"customerStatus\": \"1\",\n    \"updatedAt\": 1676267848257,\n    \"createdAt\": 1676267848257\n}', '管理员', '管理员在2023-02-13 13:57:28创建了记录', 14),(291, 'customer', 1, '2023-02-13 13:57:34', '删除', NULL, '{\n    \"area\": 123,\n    \"decorationType\": \"2\",\n    \"address\": \"123\",\n    \"mobile\": \"1\",\n    \"userId\": 1,\n    \"customerSourceId\": 2,\n    \"customerStatus\": \"1\",\n    \"name\": \"123\",\n    \"id\": 14,\n    \"enterpriseId\": 4\n}', NULL, '管理员', '管理员在2023-02-13 13:57:34删除了记录', 14),(292, 'customer', 1, '2023-02-13 13:57:42', '创建', NULL, NULL, '{\n    \"id\": 15,\n    \"enterpriseId\": 4,\n    \"userId\": 1,\n    \"customerSourceId\": 2,\n    \"name\": \"11\",\n    \"mobile\": \"1\",\n    \"decorationType\": \"2\",\n    \"address\": \"1\",\n    \"area\": 1,\n    \"customerStatus\": \"1\",\n    \"updatedAt\": 1676267861732,\n    \"createdAt\": 1676267861732\n}', '管理员', '管理员在2023-02-13 13:57:41创建了记录', 15),(293, 'user', 1, '2023-02-22 11:03:36', '修改', 'user_code', '010101', '010102', '管理员', '管理员在2023-02-22 11:03:36将字段用户编号的值从010101改为010102', 3),(294, 'user', 1, '2023-02-22 11:03:36', '修改', 'update_time', '2023-02-22 11:02:12', '2023-02-22 11:03:35', '管理员', '管理员在2023-02-22 11:03:36将字段更新时间的值从Wed Feb 22 11:02:12 CST 2023改为Wed Feb 22 11:03:35 CST 2023', 3),(295, 'user', 1, '2023-02-22 11:19:48', '修改', 'user_code', '010102', '010101', '管理员', '管理员在2023-02-22 11:19:47将字段用户编号的值从010102改为010101', 3),(296, 'user', 1, '2023-02-22 11:19:48', '修改', 'update_time', '2023-02-22 11:03:36', '2023-02-22 11:19:47', '管理员', '管理员在2023-02-22 11:19:47将字段更新时间的值从Wed Feb 22 11:03:36 CST 2023改为Wed Feb 22 11:19:47 CST 2023', 3),(297, 'user', 1, '2023-02-22 13:39:02', '修改', 'user_code', 'admin', 'admin1', '管理员', '管理员在2023-02-22 13:39:01将字段用户编号的值从admin改为admin1', 1),(298, 'user', 1, '2023-02-22 13:39:02', '修改', 'update_time', '2022-08-25 15:10:09', '2023-02-22 13:39:01', '管理员', '管理员在2023-02-22 13:39:01将字段更新时间的值从Thu Aug 25 15:10:09 CST 2022改为Wed Feb 22 13:39:01 CST 2023', 1),(299, 'user', 1, '2023-02-22 13:40:28', '修改', 'user_code', 'admin1', 'admin', '管理员', '管理员在2023-02-22 13:40:28将字段用户编号的值从admin1改为admin', 1),(300, 'user', 1, '2023-02-22 13:40:28', '修改', 'update_time', '2023-02-22 13:39:02', '2023-02-22 13:40:27', '管理员', '管理员在2023-02-22 13:40:28将字段更新时间的值从Wed Feb 22 13:39:02 CST 2023改为Wed Feb 22 13:40:27 CST 2023', 1),(301, 'user', 1, '2023-02-22 13:40:58', '修改', 'user_code', 'admin', 'admin1', '管理员', '管理员在2023-02-22 13:40:57将字段用户编号的值从admin改为admin1', 1),(302, 'user', 1, '2023-02-22 13:40:58', '修改', 'update_time', '2023-02-22 13:40:28', '2023-02-22 13:40:57', '管理员', '管理员在2023-02-22 13:40:57将字段更新时间的值从Wed Feb 22 13:40:28 CST 2023改为Wed Feb 22 13:40:57 CST 2023', 1),(303, 'user', 1, '2023-02-22 13:43:02', '修改', 'user_code', 'admin1', 'admin', '管理员', '管理员在2023-02-22 13:43:02将字段用户编号的值从admin1改为admin', 1),(304, 'user', 1, '2023-02-22 13:43:02', '修改', 'update_time', '2023-02-22 13:40:58', '2023-02-22 13:43:01', '管理员', '管理员在2023-02-22 13:43:02将字段更新时间的值从Wed Feb 22 13:40:58 CST 2023改为Wed Feb 22 13:43:01 CST 2023', 1),(305, 'dic_item', 1, '2023-02-24 16:10:24', '修改', 'color', '', 'rgba(255, 255, 255, 1)', '管理员', '管理员在2023-02-24 16:10:24将字段字体颜色的值从null改为rgba(255, 255, 255, 1)', 1),(306, 'dic_item', 1, '2023-02-24 16:10:24', '修改', 'bg_color', '', 'rgba(16, 242, 38, 1)', '管理员', '管理员在2023-02-24 16:10:24将字段背景颜色的值从null改为rgba(16, 242, 38, 1)', 1),(307, 'dic_item', 1, '2023-02-24 16:10:25', '修改', 'color', '', 'rgba(255, 255, 255, 1)', '管理员', '管理员在2023-02-24 16:10:24将字段字体颜色的值从null改为rgba(255, 255, 255, 1)', 49),(308, 'dic_item', 1, '2023-02-24 16:10:25', '修改', 'bg_color', '', 'rgba(248, 231, 28, 1)', '管理员', '管理员在2023-02-24 16:10:24将字段背景颜色的值从null改为rgba(248, 231, 28, 1)', 49),(309, 'dic_item', 1, '2023-02-24 16:10:25', '修改', 'color', '', 'rgba(255, 255, 255, 1)', '管理员', '管理员在2023-02-24 16:10:24将字段字体颜色的值从null改为rgba(255, 255, 255, 1)', 3),(310, 'dic_item', 1, '2023-02-24 16:10:25', '修改', 'bg_color', '', 'rgba(208, 2, 27, 1)', '管理员', '管理员在2023-02-24 16:10:24将字段背景颜色的值从null改为rgba(208, 2, 27, 1)', 3),(311, 'dic_item', 1, '2023-02-24 16:13:26', '修改', 'color', '', 'rgba(255, 255, 255, 1)', '管理员', '管理员在2023-02-24 16:13:26将字段字体颜色的值从null改为rgba(255, 255, 255, 1)', 54),(312, 'dic_item', 1, '2023-02-24 16:13:26', '修改', 'bg_color', '', 'rgba(80, 227, 194, 1)', '管理员', '管理员在2023-02-24 16:13:26将字段背景颜色的值从null改为rgba(80, 227, 194, 1)', 54),(313, 'dic_item', 1, '2023-02-24 16:13:26', '修改', 'color', '', 'rgba(255, 255, 255, 1)', '管理员', '管理员在2023-02-24 16:13:26将字段字体颜色的值从null改为rgba(255, 255, 255, 1)', 55),(314, 'dic_item', 1, '2023-02-24 16:13:26', '修改', 'bg_color', '', 'rgba(155, 155, 155, 1)', '管理员', '管理员在2023-02-24 16:13:26将字段背景颜色的值从null改为rgba(155, 155, 155, 1)', 55),(315, 'user', 1, '2023-02-24 16:15:37', '修改', 'update_time', '2023-02-22 11:19:47', '2023-02-24 16:15:37', '管理员', '管理员在2023-02-24 16:15:37将字段更新时间的值从Wed Feb 22 11:19:47 CST 2023改为Fri Feb 24 16:15:37 CST 2023', 3),(316, 'user', 1, '2023-02-24 16:15:37', '修改', 'user_status', '1', '2', '管理员', '管理员在2023-02-24 16:15:37将字段用户状态的值从1改为2', 3),(324, 'dic_item', 1, '2023-03-24 17:46:23', '创建', NULL, NULL, '{\n    \"id\": 143,\n    \"parentId\": 1,\n    \"label\": \"11\",\n    \"value\": \"11\",\n    \"seq\": 111,\n    \"enterpriseId\": 4,\n    \"updatedAt\": 1679651183075,\n    \"createdAt\": 1679651183075\n}', '管理员', '管理员在2023-03-24 17:46:23创建了记录', 143),(325, 'dic_item', 1, '2023-03-24 17:47:43', '修改', 'label', '11', '111', '管理员', '管理员在2023-03-24 17:47:42将字段字典标签的值从11改为111', 143),(326, 'dic_item', 1, '2023-03-24 17:48:25', '修改', 'label', '111', '1111', '管理员', '管理员在2023-03-24 17:48:25将字段字典标签的值从111改为1111', 143),(327, 'dic_item', 1, '2023-03-24 17:48:50', '修改', 'label', '1111', '222', '管理员', '管理员在2023-03-24 17:48:50将字段字典标签的值从1111改为222', 143),(328, 'dic_item', 1, '2023-03-24 17:50:12', '修改', 'label', '222', '2221', '管理员', '管理员在2023-03-24 17:50:12将字段字典标签的值从222改为2221', 143),(329, 'dic_item', 1, '2023-03-24 17:50:35', '删除', NULL, '{\n    \"label\": \"2221\",\n    \"parentId\": 1,\n    \"id\": 143,\n    \"value\": \"11\",\n    \"seq\": 111\n}', NULL, '管理员', '管理员在2023-03-24 17:50:35删除了记录', 143),(332, 'user', 1, '2023-03-31 14:24:55', '修改', 'user_code', 'test01', 'test011', '管理员', '管理员在2023-03-31 14:24:54将字段用户编号的值从test01改为test011', 2),(333, 'user', 1, '2023-03-31 14:24:55', '修改', 'update_time', '2023-02-10 14:20:03', '2023-03-31 14:24:54', '管理员', '管理员在2023-03-31 14:24:54将字段更新时间的值从Fri Feb 10 14:20:03 CST 2023改为Fri Mar 31 14:24:54 CST 2023', 2),(334, 'user', 1, '2023-03-31 14:29:57', '修改', 'user_code', 'test011', 'test01', '管理员', '管理员在2023-03-31 14:29:56将字段用户编号的值从test011改为test01', 2),(335, 'user', 1, '2023-03-31 14:29:57', '修改', 'update_time', '2023-03-31 14:24:54', '2023-03-31 14:29:56', '管理员', '管理员在2023-03-31 14:29:56将字段更新时间的值从Fri Mar 31 14:24:54 CST 2023改为Fri Mar 31 14:29:56 CST 2023', 2),(336, 'template', 1, '2023-03-31 15:21:29', '修改', 'content', 'saazzz11', 'saazzz11 ${name}', '管理员', '管理员在2023-03-31 15:21:28将字段内容的值从saazzz11改为saazzz11 ${name}', 1),(337, 'template', 1, '2023-03-31 15:24:12', '修改', 'content', 'saazzz11 ${name}', 'saazzz11 ${name}  #parse(\'test2\')', '管理员', '管理员在2023-03-31 15:24:11将字段内容的值从saazzz11 ${name}改为saazzz11 ${name}  #parse(\'test2\')', 1),(338, 'template', 1, '2023-03-31 15:24:33', '修改', 'content', '-', '- 测试2:${age}', '管理员', '管理员在2023-03-31 15:24:33将字段内容的值从-改为- 测试2:${age}', 2),(339, 'template', 1, '2023-03-31 15:29:55', '修改', 'params', '', '{\r\n    \"name\":\"张三\",\r\n    \"age\":18\r\n}', '管理员', '管理员在2023-03-31 15:29:54将字段测试参数的值从null改为{\r\n    \"name\":\"张三\",\r\n    \"age\":18\r\n}', 1),(340, 'template', 1, '2023-03-31 15:32:05', '修改', 'content', 'saazzz11 ${name}  #parse(\'test2\')', 'saazzz11 \r\n${name}  \r\n## 测试\r\n#parse(\'test2\')', '管理员', '管理员在2023-03-31 15:32:05将字段内容的值从saazzz11 ${name}  #parse(\'test2\')改为saazzz11 \r\n${name}  \r\n## 测试\r\n#parse(\'test2\')', 1),(341, 'template', 1, '2023-03-31 15:33:37', '修改', 'params', '', '{\r\n    \"name\":\"张三11\",\r\n    \"age\":18\r\n}', '管理员', '管理员在2023-03-31 15:33:36将字段测试参数的值从null改为{\r\n    \"name\":\"张三11\",\r\n    \"age\":18\r\n}', 2),(342, 'template', 1, '2023-03-31 15:46:43', '修改', 'template_type', '', 'html', '管理员', '管理员在2023-03-31 15:46:42将字段模板类型的值从null改为html', 1),(343, 'template', 1, '2023-03-31 15:46:51', '修改', 'template_type', '', 'javascript', '管理员', '管理员在2023-03-31 15:46:50将字段模板类型的值从null改为javascript', 2),(344, 'template', 1, '2023-03-31 16:02:33', '修改', 'template_type', '', 'html', '管理员', '管理员在2023-03-31 16:02:32将字段模板类型的值从null改为html', 1),(345, 'template', 1, '2023-03-31 16:02:52', '修改', 'template_type', '', 'javascript', '管理员', '管理员在2023-03-31 16:02:51将字段模板类型的值从null改为javascript', 2),(346, 'template', 1, '2023-03-31 16:05:33', '修改', 'content', 'saazzz11 \r\n${name}  \r\n## 测试\r\n#parse(\'test2\')', 'saazzz11 \r\n${name}  \r\n## 测试\r\n#parse(\'test2\')\r\n<html>\r\n    aaa\r\n</html>', '管理员', '管理员在2023-03-31 16:05:32将字段内容的值从saazzz11 \r\n${name}  \r\n## 测试\r\n#parse(\'test2\')改为saazzz11 \r\n${name}  \r\n## 测试\r\n#parse(\'test2\')\r\n<html>\r\n    aaa\r\n</html>', 1),(347, 'template', 1, '2023-03-31 16:45:12', '修改', 'content', 'saazzz11 \r\n${name}  \r\n## 测试\r\n#parse(\'test2\')\r\n<html>\r\n    aaa\r\n</html>', 'saazzz11 \r\n${name}  \r\n## 测试\r\n#parse(\'test2\')\r\n<html>\r\n    aaa\r\n</html>\r\n', '管理员', '管理员在2023-03-31 16:45:12将字段内容的值从saazzz11 \r\n${name}  \r\n## 测试\r\n#parse(\'test2\')\r\n<html>\r\n    aaa\r\n</html>改为saazzz11 \r\n${name}  \r\n## 测试\r\n#parse(\'test2\')\r\n<html>\r\n    aaa\r\n</html>\r\n', 1),(348, 'user', 1, '2023-04-04 08:52:15', '修改', 'update_time', '2023-02-22 13:43:02', '2023-04-04 08:52:14', '管理员', '管理员在2023-04-04 08:52:14将字段更新时间的值从Wed Feb 22 13:43:02 CST 2023改为Tue Apr 04 08:52:14 CST 2023', 1),(349, 'user', 1, '2023-04-04 08:52:15', '修改', 'other_files', '/admin/download/9/b68c9f5e7aed7e50e508445681dcf2e4.jpeg,/admin/download/10/博洛尼合同印章.png,/admin/download/11/svn服务器.docx', '/admin/download/9/b68c9f5e7aed7e50e508445681dcf2e4.jpeg', '管理员', '管理员在2023-04-04 08:52:14将字段附件列表的值从/admin/download/9/b68c9f5e7aed7e50e508445681dcf2e4.jpeg,/admin/download/10/博洛尼合同印章.png,/admin/download/11/svn服务器.docx改为/admin/download/9/b68c9f5e7aed7e50e508445681dcf2e4.jpeg', 1),(350, 'user', 1, '2023-04-04 08:52:20', '修改', 'update_time', '2023-02-24 16:15:37', '2023-04-04 08:52:19', '管理员', '管理员在2023-04-04 08:52:19将字段更新时间的值从Fri Feb 24 16:15:37 CST 2023改为Tue Apr 04 08:52:19 CST 2023', 3),(351, 'user', 1, '2023-04-04 08:52:20', '修改', 'other_files', '/admin/download/23/43e6a11ac1db1d2c63509d2f9ae704e9.jpeg,/admin/download/24/b68c9f5e7aed7e50e508445681dcf2e4.jpeg', '/admin/download/23/43e6a11ac1db1d2c63509d2f9ae704e9.jpeg', '管理员', '管理员在2023-04-04 08:52:19将字段附件列表的值从/admin/download/23/43e6a11ac1db1d2c63509d2f9ae704e9.jpeg,/admin/download/24/b68c9f5e7aed7e50e508445681dcf2e4.jpeg改为/admin/download/23/43e6a11ac1db1d2c63509d2f9ae704e9.jpeg', 3),(352, 'customer', 1, '2023-04-06 14:51:53', '修改', 'name', '11', '112', '管理员', '管理员在2023-04-06 14:51:52将字段客户姓名的值从11改为112', 15),(353, 'customer', 1, '2023-04-06 14:53:26', '修改', 'name', '112', '113', '管理员', '管理员在2023-04-06 14:53:26将字段客户姓名的值从112改为113', 15),(354, 'template', 1, '2023-04-06 16:30:53', '修改', 'content', 'saazzz11 \r\n${name}  \r\n## 测试\r\n#parse(\'test2\')\r\n<html>\r\n    aaa\r\n</html>\r\n', 'saazzz11 \r\n${name}  \r\n## 测试\r\n#parse(a\'test2\')\r\n<html>\r\n    aaa\r\n</html>\r\n', '管理员', '管理员在2023-04-06 16:30:52将字段内容的值从saazzz11 \r\n${name}  \r\n## 测试\r\n#parse(\'test2\')\r\n<html>\r\n    aaa\r\n</html>\r\n改为saazzz11 \r\n${name}  \r\n## 测试\r\n#parse(a\'test2\')\r\n<html>\r\n    aaa\r\n</html>\r\n', 1),(355, 'template', 1, '2023-04-06 16:31:43', '修改', 'content', 'saazzz11 \r\n${name}  \r\n## 测试\r\n#parse(a\'test2\')\r\n<html>\r\n    aaa\r\n</html>\r\n', 'saazzz11 \r\n${name}  \r\n## 测试\r\n#parse(\'test2\')\r\n<html>\r\n    aaa\r\n</html>\r\n', '管理员', '管理员在2023-04-06 16:31:43将字段内容的值从saazzz11 \r\n${name}  \r\n## 测试\r\n#parse(a\'test2\')\r\n<html>\r\n    aaa\r\n</html>\r\n改为saazzz11 \r\n${name}  \r\n## 测试\r\n#parse(\'test2\')\r\n<html>\r\n    aaa\r\n</html>\r\n', 1),(356, 'template', 1, '2023-04-07 14:51:00', '创建', NULL, NULL, '{\n    \"id\": 3,\n    \"code\": \"page\",\n    \"name\": \"页面\",\n    \"seq\": 20,\n    \"templateType\": \"text\",\n    \"params\": \"{\\\"name\\\":\\\"\\\",\\\"perPage\\\":2147483647,\\\"page\\\":1}\",\n    \"enterpriseId\": 4,\n    \"updatedAt\": 1680850260395,\n    \"createdAt\": 1680850260395\n}', '管理员', '管理员在2023-04-07 14:51:00创建了记录', 3),(357, 'template', 1, '2023-04-07 14:52:31', '创建', NULL, NULL, '{\n    \"id\": 4,\n    \"parentId\": 3,\n    \"code\": \"index\",\n    \"name\": \"首页\",\n    \"seq\": 10,\n    \"templateType\": \"html\",\n    \"content\": \"<html>\\r\\n    <head>\\r\\n        <title>测试页面</title>\\r\\n    </head>\\r\\n    <body>\\r\\n        测试\\r\\n    </body>\\r\\n</html>\",\n    \"params\": \"{\\\"name\\\":\\\"\\\",\\\"perPage\\\":2147483647,\\\"page\\\":1}\",\n    \"enterpriseId\": 4,\n    \"updatedAt\": 1680850351459,\n    \"createdAt\": 1680850351459\n}', '管理员', '管理员在2023-04-07 14:52:31创建了记录', 4),(358, 'template', 1, '2023-04-07 15:13:03', '创建', NULL, NULL, '{\n    \"id\": 5,\n    \"parentId\": 3,\n    \"code\": \"pageHeader\",\n    \"name\": \"页面头部\",\n    \"seq\": 20,\n    \"templateType\": \"html\",\n    \"content\": \"<title></title>\",\n    \"params\": \"{\\\"name\\\":\\\"\\\",\\\"perPage\\\":2147483647,\\\"page\\\":1}\",\n    \"enterpriseId\": 4,\n    \"updatedAt\": 1680851583371,\n    \"createdAt\": 1680851583371\n}', '管理员', '管理员在2023-04-07 15:13:03创建了记录', 5),(359, 'template', 1, '2023-04-07 15:13:11', '修改', 'content', '<title></title>', '<title>测试头部</title>', '管理员', '管理员在2023-04-07 15:13:11将字段内容的值从<title></title>改为<title>测试头部</title>', 5),(360, 'template', 1, '2023-04-07 15:13:34', '修改', 'content', '<html>\r\n    <head>\r\n        <title>测试页面</title>\r\n    </head>\r\n    <body>\r\n        测试\r\n    </body>\r\n</html>', '<html>\r\n    <head>\r\n        #parse(\"pageHeader\")\r\n    </head>\r\n    <body>\r\n        测试\r\n    </body>\r\n</html>', '管理员', '管理员在2023-04-07 15:13:33将字段内容的值从<html>\r\n    <head>\r\n        <title>测试页面</title>\r\n    </head>\r\n    <body>\r\n        测试\r\n    </body>\r\n</html>改为<html>\r\n    <head>\r\n        #parse(\"pageHeader\")\r\n    </head>\r\n    <body>\r\n        测试\r\n    </body>\r\n</html>', 4),(361, 'template', 1, '2023-04-07 15:13:57', '修改', 'content', '<title>测试头部</title>', '<title>测试头部</title>\r\n', '管理员', '管理员在2023-04-07 15:13:56将字段内容的值从<title>测试头部</title>改为<title>测试头部</title>\r\n', 5),(362, 'template', 1, '2023-04-07 15:15:22', '修改', 'content', '<html>\r\n    <head>\r\n        #parse(\"pageHeader\")\r\n    </head>\r\n    <body>\r\n        测试\r\n    </body>\r\n</html>', '<html>\r\n    <head>\r\n        #parse(\"pageHeader\")\r\n    </head>\r\n    <body>\r\n        <h1>测试</h1>\r\n    </body>\r\n</html>', '管理员', '管理员在2023-04-07 15:15:22将字段内容的值从<html>\r\n    <head>\r\n        #parse(\"pageHeader\")\r\n    </head>\r\n    <body>\r\n        测试\r\n    </body>\r\n</html>改为<html>\r\n    <head>\r\n        #parse(\"pageHeader\")\r\n    </head>\r\n    <body>\r\n        <h1>测试</h1>\r\n    </body>\r\n</html>', 4),(363, 'template', 1, '2023-04-07 15:15:50', '修改', 'content', '<html>\r\n    <head>\r\n        #parse(\"pageHeader\")\r\n    </head>\r\n    <body>\r\n        <h1>测试</h1>\r\n    </body>\r\n</html>', '<html>\r\n    <head>\r\n        #parse(\"pageHeader\")\r\n    </head>\r\n    <body>\r\n        <h1>测试 ${abc}</h1>\r\n    </body>\r\n</html>', '管理员', '管理员在2023-04-07 15:15:50将字段内容的值从<html>\r\n    <head>\r\n        #parse(\"pageHeader\")\r\n    </head>\r\n    <body>\r\n        <h1>测试</h1>\r\n    </body>\r\n</html>改为<html>\r\n    <head>\r\n        #parse(\"pageHeader\")\r\n    </head>\r\n    <body>\r\n        <h1>测试 ${abc}</h1>\r\n    </body>\r\n</html>', 4),(364, 'template', 1, '2023-04-07 15:20:12', '修改', 'content', '<html>\r\n    <head>\r\n        #parse(\"pageHeader\")\r\n    </head>\r\n    <body>\r\n        <h1>测试 ${abc}</h1>\r\n    </body>\r\n</html>', '<html>\r\n    <head>\r\n        #parse(\"pageHeader\")\r\n    </head>\r\n    <body>\r\n        <h1>测试 ${params.abc}</h1>\r\n    </body>\r\n</html>', '管理员', '管理员在2023-04-07 15:20:12将字段内容的值从<html>\r\n    <head>\r\n        #parse(\"pageHeader\")\r\n    </head>\r\n    <body>\r\n        <h1>测试 ${abc}</h1>\r\n    </body>\r\n</html>改为<html>\r\n    <head>\r\n        #parse(\"pageHeader\")\r\n    </head>\r\n    <body>\r\n        <h1>测试 ${params.abc}</h1>\r\n    </body>\r\n</html>', 4),(365, 'template', 1, '2023-04-07 15:32:55', '修改', 'content', '<html>\r\n    <head>\r\n        #parse(\"pageHeader\")\r\n    </head>\r\n    <body>\r\n        <h1>测试 ${params.abc}</h1>\r\n    </body>\r\n</html>', '<html>\r\n    <head>\r\n        #parse(\"pageHeader\")\r\n    </head>\r\n    <body>\r\n        <h1>测试 ${params.abc}</h1>\r\n\r\n        #foreach($gender in $genderList)\r\n            <div>值:${gender.value},标签:${gender.label}</div>\r\n        #end\r\n    </body>\r\n</html>', '管理员', '管理员在2023-04-07 15:32:54将字段内容的值从<html>\r\n    <head>\r\n        #parse(\"pageHeader\")\r\n    </head>\r\n    <body>\r\n        <h1>测试 ${params.abc}</h1>\r\n    </body>\r\n</html>改为<html>\r\n    <head>\r\n        #parse(\"pageHeader\")\r\n    </head>\r\n    <body>\r\n        <h1>测试 ${params.abc}</h1>\r\n\r\n        #foreach($gender in $genderList)\r\n            <div>值:${gender.value},标签:${gender.label}</div>\r\n        #end\r\n    </body>\r\n</html>', 4);
UNLOCK TABLES;
COMMIT;
BEGIN;
LOCK TABLES `jqp`.`icon` WRITE;
DELETE FROM `jqp`.`icon`;
INSERT INTO `jqp`.`icon` (`id`,`icon`,`name`,`whether_common`) VALUES (1, 'fill-drip', '填充液滴', NULL),(2, 'arrows-to-circle', '指向圆圈的箭头', NULL),(3, 'circle-chevron-right', '圆形人字形右侧', NULL),(4, 'at', '@在', 'YES'),(5, 'trash-can', '垃圾桶', NULL),(6, 'text-height', '文本高度', NULL),(7, 'user-xmark', '用户xmark', NULL),(8, 'stethoscope', '听诊器', NULL),(9, 'message', '消息', 'YES'),(10, 'info', '信息', NULL),(11, 'down-left-and-up-right-to-center', '从左下到右上到中心', NULL),(12, 'explosion', '爆炸', NULL),(13, 'file-lines', '文件行', 'YES'),(14, 'wave-square', '波浪平方', NULL),(15, 'ring', '戒指', NULL),(16, 'building-un', '建筑物', NULL),(17, 'dice-three', '骰子三', NULL),(18, 'calendar-days', '日历天', NULL),(19, 'anchor-circle-check', '锚圈检查', NULL),(20, 'building-circle-arrow-right', '建筑圆向右箭头', NULL),(21, 'volleyball', '排球', NULL),(22, 'arrows-up-to-line', '向上到线条的箭头', NULL),(23, 'sort-down', '排序', NULL),(24, 'circle-minus', '圆圈减号', NULL),(25, 'door-open', '车门打开', NULL),(26, 'right-from-bracket', '支架右侧', NULL),(27, 'atom', '原子', NULL),(28, 'soap', '肥皂', NULL),(29, 'icons', '图标', NULL),(30, 'microphone-lines-slash', '麦克风线条斜线', NULL),(31, 'bridge-circle-check', '桥圈检查', NULL),(32, 'pump-medical', '医用泵', NULL),(33, 'fingerprint', '指纹', NULL),(34, 'hand-point-right', '右手点', NULL),(35, 'magnifying-glass-location', '放大镜位置', NULL),(36, 'forward-step', '向前台阶', NULL),(37, 'face-smile-beam', '面部微笑光束', NULL),(38, 'flag-checkered', '方格旗', NULL),(39, 'football', '足球运动', NULL),(40, 'school-circle-exclamation', '学校圆圈感叹号', NULL),(41, 'crop', '庄稼', NULL),(42, 'angles-down', '向下倾斜', 'YES'),(43, 'users-rectangle', '用户矩形', NULL),(44, 'people-roof', '人的屋顶', NULL),(45, 'people-line', '人员排队', NULL),(46, 'beer-mug-empty', '空啤酒杯', NULL),(47, 'diagram-predecessor', '图表前置器', NULL),(48, 'arrow-up-long', '向上长箭头', NULL),(49, 'fire-flame-simple', '火焰简易', NULL),(50, 'person', '人', NULL),(51, 'laptop', '笔记本电脑', NULL),(52, 'file-csv', '文件csv', NULL),(53, 'menorah', '烛台', NULL),(54, 'truck-plane', '载重汽车飞机', NULL),(55, 'record-vinyl', '黑胶唱片', NULL),(56, 'face-grin-stars', '面带笑容的星星', NULL),(57, 'bong', '烟枪', NULL),(58, 'spaghetti-monster-flying', '意大利面条怪物飞行', NULL),(59, 'arrow-down-up-across-line', '箭头向下向上穿过线', NULL),(60, 'spoon', '勺子', NULL),(61, 'jar-wheat', '罐式小麦', NULL),(62, 'envelopes-bulk', '信封散装', NULL),(63, 'file-circle-exclamation', '文件圆圈感叹号', NULL),(64, 'circle-h', '圆形-h', NULL),(65, 'pager', '寻呼机', NULL),(66, 'address-book', '通讯簿', NULL),(67, 'strikethrough', '删除线', NULL),(68, 'k', 'k', NULL),(69, 'landmark-flag', '标志性旗帜', NULL),(70, 'pencil', '铅笔', NULL),(71, 'backward', '向后的', NULL),(72, 'caret-right', '插入符号右侧', NULL),(73, 'comments', '评论', NULL),(74, 'paste', '粘贴', NULL),(75, 'code-pull-request', '代码提取请求', NULL),(76, 'clipboard-list', '剪贴板列表', NULL),(77, 'truck-ramp-box', '卡车坡道箱', NULL),(78, 'user-check', '用户检查', NULL),(79, 'vial-virus', '小瓶病毒', NULL),(80, 'sheet-plastic', '片状塑料', NULL),(81, 'blog', '博客', NULL),(82, 'user-ninja', '用户忍术', NULL),(83, 'person-arrow-up-from-line', '从线条向上的人物箭头', NULL),(84, 'scroll-torah', '卷轴式龙卷风', NULL),(85, 'broom-ball', '扫帚球', NULL),(86, 'toggle-off', '切换关闭', NULL),(87, 'box-archive', '盒式档案', NULL),(88, 'person-drowning', '溺水者', NULL),(89, 'arrow-down-9-1', '箭头向下-9-1', NULL),(90, 'face-grin-tongue-squint', '脸咧嘴笑舌头斜视', NULL),(91, 'spray-can', '喷雾罐', NULL),(92, 'truck-monster', '卡车怪物', NULL),(93, 'w', 'w', NULL),(94, 'earth-africa', '地球非洲', NULL),(95, 'rainbow', '虹', NULL),(96, 'circle-notch', '圆形凹口', NULL),(97, 'tablet-screen-button', '平板电脑屏幕按钮', NULL),(98, 'paw', '爪子', NULL),(99, 'cloud', '云', NULL),(100, 'trowel-bricks', '抹子砖', NULL),(101, 'face-flushed', '脸涨红了', NULL),(102, 'hospital-user', '医院用户', NULL),(103, 'tent-arrow-left-right', '帐篷箭头左右', NULL),(104, 'gavel', '木槌', NULL),(105, 'binoculars', '双筒望远镜', NULL),(106, 'microphone-slash', '麦克风斜线', NULL),(107, 'box-tissue', '盒式纸巾', NULL),(108, 'motorcycle', '摩托车', NULL),(109, 'bell-concierge', '行李员', NULL),(110, 'pen-ruler', '钢笔尺', NULL),(111, 'people-arrows', '人物箭头', NULL),(112, 'mars-and-venus-burst', '火星和金星爆发', NULL),(113, 'square-caret-right', '直角插入符号', NULL),(114, 'scissors', '剪刀', NULL),(115, 'sun-plant-wilt', '太阳植物枯萎', NULL),(116, 'toilets-portable', '便携式厕所', NULL),(117, 'hockey-puck', '冰球', NULL),(118, 'table', '桌子', NULL),(119, 'magnifying-glass-arrow-right', '放大镜向右箭头', NULL),(120, 'tachograph-digital', '数字式行车记录仪', NULL),(121, 'users-slash', '用户斜线', NULL),(122, 'clover', '三叶草', NULL),(123, 'reply', '回复', NULL),(124, 'star-and-crescent', '星形和新月形', NULL),(125, 'house-fire', '房屋火灾', NULL),(126, 'square-minus', '平方减去', NULL),(127, 'helicopter', '直升机', NULL),(128, 'compass', '罗盘', NULL),(129, 'square-caret-down', '方形插入符号向下', NULL),(130, 'file-circle-question', '档案圈问题', NULL),(131, 'laptop-code', '笔记本电脑代码', NULL),(132, 'swatchbook', '样本簿', NULL),(133, 'prescription-bottle', '处方瓶', NULL),(134, 'bars', '列表酒吧', 'YES'),(135, 'people-group', '人员组', NULL),(136, 'hourglass-end', '沙漏形端', NULL),(137, 'heart-crack', '心脏破裂', NULL),(138, 'square-up-right', '向右摆正', NULL),(139, 'face-kiss-beam', '面部亲吻光束', NULL),(140, 'film', '电影', NULL),(141, 'ruler-horizontal', '水平标尺', NULL),(142, 'people-robbery', '抢劫人口', NULL),(143, 'lightbulb', '灯泡', NULL),(144, 'caret-left', '左侧插入符号', NULL),(145, 'circle-exclamation', '圆圈感叹号', NULL),(146, 'school-circle-xmark', '学校圆圈xmark', NULL),(147, 'arrow-right-from-bracket', '从支架向右箭头', NULL),(148, 'circle-chevron-down', '圆形人字形向下', NULL),(149, 'unlock-keyhole', '解锁钥匙孔', NULL),(150, 'cloud-showers-heavy', '大阵雨', NULL),(151, 'headphones-simple', '耳机简单', NULL),(152, 'sitemap', '站点地图', NULL),(153, 'circle-dollar-to-slot', '将美元循环到插槽', NULL),(154, 'memory', '记忆力', NULL),(155, 'road-spikes', '道钉', NULL),(156, 'fire-burner', '火焰燃烧器', NULL),(157, 'flag', '旗帜', 'YES'),(158, 'hanukiah', '哈努基亚', NULL),(159, 'feather', '羽毛', NULL),(160, 'volume-low', '音量低', NULL),(161, 'comment-slash', '注释斜线', NULL),(162, 'cloud-sun-rain', '云太阳雨', NULL),(163, 'compress', '压紧', NULL),(164, 'wheat-awn', '小麦芒', NULL),(165, 'ankh', '安赫', NULL),(166, 'hands-holding-child', '双手抱着孩子', NULL),(167, 'asterisk', '星号', NULL),(168, 'square-check', '方形支票', NULL),(169, 'peseta-sign', '比塞塔符号', NULL),(170, 'heading', '标题', NULL),(171, 'ghost', '鬼', NULL),(172, 'list', '列表', NULL),(173, 'square-phone-flip', '方形手机翻盖', NULL),(174, 'cart-plus', '购物车+', NULL),(175, 'gamepad', '游戏手柄', NULL),(176, 'circle-dot', '圆形圆点', NULL),(177, 'face-dizzy', '脸晕', NULL),(178, 'egg', '鸡蛋', NULL),(179, 'house-medical-circle-xmark', '家庭医疗圈xmark', NULL),(180, 'campground', '露营地', NULL),(181, 'folder-plus', '文件夹加号', NULL),(182, 'futbol', '蒲团', NULL),(183, 'paintbrush', '画笔', NULL),(184, 'lock', '锁', NULL),(185, 'gas-pump', '气泵', NULL),(186, 'hot-tub-person', '洗热水澡的人', NULL),(187, 'map-location', '地图位置', NULL),(188, 'house-flood-water', '房屋洪水', NULL),(189, 'tree', '树', NULL),(190, 'bridge-lock', '桥式船闸', NULL),(191, 'sack-dollar', '袋装美元', NULL),(192, 'pen-to-square', '编辑笔到正方形', 'YES'),(193, 'car-side', '轿厢侧', NULL),(194, 'share-nodes', '共享节点', NULL),(195, 'heart-circle-minus', '心圆减去', NULL),(196, 'hourglass-half', '沙漏形的一半', NULL),(197, 'microscope', '显微镜', NULL),(198, 'sink', '下沉', NULL),(199, 'bag-shopping', '购物袋', NULL),(200, 'arrow-down-z-a', '箭头向下-z-a', NULL),(201, 'mitten', '连指手套', NULL),(202, 'person-rays', '人体射线', NULL),(203, 'users', '用户', NULL),(204, 'eye-slash', '眼形斜线', NULL),(205, 'flask-vial', '烧瓶', NULL),(206, 'hand', '手', NULL),(207, 'om', 'om公司', NULL),(208, 'worm', '蠕虫', NULL),(209, 'house-circle-xmark', '房屋圆形xmark', NULL),(210, 'plug', '插头', NULL),(211, 'chevron-up', '人字形向上', NULL),(212, 'hand-spock', '手提式背包', NULL),(213, 'stopwatch', '秒表', NULL),(214, 'face-kiss', '面部亲吻', NULL),(215, 'bridge-circle-xmark', '桥圈X标记', NULL),(216, 'face-grin-tongue', '脸咧嘴笑舌头', NULL),(217, 'chess-bishop', '国际象棋主教', NULL),(218, 'face-grin-wink', '咧嘴一笑', NULL),(219, 'ear-deaf', '耳聋', NULL),(220, 'road-circle-check', '道路绕行检查', NULL),(221, 'dice-five', '骰子五', NULL),(222, 'square-rss', '正方形rss', NULL),(223, 'land-mine-on', '地雷', NULL),(224, 'i-cursor', 'i光标', NULL),(225, 'stamp', '邮票', NULL),(226, 'stairs', '楼梯', NULL),(227, 'i', '我', NULL),(228, 'hryvnia-sign', '格里夫纳征', NULL),(229, 'pills', '药丸', NULL),(230, 'face-grin-wide', '咧嘴大笑', NULL),(231, 'tooth', '牙齿', NULL),(232, 'v', 'v', NULL),(233, 'bangladeshi-taka-sign', '孟加拉国塔卡标志', NULL),(234, 'bicycle', '自行车', NULL),(235, 'staff-snake', '五线蛇', NULL),(236, 'head-side-cough-slash', '头侧咳嗽斜线', NULL),(237, 'truck-medical', '卡车医疗', NULL),(238, 'wheat-awn-circle-exclamation', '小麦芒圈感叹号', NULL),(239, 'snowman', '雪人', NULL),(240, 'mortar-pestle', '研钵杵', NULL),(241, 'road-barrier', '道路护栏', NULL),(242, 'school', '学校', NULL),(243, 'igloo', '雪块砌成的圆顶小屋', NULL),(244, 'joint', '共同的', NULL),(245, 'angle-right', '直角', NULL),(246, 'horse', '马', NULL),(247, 'q', 'q', NULL),(248, 'g', '克', NULL),(249, 'notes-medical', '医学笔记', NULL),(250, 'temperature-half', '温度一半', NULL),(251, 'dong-sign', 'dong符号', NULL),(252, 'capsules', '胶囊', NULL),(253, 'poo-storm', '粪便风暴', NULL),(254, 'face-frown-open', '皱着眉头', NULL),(255, 'hand-point-up', '指针向上', NULL),(256, 'money-bill', '汇票', NULL),(257, 'bookmark', '书签', NULL),(258, 'align-justify', '对齐对齐', NULL),(259, 'umbrella-beach', '伞式海滩', NULL),(260, 'helmet-un', '头盔', NULL),(261, 'bullseye', '靶心', NULL),(262, 'bacon', '培根', NULL),(263, 'hand-point-down', '指针向下', NULL),(264, 'arrow-up-from-bracket', '上传从支架向上的箭头', 'YES'),(265, 'folder', '文件夹', NULL),(266, 'file-waveform', '文件波形', NULL),(267, 'radiation', '辐射', NULL),(268, 'chart-simple', '简单图表', NULL),(269, 'mars-stroke', '火星撞击', NULL),(270, 'vial', '小瓶', NULL),(271, 'gauge', '测量', NULL),(272, 'wand-magic-sparkles', '魔杖般的魔力', NULL),(273, 'e', 'e', NULL),(274, 'pen-clip', '笔夹', NULL),(275, 'bridge-circle-exclamation', '桥圈感叹号', NULL),(276, 'user', '用户', 'YES'),(277, 'school-circle-check', '学校圈检查', NULL),(278, 'dumpster', '垃圾箱', NULL),(279, 'van-shuttle', '货车穿梭车', NULL),(280, 'building-user', '建筑物使用者', NULL),(281, 'square-caret-left', '左方插入符号', NULL),(282, 'highlighter', '荧光笔', NULL),(283, 'key', '钥匙密码', 'YES'),(284, 'bullhorn', '扩音器', NULL),(285, 'globe', '地球', NULL),(286, 'synagogue', '犹太会堂', NULL),(287, 'person-half-dress', '半身裙', NULL),(288, 'road-bridge', '公路桥', NULL),(289, 'location-arrow', '位置箭头', NULL),(290, 'c', 'c', NULL),(291, 'tablet-button', '平板电脑按钮', NULL),(292, 'building-lock', '建筑物锁', NULL),(293, 'pizza-slice', '披萨片', NULL),(294, 'money-bill-wave', '钞票波动', NULL),(295, 'chart-area', '图表区域', NULL),(296, 'house-flag', '国旗', NULL),(297, 'person-circle-minus', '人圈减去', NULL),(298, 'ban', '禁令', NULL),(299, 'camera-rotate', '摄影机旋转', NULL),(300, 'spray-can-sparkles', '喷雾罐闪闪发光', NULL),(301, 'star', '明星', NULL),(302, 'repeat', '重复', NULL),(303, 'cross', '交叉', NULL),(304, 'box', '盒', NULL),(305, 'venus-mars', '金星-火星', NULL),(306, 'arrow-pointer', '箭头指示器', NULL),(307, 'maximize', '最大化', NULL),(308, 'charging-station', '充电站', NULL),(309, 'shapes', '形状', NULL),(310, 'shuffle', '洗牌', NULL),(311, 'person-running', '个人跑步', NULL),(312, 'mobile-retro', '移动复古', NULL),(313, 'grip-lines-vertical', '夹点线垂直', NULL),(314, 'spider', '蜘蛛', NULL),(315, 'hands-bound', '双手被束缚', NULL),(316, 'file-invoice-dollar', '档案发票美元', NULL),(317, 'plane-circle-exclamation', '平面圆圈感叹号', NULL),(318, 'x-ray', 'x射线', NULL),(319, 'spell-check', '拼写检查', NULL),(320, 'slash', '斜线', NULL),(321, 'computer-mouse', '计算机鼠标', NULL),(322, 'arrow-right-to-bracket', '向右箭头到支架', NULL),(323, 'shop-slash', '商店斜线', NULL),(324, 'server', '服务器', NULL),(325, 'virus-covid-slash', '病毒衣壳刷', NULL),(326, 'shop-lock', '商店锁', NULL),(327, 'hourglass-start', '沙漏形启动', NULL),(328, 'blender-phone', '搅拌机电话', NULL),(329, 'building-wheat', '建筑用小麦', NULL),(330, 'person-breastfeeding', '母乳喂养者', NULL),(331, 'right-to-bracket', '括号右侧', NULL),(332, 'venus', '维纳斯', NULL),(333, 'passport', '护照', NULL),(334, 'heart-pulse', '心脏脉搏', NULL),(335, 'people-carry-box', '载人携带箱', NULL),(336, 'temperature-high', '温度过高', NULL),(337, 'microchip', '微芯片', NULL),(338, 'crown', '王冠', NULL),(339, 'weight-hanging', '重量悬挂', NULL),(340, 'xmarks-lines', 'xmarks行', NULL),(341, 'file-prescription', '档案规定', NULL),(342, 'weight-scale', '体重秤', NULL),(343, 'user-group', '用户组', NULL),(344, 'arrow-up-a-z', '箭头-up-a-z', NULL),(345, 'chess-knight', '国际象棋骑士', NULL),(346, 'face-laugh-squint', '脸笑斜视', NULL),(347, 'wheelchair', '轮椅', NULL),(348, 'circle-arrow-up', '向上圆圈箭头', NULL),(349, 'toggle-on', '打开开关', NULL),(350, 'person-walking', '步行的人', NULL),(351, 'l', '我', NULL),(352, 'fire', '火', NULL),(353, 'bed-pulse', '床脉冲', NULL),(354, 'shuttle-space', '航天飞机空间', NULL),(355, 'face-laugh', '大笑', NULL),(356, 'folder-open', '文件夹打开', 'YES'),(357, 'heart-circle-plus', '心圆+', NULL),(358, 'code-fork', '代码叉', NULL),(359, 'city', '城市', NULL),(360, 'microphone-lines', '麦克风线路', NULL),(361, 'pepper-hot', '辣椒味的', NULL),(362, 'unlock', '解锁', NULL),(363, 'colon-sign', '结肠征', NULL),(364, 'headset', '头戴式耳机', NULL),(365, 'store-slash', '存储斜线', NULL),(366, 'road-circle-xmark', '环形路标', NULL),(367, 'user-minus', '用户减号', NULL),(368, 'mars-stroke-up', '火星上升', NULL),(369, 'champagne-glasses', '香槟酒杯', NULL),(370, 'clipboard', '剪贴板', NULL),(371, 'house-circle-exclamation', '房屋圆圈感叹号', NULL),(372, 'file-arrow-up', '文件箭头向上', NULL),(373, 'wifi', '无线网络', NULL),(374, 'bath', '浴缸', NULL),(375, 'underline', '强调', NULL),(376, 'user-pen', '用户笔', NULL),(377, 'signature', '签名', NULL),(378, 'stroopwafel', '斯特罗普瓦费尔', NULL),(379, 'bold', '大胆的', NULL),(380, 'anchor-lock', '锚栓', NULL),(381, 'building-ngo', '构建ngo', NULL),(382, 'manat-sign', '马纳特征', NULL),(383, 'not-equal', '不相等', NULL),(384, 'border-top-left', '边框左上', NULL),(385, 'map-location-dot', '地图定位点', NULL),(386, 'jedi', '绝地武士', NULL),(387, 'square-poll-vertical', '垂直方形轮询', NULL),(388, 'mug-hot', '马克杯热的', NULL),(389, 'car-battery', '汽车蓄电池', NULL),(390, 'gift', '礼物', NULL),(391, 'dice-two', '骰子二', NULL),(392, 'chess-queen', '国际象棋皇后', NULL),(393, 'glasses', '玻璃杯', NULL),(394, 'chess-board', '国际象棋棋盘', NULL),(395, 'building-circle-check', '建筑圆检查', NULL),(396, 'person-chalkboard', '个人黑板', NULL),(397, 'mars-stroke-right', '火星向右划', NULL),(398, 'hand-back-fist', '回拳', NULL),(399, 'square-caret-up', '方形插入符号向上', NULL),(400, 'cloud-showers-water', '云淋浴', NULL),(401, 'chart-bar', '图表栏', NULL),(402, 'hands-bubbles', '手起泡', NULL),(403, 'less-than-equal', '小于等于', NULL),(404, 'train', '火车', NULL),(405, 'eye-low-vision', '眼睛视力低下', NULL),(406, 'crow', '乌鸦', NULL),(407, 'sailboat', '帆船', NULL),(408, 'window-restore', '窗口恢复', NULL),(409, 'square-plus', '平方加', NULL),(410, 'torii-gate', '鸟取门', NULL),(411, 'frog', '蛙', NULL),(412, 'bucket', '水桶', NULL),(413, 'image', '图片形象', 'YES'),(414, 'microphone', '麦克风', NULL),(415, 'cow', '母牛', NULL),(416, 'caret-up', '插入符号向上', NULL),(417, 'screwdriver', '螺丝刀', NULL),(418, 'folder-closed', '文件夹已关闭', NULL),(419, 'house-tsunami', '房屋海啸', NULL),(420, 'square-nfi', '平方nfi', NULL),(421, 'arrow-up-from-ground-water', '从地下水向上的箭头', NULL),(422, 'martini-glass', '马提尼酒杯', NULL),(423, 'rotate-left', '撤销向左旋转', 'YES'),(424, 'table-columns', '表格列', NULL),(425, 'lemon', '柠檬', NULL),(426, 'head-side-mask', '头侧面罩', NULL),(427, 'handshake', '握手', NULL),(428, 'gem', '宝石', NULL),(429, 'dolly', '多莉', NULL),(430, 'smoking', '吸烟', NULL),(431, 'minimize', '减少', NULL),(432, 'monument', '纪念碑', NULL),(433, 'snowplow', '扫雪机', NULL),(434, 'angles-right', '直角', NULL),(435, 'cannabis', '大麻', NULL),(436, 'circle-play', '圆圈游戏', NULL),(437, 'tablets', '平板', NULL),(438, 'ethernet', '以太网', NULL),(439, 'euro-sign', '欧元符号', NULL),(440, 'chair', '椅子', NULL),(441, 'circle-check', '圆形检查', NULL),(442, 'circle-stop', '圆形制动器', NULL),(443, 'compass-drafting', '罗盘绘图', NULL),(444, 'plate-wheat', '平板小麦', NULL),(445, 'icicles', '冰柱', NULL),(446, 'person-shelter', '个人庇护所', NULL),(447, 'neuter', '中性的', NULL),(448, 'id-badge', '身份证', NULL),(449, 'marker', '标记', NULL),(450, 'face-laugh-beam', '面部笑梁', NULL),(451, 'helicopter-symbol', '直升机符号', NULL),(452, 'universal-access', '通用存取', NULL),(453, 'circle-chevron-up', '圆形人字形向上', NULL),(454, 'lari-sign', '拉里征', NULL),(455, 'volcano', '火山', NULL),(456, 'person-walking-dashed-line-arrow-right', '人物行走虚线箭头向右', NULL),(457, 'sterling-sign', '英镑符号', NULL),(458, 'viruses', '病毒', NULL),(459, 'square-person-confined', '方形人禁闭', NULL),(460, 'user-tie', '用户领带', NULL),(461, 'arrow-down-long', '箭头向下长', NULL),(462, 'tent-arrow-down-to-line', '帐篷箭头向下到线', NULL),(463, 'certificate', '证明书', NULL),(464, 'reply-all', '全部答复', NULL),(465, 'suitcase', '手提箱', NULL),(466, 'person-skating', '单人滑', NULL),(467, 'filter-circle-dollar', '过滤圈美元', NULL),(468, 'camera-retro', '照相机复古', NULL),(469, 'circle-arrow-down', '圆形箭头向下', NULL),(470, 'file-import', '文件导入', NULL),(471, 'square-arrow-up-right', '向右上的方形箭头', NULL),(472, 'box-open', '箱子打开', NULL),(473, 'scroll', '纸卷', NULL),(474, 'spa', '水疗中心', NULL),(475, 'location-pin-lock', '定位销锁', NULL),(476, 'pause', '暂停', 'YES'),(477, 'hill-avalanche', '山地雪崩', NULL),(478, 'temperature-empty', '温度为空', NULL),(479, 'bomb', '炸弹', NULL),(480, 'registered', '已注册的', NULL),(481, 'address-card', '地址卡', NULL),(482, 'scale-unbalanced-flip', '刻度不平衡翻转', NULL),(483, 'subscript', '下标', NULL),(484, 'diamond-turn-right', '菱形右转', NULL),(485, 'burst', '爆发', NULL),(486, 'house-laptop', '家用笔记本电脑', NULL),(487, 'face-tired', '脸累了', NULL),(488, 'money-bills', '汇票', NULL),(489, 'smog', '烟雾', NULL),(490, 'crutch', '拐杖', NULL),(491, 'cloud-arrow-up', '云箭头向上', NULL),(492, 'palette', '调色板', NULL),(493, 'arrows-turn-right', '箭头向右转动', NULL),(494, 'vest', '背心', NULL),(495, 'ferry', '渡船', NULL),(496, 'arrows-down-to-people', '向下指向人的箭头', NULL),(497, 'seedling', '幼苗', NULL),(498, 'left-right', '左右的', NULL),(499, 'boxes-packing', '包装箱', NULL),(500, 'circle-arrow-left', '向左圆圈箭头', NULL),(501, 'group-arrows-rotate', '组箭头旋转', NULL),(502, 'bowl-food', '碗状食物', NULL),(503, 'candy-cane', '甘蔗', NULL),(504, 'arrow-down-wide-short', '箭头向下宽短', NULL),(505, 'cloud-bolt', '云状锚杆', NULL),(506, 'text-slash', '文本斜线', NULL),(507, 'face-smile-wink', '脸上的微笑眨眼', NULL),(508, 'file-word', 'word文件字', 'YES'),(509, 'file-powerpoint', 'ppt文件powerpoint', 'YES'),(510, 'arrows-left-right', '左右箭头', NULL),(511, 'house-lock', '门锁', NULL),(512, 'cloud-arrow-down', '云箭头向下', NULL),(513, 'children', '儿童', NULL),(514, 'chalkboard', '黑板', NULL),(515, 'user-large-slash', '用户大斜线', NULL),(516, 'envelope-open', '信封打开', NULL),(517, 'handshake-simple-slash', '握手简单斜线', NULL),(518, 'mattress-pillow', '床垫枕头', NULL),(519, 'guarani-sign', '瓜拉尼征', NULL),(520, 'arrows-rotate', '箭头旋转', NULL),(521, 'fire-extinguisher', '灭火器', NULL),(522, 'cruzeiro-sign', '克鲁塞罗征', NULL),(523, 'greater-than-equal', '大于等于', NULL),(524, 'shield-halved', '屏蔽减半', NULL),(525, 'book-atlas', '图书地图集', NULL),(526, 'virus', '病毒', NULL),(527, 'envelope-circle-check', '包络圆检查', NULL),(528, 'layer-group', '图层组', NULL),(529, 'arrows-to-dot', '指向点的箭头', NULL),(530, 'archway', '拱道', NULL),(531, 'heart-circle-check', '心圆检查', NULL),(532, 'house-chimney-crack', '房屋烟囱裂缝', NULL),(533, 'file-zipper', '锉刀拉链', NULL),(534, 'square', '广场', NULL),(535, 'martini-glass-empty', '马提尼空杯子', NULL),(536, 'couch', '沙发', NULL),(537, 'cedi-sign', '塞迪征', NULL),(538, 'italic', '斜体', NULL),(539, 'church', '教堂', NULL),(540, 'comments-dollar', '评论美元', NULL),(541, 'democrat', '民主党人', NULL),(542, 'z', 'z', NULL),(543, 'person-skiing', '个人滑雪', NULL),(544, 'road-lock', '道路锁', NULL),(545, 'a', '一', NULL),(546, 'temperature-arrow-down', '温度箭头向下', NULL),(547, 'feather-pointed', '羽毛状尖头', NULL),(548, 'p', 'p', NULL),(549, 'snowflake', '雪花', NULL),(550, 'newspaper', '报纸', NULL),(551, 'rectangle-ad', '矩形广告', NULL),(552, 'circle-arrow-right', '向右圆圈箭头', NULL),(553, 'filter-circle-xmark', '过滤圈xmark', NULL),(554, 'locust', '蝗虫', NULL),(555, 'sort', '分类', NULL),(556, 'list-ol', '列表ol', NULL),(557, 'person-dress-burst', '个人连衣裙爆裂', NULL),(558, 'money-check-dollar', '货币支票美元', NULL),(559, 'vector-square', '矢量平方', NULL),(560, 'bread-slice', '面包片', NULL),(561, 'language', '语言', NULL),(562, 'face-kiss-wink-heart', '脸亲吻眨眼的心', NULL),(563, 'filter', '滤器', NULL),(564, 'question', '问题', NULL),(565, 'file-signature', '文件签名', NULL),(566, 'up-down-left-right', '上下左右', NULL),(567, 'house-chimney-user', '住宅烟囱使用者', NULL),(568, 'hand-holding-heart', '牵手的心', NULL),(569, 'puzzle-piece', '拼图', NULL),(570, 'money-check', '货币支票', NULL),(571, 'star-half-stroke', '星形半冲程', NULL),(572, 'code', '开发代码编码', 'YES'),(573, 'whiskey-glass', '威士忌酒杯', NULL),(574, 'building-circle-exclamation', '建筑圆圈感叹号', NULL),(575, 'magnifying-glass-chart', '放大镜图表', NULL),(576, 'arrow-up-right-from-square', '从正方形向右上的箭头', NULL),(577, 'cubes-stacked', '立方体堆叠', NULL),(578, 'won-sign', '韩元符号', NULL),(579, 'virus-covid', '病毒载体', NULL),(580, 'austral-sign', '南极标志', NULL),(581, 'f', 'f', NULL),(582, 'leaf', '叶', NULL),(583, 'road', '路', NULL),(584, 'taxi', '出租车', NULL),(585, 'person-circle-plus', '人圈+', NULL),(586, 'chart-pie', '图表饼图', NULL),(587, 'bolt-lightning', '闪电', NULL),(588, 'sack-xmark', '袋装xmark', NULL),(589, 'file-excel', 'excel文件', 'YES'),(590, 'file-contract', '档案合同', NULL),(591, 'fish-fins', '鱼鳍', NULL),(592, 'building-flag', '建筑物标志', NULL),(593, 'face-grin-beam', '正面斜梁', NULL),(594, 'object-ungroup', '对象解组', NULL),(595, 'poop', '便便', NULL),(596, 'location-pin', '定位销', NULL),(597, 'kaaba', '克尔白', NULL),(598, 'toilet-paper', '卫生纸', NULL),(599, 'helmet-safety', '头盔安全', NULL),(600, 'eject', '弹出', NULL),(601, 'circle-right', '向右圆圈', NULL),(602, 'plane-circle-check', '平面圆检查', NULL),(603, 'face-rolling-eyes', '翻白眼', NULL),(604, 'object-group', '对象组', NULL),(605, 'chart-line', '图表线条', NULL),(606, 'mask-ventilator', '面罩通风机', NULL),(607, 'arrow-right', '向右箭头', NULL),(608, 'signs-post', '标志杆', NULL),(609, 'cash-register', '收银机', NULL),(610, 'person-circle-question', '人圈问题', NULL),(611, 'h', '小时', NULL),(612, 'tarp', '防水布', NULL),(613, 'screwdriver-wrench', '螺丝扳手', NULL),(614, 'arrows-to-eye', '指向眼睛的箭头', NULL),(615, 'plug-circle-bolt', '塞圈螺栓', NULL),(616, 'heart', '心', NULL),(617, 'mars-and-venus', '火星和金星', NULL),(618, 'house-user', '房屋使用者', NULL),(619, 'dumpster-fire', '垃圾箱火灾', NULL),(620, 'house-crack', '房屋裂缝', NULL),(621, 'martini-glass-citrus', '马提尼杯柑橘', NULL),(622, 'face-surprise', '面部惊讶', NULL),(623, 'bottle-water', '瓶装水', NULL),(624, 'circle-pause', '圆圈暂停', NULL),(625, 'toilet-paper-slash', '卫生纸斜线', NULL),(626, 'apple-whole', '整苹果', NULL),(627, 'kitchen-set', '厨房用具', NULL),(628, 'r', 'r', NULL),(629, 'temperature-quarter', '温度四分之一', NULL),(630, 'cube', '立方体', NULL),(631, 'bitcoin-sign', '比特币符号', NULL),(632, 'shield-dog', '护盾犬', NULL),(633, 'solar-panel', '太阳能电池板', NULL),(634, 'lock-open', '锁打开', NULL),(635, 'elevator', '电梯', NULL),(636, 'money-bill-transfer', '汇票转账', NULL),(637, 'money-bill-trend-up', '钞票上涨趋势', NULL),(638, 'house-flood-water-circle-arrow-right', '房屋洪水圈箭头向右', NULL),(639, 'square-poll-horizontal', '水平方形轮询', NULL),(640, 'circle', '圆圈', NULL),(641, 'backward-fast', '向后快速', NULL),(642, 'recycle', '回收利用', NULL),(643, 'user-astronaut', '用户宇航员', NULL),(644, 'plane-slash', '平面斜线', NULL),(645, 'trademark', '商标', NULL),(646, 'basketball', '篮球运动', NULL),(647, 'satellite-dish', '碟形卫星天线', NULL),(648, 'circle-up', '圈起', NULL),(649, 'mobile-screen-button', '移动屏幕按钮', NULL),(650, 'volume-high', '音量高', NULL),(651, 'users-rays', '用户射线', NULL),(652, 'wallet', '钱包', NULL),(653, 'clipboard-check', '剪贴板检查', NULL),(654, 'file-audio', '文件音频', NULL),(655, 'burger', '汉堡', NULL),(656, 'wrench', '扳手', NULL),(657, 'bugs', '漏洞', NULL),(658, 'rupee-sign', '卢比符号', NULL),(659, 'file-image', '文件图像', NULL),(660, 'circle-question', '圆圈问题', NULL),(661, 'plane-departure', '飞机起飞', NULL),(662, 'handshake-slash', '握手斜线', NULL),(663, 'book-bookmark', '书签', NULL),(664, 'code-branch', '代码分支', NULL),(665, 'hat-cowboy', '戴帽子的牛仔', NULL),(666, 'bridge', '桥', NULL),(667, 'phone-flip', '手机翻盖', NULL),(668, 'truck-front', '卡车前部', NULL),(669, 'cat', '猫', NULL),(670, 'anchor-circle-exclamation', '锚圈感叹号', NULL),(671, 'truck-field', '卡车场地', NULL),(672, 'route', '路线', NULL),(673, 'clipboard-question', '剪贴板问题', NULL),(674, 'panorama', '全景', NULL),(675, 'comment-medical', '评论医学', NULL),(676, 'teeth-open', '牙齿张开', NULL),(677, 'file-circle-minus', '文件圆减号', NULL),(678, 'tags', '标签', NULL),(679, 'wine-glass', '酒杯', NULL),(680, 'forward-fast', '快速前进', NULL),(681, 'face-meh-blank', '正面空白', NULL),(682, 'square-parking', '方形停车场', NULL),(683, 'house-signal', '内部信号机', NULL),(684, 'bars-progress', '条形图进度', NULL),(685, 'faucet-drip', '水龙头滴水', NULL),(686, 'cart-flatbed', '推车平板', NULL),(687, 'ban-smoking', '禁止吸烟', NULL),(688, 'terminal', '航空站', NULL),(689, 'mobile-button', '移动按钮', NULL),(690, 'house-medical-flag', '内务医疗旗', NULL),(691, 'basket-shopping', '购物篮', NULL),(692, 'tape', '磁带', NULL),(693, 'bus-simple', '简易公共汽车', NULL),(694, 'eye', '眼睛', NULL),(695, 'face-sad-cry', '面对悲伤的哭泣', NULL),(696, 'audio-description', '音频描述', NULL),(697, 'person-military-to-person', '人-军-人', NULL),(698, 'file-shield', '文件屏蔽', NULL),(699, 'user-slash', '用户斜线', NULL),(700, 'pen', '编辑修改笔', 'YES'),(701, 'tower-observation', '塔台观测', NULL),(702, 'file-code', '文件代码', NULL),(703, 'signal', '信号', NULL),(704, 'bus', '公共汽车', NULL),(705, 'heart-circle-xmark', '心形xmark', NULL),(706, 'house-chimney', '住宅烟囱', NULL),(707, 'window-maximize', '窗口最大化', NULL),(708, 'face-frown', '皱眉', NULL),(709, 'prescription', '处方', NULL),(710, 'shop', '商店', NULL),(711, 'floppy-disk', '软盘', NULL),(712, 'vihara', '维哈拉', NULL),(713, 'scale-unbalanced', '天平不平衡', NULL),(714, 'sort-up', '分类', NULL),(715, 'comment-dots', '注释点', NULL),(716, 'plant-wilt', '植物枯萎', NULL),(717, 'diamond', '金刚石', NULL),(718, 'face-grin-squint', '咧嘴笑斜视', NULL),(719, 'hand-holding-dollar', '持有美元', NULL),(720, 'bacterium', '细菌', NULL),(721, 'hand-pointer', '指针', NULL),(722, 'drum-steelpan', '钢制锅筒', NULL),(723, 'hand-scissors', '手动剪刀', NULL),(724, 'hands-praying', '双手祈祷', NULL),(725, 'arrow-rotate-right', '箭头向右旋转', NULL),(726, 'biohazard', '生物危害', NULL),(727, 'location-crosshairs', '位置十字光标', NULL),(728, 'mars-double', '火星双星', NULL),(729, 'child-dress', '童装', NULL),(730, 'users-between-lines', '线路之间的用户', NULL),(731, 'lungs-virus', '肺部病毒', NULL),(732, 'face-grin-tears', '脸上咧嘴笑着流泪', NULL),(733, 'phone', '电话', NULL),(734, 'calendar-xmark', '日历xmark', NULL),(735, 'child-reaching', '儿童伸手', NULL),(736, 'head-side-virus', '头侧病毒', NULL),(737, 'user-gear', '用户装备', NULL),(738, 'arrow-up-1-9', '箭头-up-1-9', NULL),(739, 'door-closed', '车门关闭', NULL),(740, 'shield-virus', '屏蔽病毒', NULL),(741, 'dice-six', '骰子六', NULL),(742, 'mosquito-net', '蚊帐', NULL),(743, 'bridge-water', '桥流水', NULL),(744, 'person-booth', '个人展位', NULL),(745, 'text-width', '文本宽度', NULL),(746, 'hat-wizard', '帽子向导', NULL),(747, 'pen-fancy', '钢笔幻想', NULL),(748, 'person-digging', '人工挖掘', NULL),(749, 'trash', '删除垃圾桶废物', 'YES'),(750, 'gauge-simple', '简易仪表', NULL),(751, 'book-medical', '书本医学', NULL),(752, 'poo', '粪便', NULL),(753, 'quote-right', '右引号', NULL),(754, 'shirt', '衬衫', NULL),(755, 'cubes', '立方体', NULL),(756, 'divide', '分', NULL),(757, 'tenge-sign', '腾格征', NULL),(758, 'headphones', '耳机', NULL),(759, 'hands-holding', '手握', NULL),(760, 'hands-clapping', '拍手', NULL),(761, 'republican', '共和国的', NULL),(762, 'arrow-left', '向左箭头', NULL),(763, 'person-circle-xmark', '人圈xmark', NULL),(764, 'ruler', '尺子', NULL),(765, 'align-left', '向左对齐', NULL),(766, 'dice-d6', '骰子-d6', NULL),(767, 'restroom', '卫生间', NULL),(768, 'j', 'j', NULL),(769, 'users-viewfinder', '用户取景器', NULL),(770, 'file-video', '文件视频', NULL),(771, 'up-right-from-square', '从正方形向上', NULL),(772, 'table-cells', '表格单元格', NULL),(773, 'file-pdf', '文件pdf', 'YES'),(774, 'book-bible', '圣经', NULL),(775, 'o', '哦', NULL),(776, 'suitcase-medical', '手提箱医疗', NULL),(777, 'user-secret', '用户机密', NULL),(778, 'otter', '水獭', NULL),(779, 'person-dress', '个人着装', NULL),(780, 'comment-dollar', '评论美元', NULL),(781, 'business-time', '营业时间', NULL),(782, 'table-cells-large', '表格单元格大', NULL),(783, 'book-tanakh', '书籍tanakh', NULL),(784, 'phone-volume', '电话音量', NULL),(785, 'hat-cowboy-side', '牛仔帽边', NULL),(786, 'clipboard-user', '剪贴板用户', NULL),(787, 'child', '小孩', NULL),(788, 'lira-sign', '里拉符号', NULL),(789, 'satellite', '人造卫星', NULL),(790, 'plane-lock', '平面锁', NULL),(791, 'tag', '标签', NULL),(792, 'comment', '议论', NULL),(793, 'cake-candles', '蛋糕蜡烛', NULL),(794, 'envelope', '信封', NULL),(795, 'angles-up', '向上倾斜', 'YES'),(796, 'paperclip', '回形针', NULL),(797, 'arrow-right-to-city', '向右箭头指向城市', NULL),(798, 'ribbon', '带子', NULL),(799, 'lungs', '肺', NULL),(800, 'arrow-up-9-1', '箭头-up-9-1', NULL),(801, 'litecoin-sign', '莱特科因符号', NULL),(802, 'border-none', '边界无', NULL),(803, 'circle-nodes', '圆形节点', NULL),(804, 'parachute-box', '降落伞箱', NULL),(805, 'indent', '缩进', NULL),(806, 'truck-field-un', '卡车现场联合收割机', NULL),(807, 'hourglass', '等待沙漏', 'YES'),(808, 'mountain', '山', NULL),(809, 'user-doctor', '用户医生', NULL),(810, 'circle-info', '圆圈信息', NULL),(811, 'cloud-meatball', '云肉丸', NULL),(812, 'camera', '照相机', NULL),(813, 'square-virus', '方形病毒', NULL),(814, 'meteor', '流星', NULL),(815, 'car-on', '汽车开着', NULL),(816, 'sleigh', '雪橇', NULL),(817, 'arrow-down-1-9', '箭头向下-1-9', NULL),(818, 'hand-holding-droplet', '手持式液滴', NULL),(819, 'water', '水', NULL),(820, 'calendar-check', '日历检查', NULL),(821, 'braille', '盲文', NULL),(822, 'prescription-bottle-medical', '处方药瓶', NULL),(823, 'landmark', '地标', NULL),(824, 'truck', '卡车', NULL),(825, 'crosshairs', '十字准线', NULL),(826, 'person-cane', '手杖', NULL),(827, 'tent', '帐篷', NULL),(828, 'vest-patches', '背心补丁', NULL),(829, 'check-double', '双重检查', NULL),(830, 'arrow-down-a-z', '向下箭头', NULL),(831, 'money-bill-wheat', '纸币小麦', NULL),(832, 'cookie', '曲奇', NULL),(833, 'arrow-rotate-left', '箭头向左旋转', NULL),(834, 'hard-drive', '硬盘驱动器', NULL),(835, 'face-grin-squint-tears', '咧嘴笑斜视眼泪', NULL),(836, 'dumbbell', '哑铃', NULL),(837, 'rectangle-list', '矩形列表', NULL),(838, 'tarp-droplet', '防水布液滴', NULL),(839, 'house-medical-circle-check', '家庭医疗圈检查', NULL),(840, 'person-skiing-nordic', '北欧人滑雪', NULL),(841, 'calendar-plus', '日历+', NULL),(842, 'plane-arrival', '飞机抵达', NULL),(843, 'circle-left', '向左圆圈', NULL),(844, 'train-subway', '火车地铁', NULL),(845, 'chart-gantt', '海图龙门架', NULL),(846, 'indian-rupee-sign', '印度卢比符号', NULL),(847, 'crop-simple', '简单作物', NULL),(848, 'money-bill-1', '巨额资金-1', NULL),(849, 'left-long', '左长', NULL),(850, 'dna', 'dna', NULL),(851, 'virus-slash', '病毒斜线', NULL),(852, 'minus', '删除减', 'YES'),(853, 'chess', '国际象棋', NULL),(854, 'arrow-left-long', '向左长箭头', NULL),(855, 'plug-circle-check', '塞圈检查', NULL),(856, 'street-view', '街景', NULL),(857, 'franc-sign', '法郎符号', NULL),(858, 'volume-off', '音量关闭', NULL),(859, 'hands-asl-interpreting', '手asl口译', NULL),(860, 'gear', '设置排挡', 'YES'),(861, 'droplet-slash', '液滴斜线', NULL),(862, 'mosque', '清真寺', NULL),(863, 'mosquito', '蚊子', NULL),(864, 'star-of-david', '大卫之星', NULL),(865, 'person-military-rifle', '单兵军用步枪', NULL),(866, 'cart-shopping', '购物车购物', NULL),(867, 'vials', '小瓶', NULL),(868, 'plug-circle-plus', '插头圆+', NULL),(869, 'place-of-worship', '礼拜场所', NULL),(870, 'grip-vertical', '垂直夹点', NULL),(871, 'arrow-turn-up', '箭头向上', NULL),(872, 'u', 'u', NULL),(873, 'square-root-variable', '平方根变量', NULL),(874, 'clock', '时钟', NULL),(875, 'backward-step', '后退步骤', NULL),(876, 'pallet', '托盘', NULL),(877, 'faucet', '水龙头', NULL),(878, 'baseball-bat-ball', '棒球棒球', NULL),(879, 's', 's', NULL),(880, 'timeline', '时间线', NULL),(881, 'keyboard', '键盘', NULL),(882, 'caret-down', '向下插入符号', NULL),(883, 'house-chimney-medical', '房屋烟囱医疗', NULL),(884, 'temperature-three-quarters', '温度四分之三', NULL),(885, 'mobile-screen', '移动屏幕', NULL),(886, 'plane-up', '平面上升', NULL),(887, 'piggy-bank', '储钱罐', NULL),(888, 'battery-half', '半电池', NULL),(889, 'mountain-city', '山城', NULL),(890, 'coins', '硬币', NULL),(891, 'khanda', '可汗国', NULL),(892, 'sliders', '滑块', NULL),(893, 'folder-tree', '文件夹树', NULL),(894, 'network-wired', '网络有线', NULL),(895, 'map-pin', '地图针', NULL),(896, 'hamsa', '火腿', NULL),(897, 'cent-sign', '分符号', NULL),(898, 'flask', '瓶子', NULL),(899, 'person-pregnant', '孕妇', NULL),(900, 'wand-sparkles', '魔杖闪闪发光', NULL),(901, 'ellipsis-vertical', '更多省略号垂直', 'YES'),(902, 'ticket', '票', NULL),(903, 'power-off', '断电', NULL),(904, 'right-long', '右长', NULL),(905, 'flag-usa', '美国国旗', NULL),(906, 'laptop-file', '笔记本电脑文件', NULL),(907, 'tty', 'tty公司', NULL),(908, 'diagram-next', '下一个图表', NULL),(909, 'person-rifle', '单兵步枪', NULL),(910, 'house-medical-circle-exclamation', '家庭医疗圈感叹号', NULL),(911, 'closed-captioning', '隐藏式字幕', NULL),(912, 'person-hiking', '徒步旅行', NULL),(913, 'venus-double', '双金星', NULL),(914, 'images', '图像', NULL),(915, 'calculator', '计算器', NULL),(916, 'people-pulling', '人们在拉', NULL),(917, 'n', 'n', NULL),(918, 'cable-car', '缆车', NULL),(919, 'cloud-rain', '云雨', NULL),(920, 'building-circle-xmark', '建筑圆xmark', NULL),(921, 'ship', '船', NULL),(922, 'arrows-down-to-line', '向下到线条的箭头', NULL),(923, 'download', '下载', 'YES'),(924, 'face-grin', '咧嘴笑', NULL),(925, 'delete-left', '删除左侧', NULL),(926, 'eye-dropper', '滴管', NULL),(927, 'file-circle-check', '文件圈检查', NULL),(928, 'forward', '向前地', NULL),(929, 'mobile', '可移动的', NULL),(930, 'face-meh', '面对面', NULL),(931, 'align-center', '居中', NULL),(932, 'book-skull', '书本头骨', NULL),(933, 'id-card', '身份证', NULL),(934, 'outdent', '突出的', NULL),(935, 'heart-circle-exclamation', '心形感叹号', NULL),(936, 'house', '我的房屋住宅', 'YES'),(937, 'calendar-week', '日历周', NULL),(938, 'laptop-medical', '笔记本电脑医疗', NULL),(939, 'b', 'b', NULL),(940, 'file-medical', '档案医学', NULL),(941, 'dice-one', '掷骰子一次', NULL),(942, 'kiwi-bird', '奇异果鸟', NULL),(943, 'arrow-right-arrow-left', '向右箭头向左箭头', NULL),(944, 'rotate-right', '向右旋转', NULL),(945, 'utensils', '用具', NULL),(946, 'arrow-up-wide-short', '向上箭头-宽-短', NULL),(947, 'mill-sign', '工厂标志', NULL),(948, 'bowl-rice', '碗状米饭', NULL),(949, 'skull', '颅骨', NULL),(950, 'tower-broadcast', '塔台广播', NULL),(951, 'truck-pickup', '卡车皮卡', NULL),(952, 'up-long', '向上长', NULL),(953, 'stop', '停止', NULL),(954, 'code-merge', '代码合并', NULL),(955, 'upload', '上传', 'YES'),(956, 'hurricane', '飓风', NULL),(957, 'mound', '山丘', NULL),(958, 'toilet-portable', '便携式厕所', NULL),(959, 'compact-disc', '光盘', NULL),(960, 'file-arrow-down', '文件向下箭头', NULL),(961, 'caravan', '大篷车', NULL),(962, 'shield-cat', '屏蔽猫', NULL),(963, 'bolt', '闩', NULL),(964, 'glass-water', '玻璃水', NULL),(965, 'oil-well', '油井', NULL),(966, 'vault', '金库', NULL),(967, 'mars', '火星', NULL),(968, 'toilet', '坐便器', NULL),(969, 'plane-circle-xmark', '平面圆x标记', NULL),(970, 'yen-sign', '人民币', 'YES'),(971, 'ruble-sign', '卢布符号', NULL),(972, 'sun', '星期日', NULL),(973, 'guitar', '吉他', NULL),(974, 'face-laugh-wink', '脸上露出笑容', NULL),(975, 'horse-head', '马头', NULL),(976, 'bore-hole', '钻孔', NULL),(977, 'industry', '工业', NULL),(978, 'circle-down', '向下循环', NULL),(979, 'arrows-turn-to-dots', '箭头变为点', NULL),(980, 'florin-sign', '弗洛林征', NULL),(981, 'arrow-down-short-wide', '箭头向下短宽', NULL),(982, 'less-than', '小于', NULL),(983, 'angle-down', '向下倾斜', NULL),(984, 'car-tunnel', '汽车隧道', NULL),(985, 'head-side-cough', '头侧咳嗽', NULL),(986, 'grip-lines', '夹点线条', NULL),(987, 'thumbs-down', '大拇指向下', NULL),(988, 'user-lock', '用户锁定', NULL),(989, 'arrow-right-long', '向右长箭头', NULL),(990, 'anchor-circle-xmark', '锚圈x标记', NULL),(991, 'ellipsis', '更多省略', 'YES'),(992, 'chess-pawn', '国际象棋棋子', NULL),(993, 'kit-medical', '成套医疗用品', NULL),(994, 'person-through-window', '透过窗户的人', NULL),(995, 'toolbox', '工具箱', NULL),(996, 'hands-holding-circle', '手握圆圈', NULL),(997, 'bug', 'bug缺陷漏洞', 'YES'),(998, 'credit-card', '信用卡', NULL),(999, 'car', '汽车', NULL),(1000, 'hand-holding-hand', '手牵着手', NULL),(1001, 'book-open-reader', '开卷阅读器', NULL),(1002, 'mountain-sun', '山阳', NULL),(1003, 'arrows-left-right-to-line', '从左到右到线的箭头', NULL),(1004, 'dice-d20', '骰子-d20', NULL),(1005, 'truck-droplet', '卡车液滴', NULL),(1006, 'file-circle-xmark', '档案圈xmark', NULL),(1007, 'temperature-arrow-up', '温度箭头向上', NULL),(1008, 'medal', '奖章', NULL),(1009, 'bed', '床', NULL),(1010, 'square-h', '平方-h', NULL),(1011, 'podcast', '播客', NULL),(1012, 'temperature-full', '温度已满', NULL),(1013, 'bell', '提醒闹钟', 'YES'),(1014, 'superscript', '上标', NULL),(1015, 'plug-circle-xmark', '塞圆xmark', NULL),(1016, 'star-of-life', '生命之星', NULL),(1017, 'phone-slash', '电话斜线', NULL),(1018, 'paint-roller', '油漆滚筒', NULL),(1019, 'handshake-angle', '握手角度', NULL),(1020, 'location-dot', '位置地图定位点', 'YES'),(1021, 'file', '文件', NULL),(1022, 'greater-than', '大于', NULL),(1023, 'person-swimming', '个人游泳', NULL),(1024, 'arrow-down', '向下箭头', NULL),(1025, 'droplet', '液滴', NULL),(1026, 'eraser', '橡皮擦', NULL),(1027, 'earth-americas', '美洲大地', NULL),(1028, 'person-burst', '人突发', NULL),(1029, 'dove', '鸽子', NULL),(1030, 'battery-empty', '电池电量不足', NULL),(1031, 'socks', '袜子', NULL),(1032, 'inbox', '收件箱', NULL),(1033, 'section', '部分', NULL),(1034, 'gauge-high', '仪表高度', NULL),(1035, 'envelope-open-text', '信封打开文本', NULL),(1036, 'hospital', '医院', NULL),(1037, 'wine-bottle', '酒瓶', NULL),(1038, 'chess-rook', '国际象棋车', NULL),(1039, 'bars-staggered', '钢筋交错', NULL),(1040, 'dharmachakra', '法轮', NULL),(1041, 'hotdog', '热狗', NULL),(1042, 'person-walking-with-cane', '拄着拐杖走路的人', NULL),(1043, 'drum', '鼓', NULL),(1044, 'ice-cream', '冰淇淋', NULL),(1045, 'heart-circle-bolt', '心形螺栓', NULL),(1046, 'fax', '传真', NULL),(1047, 'paragraph', '段落', NULL),(1048, 'check-to-slot', '检查插槽', NULL),(1049, 'star-half', '星形半部', NULL),(1050, 'boxes-stacked', '堆叠的箱子', NULL),(1051, 'link', '链接', NULL),(1052, 'ear-listen', '耳朵听', NULL),(1053, 'tree-city', '树木之城', NULL),(1054, 'play', '开始启动玩', 'YES'),(1055, 'font', '字体', NULL),(1056, 'rupiah-sign', '印尼盾符号', NULL),(1057, 'magnifying-glass', '搜索查询查看放大镜', 'YES'),(1058, 'table-tennis-paddle-ball', '乒乓球拍', NULL),(1059, 'person-dots-from-line', '线条中的人物点', NULL),(1060, 'trash-can-arrow-up', '垃圾桶箭头向上', NULL),(1061, 'naira-sign', '奈拉征', NULL),(1062, 'cart-arrow-down', '推车箭头向下', NULL),(1063, 'walkie-talkie', '对讲机', NULL),(1064, 'file-pen', '档案笔', NULL),(1065, 'receipt', '收据', NULL),(1066, 'square-pen', '方形笔', NULL),(1067, 'suitcase-rolling', '行李箱滚动', NULL),(1068, 'person-circle-exclamation', '人称圆圈感叹号', NULL),(1069, 'chevron-down', '人字形羽绒', NULL),(1070, 'battery-full', '电池已满', NULL),(1071, 'skull-crossbones', '颅骨交叉骨', NULL),(1072, 'code-compare', '代码比较', NULL),(1073, 'list-ul', '列表ul', NULL),(1074, 'school-lock', '学校锁', NULL),(1075, 'tower-cell', '塔式电池', NULL),(1076, 'down-long', '向下长', NULL),(1077, 'ranking-star', '排名明星', NULL),(1078, 'chess-king', '国际象棋之王', NULL),(1079, 'person-harassing', '骚扰他人', NULL),(1080, 'brazilian-real-sign', '巴西真实标志', NULL),(1081, 'landmark-dome', '标志性穹顶', NULL),(1082, 'arrow-up', '向上箭头', NULL),(1083, 'tv', '电视', NULL),(1084, 'shrimp', '虾', NULL),(1085, 'list-check', '列表检查', NULL),(1086, 'jug-detergent', '罐式洗涤剂', NULL),(1087, 'circle-user', '圆形用户', NULL),(1088, 'user-shield', '用户防护罩', NULL),(1089, 'wind', '风', NULL),(1090, 'car-burst', '汽车爆裂', NULL),(1091, 'y', 'y', NULL),(1092, 'person-snowboarding', '个人滑雪板', NULL),(1093, 'truck-fast', '卡车速度快', NULL),(1094, 'fish', '鱼', NULL),(1095, 'user-graduate', '用户毕业生', NULL),(1096, 'circle-half-stroke', '圆形半行程', NULL),(1097, 'clapperboard', '拍板', NULL),(1098, 'circle-radiation', '圆形辐射', NULL),(1099, 'baseball', '棒球运动', NULL),(1100, 'jet-fighter-up', '喷气式战斗机上升', NULL),(1101, 'diagram-project', '图表项目', NULL),(1102, 'copy', '复制', NULL),(1103, 'volume-xmark', '体积x标记', NULL),(1104, 'hand-sparkles', '手部闪光', NULL),(1105, 'grip', '紧握', NULL),(1106, 'share-from-square', '广场份额', NULL),(1107, 'child-combatant', '儿童战斗员', NULL),(1108, 'gun', '枪', NULL),(1109, 'square-phone', '方形电话机', NULL),(1110, 'plus', '新增添加', 'YES'),(1111, 'expand', '扩大', NULL),(1112, 'computer', '计算机', NULL),(1113, 'xmark', '删除xmark', 'YES'),(1114, 'arrows-up-down-left-right', '上下左右箭头', NULL),(1115, 'chalkboard-user', '黑板使用者', NULL),(1116, 'peso-sign', '比索符号', NULL),(1117, 'building-shield', '建筑物屏蔽', NULL),(1118, 'baby', '宝贝', NULL),(1119, 'users-line', '用户线路', NULL),(1120, 'quote-left', '左引号', NULL),(1121, 'tractor', '拖拉机', NULL),(1122, 'trash-arrow-up', '垃圾箭头向上', NULL),(1123, 'arrow-down-up-lock', '箭头向下向上锁定', NULL),(1124, 'lines-leaning', '线条倾斜', NULL),(1125, 'ruler-combined', '组合标尺', NULL),(1126, 'copyright', '版权', NULL),(1127, 'equals', '等于', NULL),(1128, 'blender', '搅拌机', NULL),(1129, 'teeth', '牙齿', NULL),(1130, 'shekel-sign', '谢克尔符号', NULL),(1131, 'map', '地图', NULL),(1132, 'rocket', '火箭', NULL),(1133, 'photo-film', '摄影胶片', NULL),(1134, 'folder-minus', '文件夹减号', NULL),(1135, 'store', '百货商店', NULL),(1136, 'arrow-trend-up', '箭头向上', NULL),(1137, 'plug-circle-minus', '插头圆负', NULL),(1138, 'sign-hanging', '悬挂标志', NULL),(1139, 'bezier-curve', '贝塞尔曲线', NULL),(1140, 'bell-slash', '钟形斜线', NULL),(1141, 'tablet', '药片', NULL),(1142, 'school-flag', '校旗', NULL),(1143, 'fill', '填满', NULL),(1144, 'angle-up', '向上倾斜', NULL),(1145, 'drumstick-bite', '鸡腿咬', NULL),(1146, 'holly-berry', '冬青浆果', NULL),(1147, 'chevron-left', '左V字形', NULL),(1148, 'bacteria', '细菌', NULL),(1149, 'hand-lizard', '手蜥蜴', NULL),(1150, 'notdef', '未定义', NULL),(1151, 'disease', '病', NULL),(1152, 'briefcase-medical', '公文包医疗', NULL),(1153, 'genderless', '无性别的', NULL),(1154, 'chevron-right', '右V字形', NULL),(1155, 'retweet', '转发', NULL),(1156, 'car-rear', '汽车后部', NULL),(1157, 'pump-soap', '泵用肥皂', NULL),(1158, 'video-slash', '视频斜线', NULL),(1159, 'battery-quarter', '蓄电池四分之一', NULL),(1160, 'radio', '无线电广播', NULL),(1161, 'baby-carriage', '婴儿车', NULL),(1162, 'traffic-light', '红绿灯', NULL),(1163, 'thermometer', '温度计', NULL),(1164, 'vr-cardboard', '虚拟现实纸板', NULL),(1165, 'hand-middle-finger', '手中指', NULL),(1166, 'percent', '百分比', NULL),(1167, 'truck-moving', '卡车移动', NULL),(1168, 'glass-water-droplet', '玻璃水滴', NULL),(1169, 'display', '电脑陈列', 'YES'),(1170, 'face-smile', '面带微笑', NULL),(1171, 'thumbtack', '图钉', NULL),(1172, 'trophy', '奖杯', NULL),(1173, 'person-praying', '祈祷的人', NULL),(1174, 'hammer', '锤子', NULL),(1175, 'hand-peace', '握手言和', NULL),(1176, 'rotate', '刷新旋转', 'YES'),(1177, 'spinner', '旋转器', NULL),(1178, 'robot', '机器人', NULL),(1179, 'peace', '和平', NULL),(1180, 'gears', '齿轮', NULL),(1181, 'warehouse', '仓库', NULL),(1182, 'arrow-up-right-dots', '向右箭头点', NULL),(1183, 'splotch', '斑点', NULL),(1184, 'face-grin-hearts', '脸上露出笑容的心', NULL),(1185, 'dice-four', '骰子四', NULL),(1186, 'sim-card', 'sim卡', NULL),(1187, 'transgender', '变性人', NULL),(1188, 'mercury', '水星', NULL),(1189, 'arrow-turn-down', '向下箭头', NULL),(1190, 'person-falling-burst', '人员坠落爆裂', NULL),(1191, 'award', '奖', NULL),(1192, 'ticket-simple', '简单票', NULL),(1193, 'building', '建筑物', NULL),(1194, 'angles-left', '左侧角度', NULL),(1195, 'qrcode', '二维码', 'YES'),(1196, 'clock-rotate-left', '时钟向左旋转', NULL),(1197, 'face-grin-beam-sweat', '脸上笑容满面', NULL),(1198, 'file-export', '文件导出', NULL),(1199, 'shield', '盾安全防护', 'YES'),(1200, 'arrow-up-short-wide', '向上短宽箭头', NULL),(1201, 'house-medical', '家庭医疗', NULL),(1202, 'golf-ball-tee', '高尔夫球球座', NULL),(1203, 'circle-chevron-left', '圆圈左V形', NULL),(1204, 'house-chimney-window', '房屋烟囱窗户', NULL),(1205, 'pen-nib', '笔尖', NULL),(1206, 'tent-arrow-turn-left', '帐篷箭头向左转弯', NULL),(1207, 'tents', '帐篷', NULL),(1208, 'wand-magic', '魔杖魔术', NULL),(1209, 'dog', '狗', NULL),(1210, 'carrot', '胡萝卜', NULL),(1211, 'moon', '月球', NULL),(1212, 'wine-glass-empty', '空酒杯', NULL),(1213, 'cheese', '干酪', NULL),(1214, 'yin-yang', '阴阳', NULL),(1215, 'music', '音乐', NULL),(1216, 'code-commit', '代码提交', NULL),(1217, 'temperature-low', '温度低', NULL),(1218, 'person-biking', '个人自行车', NULL),(1219, 'broom', '扫把', NULL),(1220, 'shield-heart', '屏蔽心', NULL),(1221, 'gopuram', '戈普兰', NULL),(1222, 'earth-oceania', '地球海洋', NULL),(1223, 'square-xmark', '方形xmark', NULL),(1224, 'hashtag', '话题标签', NULL),(1225, 'up-right-and-down-left-from-center', '从中心向右上和向左下', NULL),(1226, 'oil-can', '油桶', NULL),(1227, 't', '吨', NULL),(1228, 'hippo', '河马', NULL),(1229, 'chart-column', '图表列', NULL),(1230, 'infinity', '无穷', NULL),(1231, 'vial-circle-check', '小瓶圆形检查', NULL),(1232, 'person-arrow-down-to-line', '人物箭头向下到线条', NULL),(1233, 'voicemail', '语音信箱', NULL),(1234, 'fan', '迷', NULL),(1235, 'person-walking-luggage', '手提行李', NULL),(1236, 'up-down', '上下', NULL),(1237, 'cloud-moon-rain', '云月雨', NULL),(1238, 'calendar', '日历', NULL),(1239, 'trailer', '拖车', NULL),(1240, 'bahai', '巴哈伊', NULL),(1241, 'sd-card', 'sd卡', NULL),(1242, 'dragon', '龙', NULL),(1243, 'shoe-prints', '鞋印', NULL),(1244, 'circle-plus', '圆形加号', NULL),(1245, 'face-grin-tongue-wink', '脸咧嘴笑舌头眨眼', NULL),(1246, 'hand-holding', '手持', NULL),(1247, 'plug-circle-exclamation', '塞圆感叹号', NULL),(1248, 'link-slash', '连接斜线', NULL),(1249, 'clone', '克隆', NULL),(1250, 'person-walking-arrow-loop-left', '人向左走箭头环', NULL),(1251, 'arrow-up-z-a', '箭头-up-z-a', NULL),(1252, 'fire-flame-curved', '火焰弯曲', NULL),(1253, 'tornado', '龙卷风', NULL),(1254, 'file-circle-plus', '文件圈加', NULL),(1255, 'book-quran', '书本质量', NULL),(1256, 'anchor', '锚', NULL),(1257, 'border-all', '边界全部', NULL),(1258, 'face-angry', '生气的脸', NULL),(1259, 'cookie-bite', '饼干咬一口', NULL),(1260, 'arrow-trend-down', '箭头向下', NULL),(1261, 'rss', 'rss公司', NULL),(1262, 'draw-polygon', '绘制多边形', NULL),(1263, 'scale-balanced', '天平平衡', NULL),(1264, 'gauge-simple-high', '仪表简单高', NULL),(1265, 'shower', '淋浴器', NULL),(1266, 'desktop', '桌面', NULL),(1267, 'm', '米', NULL),(1268, 'table-list', '表格列表', NULL),(1269, 'comment-sms', '评论短信', NULL),(1270, 'book', '书', NULL),(1271, 'user-plus', '用户+', NULL),(1272, 'check', '检查确认', 'YES'),(1273, 'battery-three-quarters', '电池四分之三', NULL),(1274, 'house-circle-check', '房屋圆检查', NULL),(1275, 'angle-left', '向左倾斜', NULL),(1276, 'diagram-successor', '图表后继', NULL),(1277, 'truck-arrow-right', '卡车向右箭头', NULL),(1278, 'arrows-split-up-and-left', '箭头向上和向左分开', NULL),(1279, 'hand-fist', '拳头', NULL),(1280, 'cloud-moon', '云月', NULL),(1281, 'briefcase', '公文包', NULL),(1282, 'person-falling', '人员坠落', NULL),(1283, 'image-portrait', '图像肖像', NULL),(1284, 'user-tag', '用户标记', NULL),(1285, 'rug', '小地毯', NULL),(1286, 'earth-europe', '地球欧洲', NULL),(1287, 'cart-flatbed-suitcase', '推车平板手提箱', NULL),(1288, 'rectangle-xmark', '矩形xmark', NULL),(1289, 'baht-sign', '泰铢符号', NULL),(1290, 'book-open', '打开书本', NULL),(1291, 'book-journal-whills', '图书期刊whills', NULL),(1292, 'handcuffs', '手铐', NULL),(1293, 'triangle-exclamation', '三角形感叹号', NULL),(1294, 'database', '数据库', NULL),(1295, 'share', '共有', NULL),(1296, 'bottle-droplet', '瓶液滴', NULL),(1297, 'mask-face', '面罩', NULL),(1298, 'hill-rockslide', '山体滑坡', NULL),(1299, 'right-left', '右-左', NULL),(1300, 'paper-plane', '纸平面', NULL),(1301, 'road-circle-exclamation', '道路圆圈感叹号', NULL),(1302, 'dungeon', '地牢', NULL),(1303, 'align-right', '向右对齐', NULL),(1304, 'money-bill-1-wave', '1亿美元', NULL),(1305, 'life-ring', '救生圈', NULL),(1306, 'hands', '手', NULL),(1307, 'calendar-day', '日历日', NULL),(1308, 'water-ladder', '水梯', NULL),(1309, 'arrows-up-down', '箭头向上向下', NULL),(1310, 'face-grimace', '扮鬼脸', NULL),(1311, 'wheelchair-move', '轮椅移动', NULL),(1312, 'turn-down', '调低音量', NULL),(1313, 'person-walking-arrow-right', '人向右走箭头', NULL),(1314, 'square-envelope', '方形信封', NULL),(1315, 'dice', '骰子', NULL),(1316, 'bowling-ball', '保龄球', NULL),(1317, 'brain', '脑', NULL),(1318, 'bandage', '绷带', NULL),(1319, 'calendar-minus', '日历减去', NULL),(1320, 'circle-xmark', '圆形xmark', NULL),(1321, 'gifts', '礼品', NULL),(1322, 'hotel', '酒店', NULL),(1323, 'earth-asia', '地球亚洲', NULL),(1324, 'id-card-clip', '身份证夹', NULL),(1325, 'magnifying-glass-plus', '放大镜+', NULL),(1326, 'thumbs-up', '竖起大拇指', NULL),(1327, 'user-clock', '用户时钟', NULL),(1328, 'hand-dots', '手点', NULL),(1329, 'file-invoice', '档案发票', NULL),(1330, 'window-minimize', '窗口最小化', NULL),(1331, 'mug-saucer', '马克杯托盘', NULL),(1332, 'brush', '刷子', NULL),(1333, 'mask', '面具', NULL),(1334, 'magnifying-glass-minus', '负放大镜', NULL),(1335, 'ruler-vertical', '垂直标尺', NULL),(1336, 'user-large', '用户数量大', NULL),(1337, 'train-tram', '有轨电车', NULL),(1338, 'user-nurse', '使用护士', NULL),(1339, 'syringe', '注射器', NULL),(1340, 'cloud-sun', '云状太阳', NULL),(1341, 'stopwatch-20', '秒表-20', NULL),(1342, 'square-full', '正方形满', NULL),(1343, 'magnet', '磁铁', NULL),(1344, 'jar', '罐子', NULL),(1345, 'note-sticky', '有粘性的钞票', NULL),(1346, 'bug-slash', '错误斜线', NULL),(1347, 'arrow-up-from-water-pump', '水泵向上箭头', NULL),(1348, 'bone', '骨头', NULL),(1349, 'user-injured', '用户受伤', NULL),(1350, 'face-sad-tear', '脸上悲伤的泪水', NULL),(1351, 'plane', '飞机', NULL),(1352, 'tent-arrows-down', '帐篷箭头向下', NULL),(1353, 'exclamation', '感叹号', NULL),(1354, 'arrows-spin', '箭头旋转', NULL),(1355, 'print', '打印', 'YES'),(1356, 'turkish-lira-sign', '土耳其里拉符号', NULL),(1357, 'dollar-sign', '美元符号', NULL),(1358, 'x', 'x', NULL),(1359, 'magnifying-glass-dollar', '放大镜美元', NULL),(1360, 'users-gear', '用户装备', NULL),(1361, 'person-military-pointing', '个人军事指示', NULL),(1362, 'building-columns', '建筑立柱', NULL),(1363, 'umbrella', '雨伞', NULL),(1364, 'trowel', '抹子', NULL),(1365, 'd', 'd', NULL),(1366, 'stapler', '订书机', NULL),(1367, 'masks-theater', '面具剧院', NULL),(1368, 'kip-sign', '基普符号', NULL),(1369, 'hand-point-left', '左手点', NULL),(1370, 'handshake-simple', '简单握手', NULL),(1371, 'jet-fighter', '喷气歼击机', NULL),(1372, 'square-share-nodes', '方形共享节点', NULL),(1373, 'barcode', '条形码', 'YES'),(1374, 'plus-minus', '正负', NULL),(1375, 'video', '视频', NULL),(1376, 'graduation-cap', '毕业帽', NULL),(1377, 'hand-holding-medical', '手持式医疗', NULL),(1378, 'person-circle-check', '人圈检查', NULL),(1379, 'turn-up', '出现', NULL),(1382, 'yelp', '发出短而尖的叫声', NULL),(1383, 'cc-visa', '抄送签证', NULL),(1384, 'lastfm', '最后一次调频', NULL),(1389, 'yoast', '尤斯特', NULL),(1392, 'wpexplorer', 'wpexplorer程序', NULL),(1396, 'buysellads', '买盘', NULL),(1397, 'first-order', '一阶', NULL),(1398, 'modx', 'modx公司', NULL),(1403, 'qq', 'qq', NULL),(1409, 'glide-g', '滑翔-g', NULL),(1410, 'drupal', '内容管理系统', NULL),(1416, 'vk', 'vk公司', NULL),(1422, 'contao', '康托', NULL),(1430, 'edge', '边', NULL),(1437, 'google-plus', '谷歌+', NULL),(1439, 'foursquare', '四方形的', NULL),(1440, 'stack-overflow', '栈溢出', NULL),(1441, 'github-alt', 'github替代', NULL),(1443, 'pagelines', '页面行', NULL),(1447, 'safari', '游猎', NULL),(1448, 'google', '谷歌', NULL),(1456, 'hacker-news', '黑客新闻', NULL),(1459, 'creative-commons', '创造性公共空间', NULL),(1461, 'fonticons', '字体图标', NULL),(1462, 'weixin', '威信', NULL),(1463, 'shirtsinbulk', '锡林布尔克', NULL),(1464, 'codepen', '代码笔', NULL),(1468, 'windows', '窗户', NULL),(1471, 'meetup', '聚会', NULL),(1473, 'adn', '附件', NULL),(1475, 'pied-piper-alt', '花胡椒', NULL),(1477, 'codiepie', '共表皮', NULL),(1480, 'steam', '水蒸气', NULL),(1482, 'scribd', '代金券', NULL),(1483, 'openid', '开放ID', NULL),(1485, 'expeditedssl', '快速的', NULL),(1489, 'delicious', '美味的', NULL),(1493, 'ioxhost', '爱荷华州首府', NULL),(1496, 'cc-mastercard', '抄送主卡', NULL),(1500, 'grav', '格拉夫', NULL),(1501, 'weibo', '微博', NULL),(1505, 'wikipedia-w', '维基百科-w', NULL),(1507, 'angellist', '天使名单', NULL),(1510, 'skype', '天窗', NULL),(1517, 'bluetooth-b', '蓝牙-b', NULL),(1521, 'behance', '行为', NULL),(1522, 'reddit', 'reddit公司', NULL),(1524, 'chrome', '铬', NULL),(1526, 'cc-discover', 'cc发现', NULL),(1527, 'wpbeginner', 'wp初学者', NULL),(1533, 'amazon', '亚马逊', NULL),(1537, '500px', '500像素', NULL),(1540, 'font-awesome', '字体很棒', NULL),(1541, 'gratipay', '免费提供', NULL),(1542, 'apple', '苹果', NULL),(1550, 'stumbleupon', 'stumbleupon公司', NULL),(1561, 'y-combinator', 'y组合子', NULL),(1562, 'empire', '帝国', NULL),(1563, 'envira', '环境', NULL),(1566, 'pied-piper', '风笛手', NULL),(1567, 'wordpress', '文字印刷机', NULL),(1568, 'product-hunt', '产品搜寻', NULL),(1569, 'firefox', '萤火虫', NULL),(1570, 'linode', '亚麻布', NULL),(1573, 'jsfiddle', '小提琴', NULL),(1575, 'themeisle', '主题旋律', NULL),(1579, 'cc-paypal', '抄送贝宝', NULL),(1581, 'cc-stripe', 'cc条纹', NULL),(1583, 'bitcoin', '比特币', NULL),(1585, 'opera', '歌剧', NULL),(1592, 'houzz', '胡兹', NULL),(1593, 'gg', '对', NULL),(1596, 'xing', '兴', NULL),(1603, 'opencart', '网店版', NULL),(1604, 'vine', '葡萄藤', NULL),(1605, 'paypal', '贝宝', NULL),(1606, 'gitlab', 'gitlab公司', NULL),(1608, 'reddit-alien', 'reddit外星人', NULL),(1609, 'yahoo', '雅虎', NULL),(1612, 'pied-piper-pp', '风笛手', NULL),(1614, 'odnoklassniki', '奥德诺克拉斯尼基', NULL),(1624, 'facebook-f', '面簿-f', NULL),(1629, 'google-wallet', '谷歌钱包', NULL),(1634, 'forumbee', '伞形花序', NULL),(1638, 'bandcamp', '乐队营地', NULL),(1639, 'wpforms', 'wpforms格式', NULL),(1644, 'spotify', '使斑点化', NULL),(1645, 'optin-monster', '眼镜怪', NULL),(1651, 'flickr', '相片分享', NULL),(1653, 'soundcloud', '声云', NULL),(1654, 'digg', '挖掘', NULL),(1655, 'tencent-weibo', '腾讯微博', NULL),(1657, 'maxcdn', '最大cdn', NULL),(1658, 'etsy', 'etsy公司', NULL),(1665, 'dashcube', 'dashcube（仪表立方体）', NULL),(1667, 'stack-exchange', '堆栈交换', NULL),(1672, 'superpowers', '超级大国', NULL),(1678, 'renren', '人人', NULL),(1679, 'linux', 'linux操作系统', NULL),(1680, 'glide', '滑行', NULL),(1681, 'linkedin', '链接', NULL),(1684, 'twitch', '痉挛', NULL),(1685, 'ravelry', '旅行', NULL),(1688, 'vimeo', '维梅奥', NULL),(1694, 'dropbox', '升降箱', NULL),(1695, 'instagram', 'instagram程序', NULL),(1697, 'facebook', '脸谱网', NULL),(1707, 'whatsapp', 'WhatsApp', NULL),(1708, 'slideshare', '滑动支架', NULL),(1710, 'viadeo', '维亚迪奥', NULL),(1714, 'simplybuilt', '简单建造的', NULL),(1715, 'bitbucket', '比特桶', NULL),(1716, 'imdb', '内部数据库', NULL),(1722, 'bluetooth', '蓝牙', NULL),(1726, 'cc-diners-club', 'cc食客俱乐部', NULL),(1727, 'gg-circle', '圆形', NULL),(1732, 'html5', '百万赫兹5', NULL),(1733, 'sellsy', '卖东西的', NULL),(1741, 'pinterest-p', '平特雷斯-p', NULL),(1743, 'fort-awesome', '堡垒真棒', NULL),(1745, 'cc-jcb', '抄送jcb', NULL),(1746, 'snapchat', '阅后即焚', NULL),(1752, 'rebel', '背叛', NULL),(1753, 'css3', 'css3公司', NULL),(1757, 'deviantart', '离经叛道', NULL),(1762, 'trello', '特雷洛', NULL),(1764, 'get-pocket', '得到口袋', NULL),(1768, 'connectdevelop', '连接发展', NULL),(1769, 'leanpub', '利恩布尔', NULL),(1770, 'black-tie', '黑色领带', NULL),(1773, 'android', '安卓', NULL),(1775, 'free-code-camp', '免费代码营地', NULL),(1779, 'git', '吉特', NULL),(1783, 'cc-amex', '抄送美国运通', NULL),(1785, 'github', 'github', NULL),(1788, 'youtube', 'youtube网站', NULL),(1789, 'skyatlas', '天空地图集', NULL),(1794, 'twitter', '啁啾', NULL),(1796, 'pinterest', '品脱', NULL),(1800, 'btc', 'btc公司', NULL),(1801, 'dribbble', '可驾驶的', NULL),(1802, 'stumbleupon-circle', 'stumbleupon圆', NULL),(1803, 'internet-explorer', '互联网浏览器', NULL),(1804, 'telegram', '电报', NULL),(1809, 'slack', '松弛的', NULL),(1811, 'usb', 'usb接口', NULL),(1812, 'tumblr', '汤博乐', NULL),(1814, 'quora', '绿松石', NULL),(1816, 'medium', '中等的', NULL),(1818, 'mixcloud', '混合云', NULL),(1820, 'viacoin', '维亚币', NULL),(1824, 'joomla', '模板', NULL);
UNLOCK TABLES;
COMMIT;
BEGIN;
LOCK TABLES `jqp`.`log_table` WRITE;
DELETE FROM `jqp`.`log_table`;
INSERT INTO `jqp`.`log_table` (`id`,`table_name`,`table_comment`,`open_cache`,`cache_key_fields`,`save_log`) VALUES (1, 'customer', '客户', NULL, NULL, 'YES'),(2, 'dic', '数据字典', NULL, NULL, 'NO'),(3, 'dic_item', '数据字典明细', NULL, NULL, 'NO'),(4, 'user', '用户', 'YES', 'user_code', 'NO'),(5, 'template', '模板', 'YES', 'code', 'NO');
UNLOCK TABLES;
COMMIT;
BEGIN;
LOCK TABLES `jqp`.`magic_api_file` WRITE;
DELETE FROM `jqp`.`magic_api_file`;
INSERT INTO `jqp`.`magic_api_file` (`file_path`,`file_content`) VALUES ('magic-api/api/', 'this is directory'),('magic-api/api/CRM客户/', 'this is directory'),('magic-api/api/CRM客户/group.json', '{\r\n  \"properties\" : { },\r\n  \"id\" : \"bb3b472ffce04ce1b953ed788882bf45\",\r\n  \"name\" : \"CRM客户\",\r\n  \"type\" : \"1\",\r\n  \"parentId\" : \"0\",\r\n  \"path\" : \"/crm\",\r\n  \"paths\" : [ ],\r\n  \"options\" : [ ]\r\n}'),('magic-api/api/CRM客户/检查客户.ms', '{\r\n  \"properties\" : { },\r\n  \"id\" : \"8d3422e4657046c590608d3b7cbf0e41\",\r\n  \"script\" : null,\r\n  \"groupId\" : \"bb3b472ffce04ce1b953ed788882bf45\",\r\n  \"name\" : \"检查客户\",\r\n  \"createTime\" : null,\r\n  \"updateTime\" : 1645435491262,\r\n  \"lock\" : \"0\",\r\n  \"method\" : \"POST\",\r\n  \"path\" : \"/checkCustomer\",\r\n  \"parameters\" : [ ],\r\n  \"option\" : \"[]\",\r\n  \"requestBody\" : \"{\\r\\n\\t\\r\\n}\",\r\n  \"headers\" : [ ],\r\n  \"paths\" : [ ],\r\n  \"responseBody\" : \"{\\n    \\\"code\\\": -1,\\n    \\\"message\\\": \\\"系统内部出现错误\\\",\\n    \\\"data\\\": null,\\n    \\\"timestamp\\\": 1645432753097,\\n    \\\"executeTime\\\": 39\\n}\",\r\n  \"description\" : null,\r\n  \"requestBodyDefinition\" : null,\r\n  \"responseBodyDefinition\" : {\r\n    \"name\" : \"\",\r\n    \"value\" : \"\",\r\n    \"description\" : \"\",\r\n    \"required\" : false,\r\n    \"dataType\" : \"Object\",\r\n    \"type\" : null,\r\n    \"defaultValue\" : null,\r\n    \"validateType\" : \"\",\r\n    \"error\" : \"\",\r\n    \"expression\" : \"\",\r\n    \"children\" : [ {\r\n      \"name\" : \"code\",\r\n      \"value\" : \"-1\",\r\n      \"description\" : \"\",\r\n      \"required\" : false,\r\n      \"dataType\" : \"Integer\",\r\n      \"type\" : null,\r\n      \"defaultValue\" : null,\r\n      \"validateType\" : \"\",\r\n      \"error\" : \"\",\r\n      \"expression\" : \"\",\r\n      \"children\" : [ ]\r\n    }, {\r\n      \"name\" : \"message\",\r\n      \"value\" : \"系统内部出现错误\",\r\n      \"description\" : \"\",\r\n      \"required\" : false,\r\n      \"dataType\" : \"String\",\r\n      \"type\" : null,\r\n      \"defaultValue\" : null,\r\n      \"validateType\" : \"\",\r\n      \"error\" : \"\",\r\n      \"expression\" : \"\",\r\n      \"children\" : [ ]\r\n    }, {\r\n      \"name\" : \"data\",\r\n      \"value\" : \"null\",\r\n      \"description\" : \"\",\r\n      \"required\" : false,\r\n      \"dataType\" : \"Object\",\r\n      \"type\" : null,\r\n      \"defaultValue\" : null,\r\n      \"validateType\" : \"\",\r\n      \"error\" : \"\",\r\n      \"expression\" : \"\",\r\n      \"children\" : [ ]\r\n    }, {\r\n      \"name\" : \"timestamp\",\r\n      \"value\" : \"1645432753097\",\r\n      \"description\" : \"\",\r\n      \"required\" : false,\r\n      \"dataType\" : \"Long\",\r\n      \"type\" : null,\r\n      \"defaultValue\" : null,\r\n      \"validateType\" : \"\",\r\n      \"error\" : \"\",\r\n      \"expression\" : \"\",\r\n      \"children\" : [ ]\r\n    }, {\r\n      \"name\" : \"executeTime\",\r\n      \"value\" : \"39\",\r\n      \"description\" : \"\",\r\n      \"required\" : false,\r\n      \"dataType\" : \"Integer\",\r\n      \"type\" : null,\r\n      \"defaultValue\" : null,\r\n      \"validateType\" : \"\",\r\n      \"error\" : \"\",\r\n      \"expression\" : \"\",\r\n      \"children\" : [ ]\r\n    } ]\r\n  },\r\n  \"optionMap\" : { }\r\n}\r\n================================\r\nreturn null;'),('magic-api/api/定时任务/', 'this is directory'),('magic-api/api/定时任务/group.json', '{\r\n  \"properties\" : { },\r\n  \"id\" : \"d0fe7c6e314c4572aeae38b7cea6ea50\",\r\n  \"name\" : \"定时任务\",\r\n  \"type\" : \"1\",\r\n  \"parentId\" : \"0\",\r\n  \"path\" : \"/timerTask\",\r\n  \"paths\" : [ ],\r\n  \"options\" : [ ]\r\n}'),('magic-api/api/定时任务/更新定时任务.ms', '{\r\n  \"properties\" : { },\r\n  \"id\" : \"34da7f2ba4ec41dba7acd0533018d3e7\",\r\n  \"script\" : null,\r\n  \"groupId\" : \"d0fe7c6e314c4572aeae38b7cea6ea50\",\r\n  \"name\" : \"更新定时任务\",\r\n  \"createTime\" : 1645515608643,\r\n  \"updateTime\" : 1645515608643,\r\n  \"lock\" : \"0\",\r\n  \"method\" : \"POST\",\r\n  \"path\" : \"/updateTimerTask\",\r\n  \"parameters\" : [ ],\r\n  \"option\" : \"[]\",\r\n  \"requestBody\" : \"{\\r\\n\\t\\r\\n}\",\r\n  \"headers\" : [ ],\r\n  \"paths\" : [ ],\r\n  \"responseBody\" : null,\r\n  \"description\" : null,\r\n  \"requestBodyDefinition\" : null,\r\n  \"responseBodyDefinition\" : null,\r\n  \"optionMap\" : { }\r\n}\r\n================================\r\nimport \"timerTaskService\" as timerTaskService;\r\n\r\ntimerTaskService.updateTask(obj.id);\r\n\r\nreturn null;'),('magic-api/api/定时任务/测试定时任务.ms', '{\r\n  \"properties\" : { },\r\n  \"id\" : \"a713840db7eb46c99fa91897fe849dec\",\r\n  \"script\" : null,\r\n  \"groupId\" : \"d0fe7c6e314c4572aeae38b7cea6ea50\",\r\n  \"name\" : \"测试定时任务\",\r\n  \"createTime\" : null,\r\n  \"updateTime\" : 1645517086688,\r\n  \"lock\" : \"0\",\r\n  \"method\" : \"POST\",\r\n  \"path\" : \"/testTimerTask\",\r\n  \"parameters\" : [ ],\r\n  \"option\" : \"[]\",\r\n  \"requestBody\" : \"{\\n\\n}\",\r\n  \"headers\" : [ ],\r\n  \"paths\" : [ ],\r\n  \"responseBody\" : null,\r\n  \"description\" : null,\r\n  \"requestBodyDefinition\" : null,\r\n  \"responseBodyDefinition\" : null,\r\n  \"optionMap\" : { }\r\n}\r\n================================\r\nlog.info(\"测试一下定时任务{}\",name);\r\nreturn null;'),('magic-api/api/数据监听/', 'this is directory'),('magic-api/api/数据监听/group.json', '{\r\n  \"properties\" : { },\r\n  \"id\" : \"6902f75ca803454b8dc5652977e0c29b\",\r\n  \"name\" : \"数据监听\",\r\n  \"type\" : \"api\",\r\n  \"parentId\" : \"0\",\r\n  \"path\" : \"/customer\",\r\n  \"createTime\" : 1651203104708,\r\n  \"updateTime\" : null,\r\n  \"createBy\" : null,\r\n  \"updateBy\" : null,\r\n  \"paths\" : [ ],\r\n  \"options\" : [ ]\r\n}'),('magic-api/api/数据监听/删除.ms', '{\r\n  \"properties\" : { },\r\n  \"id\" : \"copy1651203326990d31221\",\r\n  \"script\" : null,\r\n  \"groupId\" : \"6902f75ca803454b8dc5652977e0c29b\",\r\n  \"name\" : \"删除\",\r\n  \"createTime\" : null,\r\n  \"updateTime\" : 1651203352634,\r\n  \"lock\" : null,\r\n  \"createBy\" : null,\r\n  \"updateBy\" : null,\r\n  \"path\" : \"/deleteCustomer\",\r\n  \"method\" : \"POST\",\r\n  \"parameters\" : [ ],\r\n  \"options\" : [ ],\r\n  \"requestBody\" : \"\",\r\n  \"headers\" : [ ],\r\n  \"paths\" : [ ],\r\n  \"responseBody\" : null,\r\n  \"description\" : null,\r\n  \"requestBodyDefinition\" : null,\r\n  \"responseBodyDefinition\" : null\r\n}\r\n================================\r\nimport log\r\n\r\n//dataListenerService传入\r\nlog.info(\"删除客户监听,{}\",obj);\r\nreturn null'),('magic-api/api/数据监听/新增.ms', '{\r\n  \"properties\" : { },\r\n  \"id\" : \"aee1b78b4c8c4b71855163a398d8a43a\",\r\n  \"script\" : null,\r\n  \"groupId\" : \"6902f75ca803454b8dc5652977e0c29b\",\r\n  \"name\" : \"新增\",\r\n  \"createTime\" : null,\r\n  \"updateTime\" : 1651203303342,\r\n  \"lock\" : null,\r\n  \"createBy\" : null,\r\n  \"updateBy\" : null,\r\n  \"path\" : \"/newCustomer\",\r\n  \"method\" : \"POST\",\r\n  \"parameters\" : [ ],\r\n  \"options\" : [ ],\r\n  \"requestBody\" : \"\",\r\n  \"headers\" : [ ],\r\n  \"paths\" : [ ],\r\n  \"responseBody\" : null,\r\n  \"description\" : null,\r\n  \"requestBodyDefinition\" : null,\r\n  \"responseBodyDefinition\" : null\r\n}\r\n================================\r\nimport log\r\n\r\n// obj是dataListenerService传入\r\nlog.info(\"新增客户监听,{}\",obj);\r\nreturn null'),('magic-api/api/数据监听/更新.ms', '{\r\n  \"properties\" : { },\r\n  \"id\" : \"copy1651203271901d3662\",\r\n  \"script\" : null,\r\n  \"groupId\" : \"6902f75ca803454b8dc5652977e0c29b\",\r\n  \"name\" : \"更新\",\r\n  \"createTime\" : null,\r\n  \"updateTime\" : 1676879754266,\r\n  \"lock\" : null,\r\n  \"createBy\" : null,\r\n  \"updateBy\" : null,\r\n  \"path\" : \"/updateCustomer\",\r\n  \"method\" : \"POST\",\r\n  \"parameters\" : [ ],\r\n  \"options\" : [ ],\r\n  \"requestBody\" : \"\",\r\n  \"headers\" : [ ],\r\n  \"paths\" : [ ],\r\n  \"responseBody\" : null,\r\n  \"description\" : null,\r\n  \"requestBodyDefinition\" : null,\r\n  \"responseBodyDefinition\" : null\r\n}\r\n================================\r\nimport log\r\n\r\n\r\n\r\n//dataListenerService传入\r\nlog.info(\"更新客户监听,{},{}\",beforeObj,afterObj);\r\nreturn null'),('magic-api/api/数据监听/更新字段.ms', '{\r\n  \"properties\" : { },\r\n  \"id\" : \"copy1651203355401d32477\",\r\n  \"script\" : null,\r\n  \"groupId\" : \"6902f75ca803454b8dc5652977e0c29b\",\r\n  \"name\" : \"更新字段\",\r\n  \"createTime\" : null,\r\n  \"updateTime\" : 1651203427530,\r\n  \"lock\" : null,\r\n  \"createBy\" : null,\r\n  \"updateBy\" : null,\r\n  \"path\" : \"/updateCustomerStatus\",\r\n  \"method\" : \"POST\",\r\n  \"parameters\" : [ ],\r\n  \"options\" : [ ],\r\n  \"requestBody\" : \"\",\r\n  \"headers\" : [ ],\r\n  \"paths\" : [ ],\r\n  \"responseBody\" : null,\r\n  \"description\" : null,\r\n  \"requestBodyDefinition\" : null,\r\n  \"responseBodyDefinition\" : null\r\n}\r\n================================\r\nimport log\r\n\r\n//dataListenerService传入\r\nlog.info(\"更新客户状态监听,{}\",beforeObj,afterObj,beforeValue,afterValue);\r\nreturn null'),('magic-api/api/数据监听/测试监听.ms', '{\r\n  \"properties\" : { },\r\n  \"id\" : \"619bc7bce1304decb54dba930c4b43a4\",\r\n  \"script\" : null,\r\n  \"groupId\" : \"6902f75ca803454b8dc5652977e0c29b\",\r\n  \"name\" : \"测试监听\",\r\n  \"createTime\" : null,\r\n  \"updateTime\" : 1679651294345,\r\n  \"lock\" : null,\r\n  \"createBy\" : null,\r\n  \"updateBy\" : null,\r\n  \"path\" : \"/testListener\",\r\n  \"method\" : \"POST\",\r\n  \"parameters\" : [ ],\r\n  \"options\" : [ ],\r\n  \"requestBody\" : null,\r\n  \"headers\" : [ ],\r\n  \"paths\" : [ ],\r\n  \"responseBody\" : null,\r\n  \"description\" : null,\r\n  \"requestBodyDefinition\" : null,\r\n  \"responseBodyDefinition\" : null\r\n}\r\n================================\r\nimport log\r\n\r\nlog.info(\"测试监听,{},{}\",beforeObj,afterObj)\r\n\r\nreturn \'Hello magic-api\''),('magic-api/api/测试/', 'this is directory'),('magic-api/api/测试/group.json', '{\r\n  \"properties\" : { },\r\n  \"id\" : \"c730d97561294b5fbf9251faa9cd7912\",\r\n  \"name\" : \"测试\",\r\n  \"type\" : \"api\",\r\n  \"parentId\" : \"0\",\r\n  \"path\" : \"/test\",\r\n  \"createTime\" : 1650870091092,\r\n  \"updateTime\" : null,\r\n  \"createBy\" : null,\r\n  \"updateBy\" : null,\r\n  \"paths\" : [ ],\r\n  \"options\" : [ ]\r\n}'),('magic-api/api/测试/测试反馈接口.ms', '{\r\n  \"properties\" : { },\r\n  \"id\" : \"552e678bc8774403aef47c6e49b64ad0\",\r\n  \"script\" : null,\r\n  \"groupId\" : \"c730d97561294b5fbf9251faa9cd7912\",\r\n  \"name\" : \"测试反馈接口\",\r\n  \"createTime\" : null,\r\n  \"updateTime\" : 1682579985203,\r\n  \"lock\" : null,\r\n  \"createBy\" : null,\r\n  \"updateBy\" : null,\r\n  \"path\" : \"/testFeadback\",\r\n  \"method\" : \"GET\",\r\n  \"parameters\" : [ ],\r\n  \"options\" : [ ],\r\n  \"requestBody\" : \"\",\r\n  \"headers\" : [ ],\r\n  \"paths\" : [ ],\r\n  \"responseBody\" : \"{\\n    \\\"status\\\": 0,\\n    \\\"msg\\\": \\\"success\\\",\\n    \\\"data\\\": null\\n}\",\r\n  \"description\" : null,\r\n  \"requestBodyDefinition\" : null,\r\n  \"responseBodyDefinition\" : {\r\n    \"name\" : \"\",\r\n    \"value\" : \"\",\r\n    \"description\" : \"\",\r\n    \"required\" : false,\r\n    \"dataType\" : \"Object\",\r\n    \"type\" : null,\r\n    \"defaultValue\" : null,\r\n    \"validateType\" : \"\",\r\n    \"error\" : \"\",\r\n    \"expression\" : \"\",\r\n    \"children\" : [ {\r\n      \"name\" : \"status\",\r\n      \"value\" : \"0\",\r\n      \"description\" : \"\",\r\n      \"required\" : false,\r\n      \"dataType\" : \"Integer\",\r\n      \"type\" : null,\r\n      \"defaultValue\" : null,\r\n      \"validateType\" : \"\",\r\n      \"error\" : \"\",\r\n      \"expression\" : \"\",\r\n      \"children\" : [ ]\r\n    }, {\r\n      \"name\" : \"msg\",\r\n      \"value\" : \"success\",\r\n      \"description\" : \"\",\r\n      \"required\" : false,\r\n      \"dataType\" : \"String\",\r\n      \"type\" : null,\r\n      \"defaultValue\" : null,\r\n      \"validateType\" : \"\",\r\n      \"error\" : \"\",\r\n      \"expression\" : \"\",\r\n      \"children\" : [ ]\r\n    }, {\r\n      \"name\" : \"data\",\r\n      \"value\" : \"null\",\r\n      \"description\" : \"\",\r\n      \"required\" : false,\r\n      \"dataType\" : \"Object\",\r\n      \"type\" : null,\r\n      \"defaultValue\" : null,\r\n      \"validateType\" : \"\",\r\n      \"error\" : \"\",\r\n      \"expression\" : \"\",\r\n      \"children\" : [ ]\r\n    } ]\r\n  }\r\n}\r\n================================\r\nimport com.jqp.admin.common.Status\r\nreturn null;'),('magic-api/api/测试/测试页面前置接口.ms', '{\r\n  \"properties\" : { },\r\n  \"id\" : \"b7efc9bb70984bdbb426b16f850c557c\",\r\n  \"script\" : null,\r\n  \"groupId\" : \"c730d97561294b5fbf9251faa9cd7912\",\r\n  \"name\" : \"测试页面前置接口\",\r\n  \"createTime\" : null,\r\n  \"updateTime\" : 1683265671313,\r\n  \"lock\" : null,\r\n  \"createBy\" : null,\r\n  \"updateBy\" : null,\r\n  \"path\" : \"/checkPage\",\r\n  \"method\" : \"POST\",\r\n  \"parameters\" : [ ],\r\n  \"options\" : [ ],\r\n  \"requestBody\" : \"\",\r\n  \"headers\" : [ ],\r\n  \"paths\" : [ ],\r\n  \"responseBody\" : \"{\\n    \\\"status\\\": 9,\\n    \\\"msg\\\": \\\"MagicScriptException: 变量名不能定义为关键字 at Row:9~9,Col:1~6\\\\n\\\\nreturn \'前置接口校验页面不可用\'\\\\n^^^^^^              \\\",\\n    \\\"data\\\": null,\\n    \\\"success\\\": false\\n}\",\r\n  \"description\" : null,\r\n  \"requestBodyDefinition\" : null,\r\n  \"responseBodyDefinition\" : {\r\n    \"name\" : \"\",\r\n    \"value\" : \"\",\r\n    \"description\" : \"\",\r\n    \"required\" : false,\r\n    \"dataType\" : \"Object\",\r\n    \"type\" : null,\r\n    \"defaultValue\" : null,\r\n    \"validateType\" : \"\",\r\n    \"error\" : \"\",\r\n    \"expression\" : \"\",\r\n    \"children\" : [ {\r\n      \"name\" : \"status\",\r\n      \"value\" : \"9\",\r\n      \"description\" : \"\",\r\n      \"required\" : false,\r\n      \"dataType\" : \"Integer\",\r\n      \"type\" : null,\r\n      \"defaultValue\" : null,\r\n      \"validateType\" : \"\",\r\n      \"error\" : \"\",\r\n      \"expression\" : \"\",\r\n      \"children\" : [ ]\r\n    }, {\r\n      \"name\" : \"msg\",\r\n      \"value\" : \"MagicScriptException: 变量名不能定义为关键字 at Row:9~9,Col:1~6\\\\n\\\\nreturn \'前置接口校验页面不可用\'\\\\n^^^^^^\",\r\n      \"description\" : \"\",\r\n      \"required\" : false,\r\n      \"dataType\" : \"String\",\r\n      \"type\" : null,\r\n      \"defaultValue\" : null,\r\n      \"validateType\" : \"\",\r\n      \"error\" : \"\",\r\n      \"expression\" : \"\",\r\n      \"children\" : [ ]\r\n    }, {\r\n      \"name\" : \"data\",\r\n      \"value\" : \"null\",\r\n      \"description\" : \"\",\r\n      \"required\" : false,\r\n      \"dataType\" : \"String\",\r\n      \"type\" : null,\r\n      \"defaultValue\" : null,\r\n      \"validateType\" : \"\",\r\n      \"error\" : \"\",\r\n      \"expression\" : \"\",\r\n      \"children\" : [ ]\r\n    }, {\r\n      \"name\" : \"success\",\r\n      \"value\" : \"false\",\r\n      \"description\" : \"\",\r\n      \"required\" : false,\r\n      \"dataType\" : \"Boolean\",\r\n      \"type\" : null,\r\n      \"defaultValue\" : null,\r\n      \"validateType\" : \"\",\r\n      \"error\" : \"\",\r\n      \"expression\" : \"\",\r\n      \"children\" : [ ]\r\n    } ]\r\n  }\r\n}\r\n================================\r\nimport log;\r\nimport com.jqp.admin.db.service.JdbcService;\r\nlog.info(\"1121{}\",\"abc\");\r\n\r\nconst users = JdbcService.find(\"select * from user\");\r\nlog.info(\"jdbcService:{}\",users);\r\n\r\n\r\nreturn \'前置接口校验页面不可用\''),('magic-api/api/页面/', 'this is directory'),('magic-api/api/页面/group.json', '{\r\n  \"properties\" : { },\r\n  \"id\" : \"ffe551af143c45b0b1e007ac8db09c98\",\r\n  \"name\" : \"页面\",\r\n  \"type\" : \"api\",\r\n  \"parentId\" : \"0\",\r\n  \"path\" : \"/_page\",\r\n  \"createTime\" : null,\r\n  \"updateTime\" : 1680851428255,\r\n  \"createBy\" : null,\r\n  \"updateBy\" : null,\r\n  \"paths\" : [ ],\r\n  \"options\" : [ ]\r\n}'),('magic-api/api/页面/首页.ms', '{\r\n  \"properties\" : { },\r\n  \"id\" : \"6147b8c8d71a46869d9210cab2a425c9\",\r\n  \"script\" : null,\r\n  \"groupId\" : \"ffe551af143c45b0b1e007ac8db09c98\",\r\n  \"name\" : \"首页\",\r\n  \"createTime\" : null,\r\n  \"updateTime\" : 1680853774467,\r\n  \"lock\" : null,\r\n  \"createBy\" : null,\r\n  \"updateBy\" : null,\r\n  \"path\" : \"/index.html\",\r\n  \"method\" : \"GET\",\r\n  \"parameters\" : [ ],\r\n  \"options\" : [ ],\r\n  \"requestBody\" : \"\",\r\n  \"headers\" : [ ],\r\n  \"paths\" : [ ],\r\n  \"responseBody\" : \"{\\n    \\\"timestamp\\\": \\\"2023-04-07T07:07:58.430+00:00\\\",\\n    \\\"status\\\": 404,\\n    \\\"error\\\": \\\"Not Found\\\",\\n    \\\"path\\\": \\\"/_page/index\\\"\\n}\",\r\n  \"description\" : null,\r\n  \"requestBodyDefinition\" : null,\r\n  \"responseBodyDefinition\" : {\r\n    \"name\" : \"\",\r\n    \"value\" : \"\",\r\n    \"description\" : \"\",\r\n    \"required\" : false,\r\n    \"dataType\" : \"Object\",\r\n    \"type\" : null,\r\n    \"defaultValue\" : null,\r\n    \"validateType\" : \"\",\r\n    \"error\" : \"\",\r\n    \"expression\" : \"\",\r\n    \"children\" : [ {\r\n      \"name\" : \"timestamp\",\r\n      \"value\" : \"2023-04-07T07:07:58.430+00:00\",\r\n      \"description\" : \"\",\r\n      \"required\" : false,\r\n      \"dataType\" : \"String\",\r\n      \"type\" : null,\r\n      \"defaultValue\" : null,\r\n      \"validateType\" : \"\",\r\n      \"error\" : \"\",\r\n      \"expression\" : \"\",\r\n      \"children\" : [ ]\r\n    }, {\r\n      \"name\" : \"status\",\r\n      \"value\" : \"404\",\r\n      \"description\" : \"\",\r\n      \"required\" : false,\r\n      \"dataType\" : \"Integer\",\r\n      \"type\" : null,\r\n      \"defaultValue\" : null,\r\n      \"validateType\" : \"\",\r\n      \"error\" : \"\",\r\n      \"expression\" : \"\",\r\n      \"children\" : [ ]\r\n    }, {\r\n      \"name\" : \"error\",\r\n      \"value\" : \"Not Found\",\r\n      \"description\" : \"\",\r\n      \"required\" : false,\r\n      \"dataType\" : \"String\",\r\n      \"type\" : null,\r\n      \"defaultValue\" : null,\r\n      \"validateType\" : \"\",\r\n      \"error\" : \"\",\r\n      \"expression\" : \"\",\r\n      \"children\" : [ ]\r\n    }, {\r\n      \"name\" : \"path\",\r\n      \"value\" : \"/_page/index\",\r\n      \"description\" : \"\",\r\n      \"required\" : false,\r\n      \"dataType\" : \"String\",\r\n      \"type\" : null,\r\n      \"defaultValue\" : null,\r\n      \"validateType\" : \"\",\r\n      \"error\" : \"\",\r\n      \"expression\" : \"\",\r\n      \"children\" : [ ]\r\n    } ]\r\n  }\r\n}\r\n================================\r\nimport com.jqp.admin.page.service.DicService\r\nimport com.jqp.admin.common.service.DbTemplateService\r\nimport log\r\nlog.info(\"参数:{}\",params);\r\n\r\nvar genderDic = DicService.get(\"gender\");\r\nlog.info(\"genderList:{}\",genderDic)\r\nvar html = DbTemplateService.getValue(\"index\",{\r\n    \"params\":params,\r\n    \"genderList\":genderDic.items\r\n});\r\n\r\nreturn html;'),('magic-api/datasource/', 'this is directory'),('magic-api/function/', 'this is directory');
UNLOCK TABLES;
COMMIT;
BEGIN;
LOCK TABLES `jqp`.`menu_url` WRITE;
DELETE FROM `jqp`.`menu_url`;
INSERT INTO `jqp`.`menu_url` (`id`,`menu_id`,`url`,`name`) VALUES (32, NULL, '/options/*', '数据字典'),(211, NULL, '/admin/user/logout', '退出登录'),(212, NULL, '/admin/user/getUserSession', '当前用户session'),(213, NULL, '/', '后台'),(215, NULL, '/admin/favicon.ico', '网站图标'),(216, NULL, '/admin/download/**', '图片下载'),(217, NULL, '/admin/*.html', '后台页面'),(218, 88, '/tableInfo/dropForeignKey', '外键管理-删除'),(219, 9, '/admin/page/crudExport/foreignKey', '外键管理导出'),(220, 9, '/crud/foreignKey', '外键管理页面'),(221, 9, '/admin/page/crudQuery/foreignKey', '外键管理查询'),(222, 9, '/admin/page/js/foreignKey.js', '外键管理页面JS'),(223, 12, '/admin/page/crudQuery/menu', '菜单管理查询'),(224, 12, '/admin/page/js/menu.js', '菜单管理页面JS'),(225, 12, '/crud/menu', '菜单管理页面'),(226, 12, '/admin/page/crudExport/menu', '菜单管理导出'),(227, 83, '/admin/common/sysMenu/delete/*', '菜单管理-删除'),(228, 85, '/admin/common/sysMenuForm/get', '查询菜单表单'),(229, 85, '/admin/page/selector/menu', '菜单管理选择器'),(230, 85, '/admin/common/sysMenuForm/saveOrUpdate', '保存菜单表单'),(231, 84, '/admin/common/sysMenuForm/get', '查询菜单表单'),(232, 84, '/admin/page/selector/menu', '菜单管理选择器'),(233, 84, '/admin/common/sysMenuForm/saveOrUpdate', '保存菜单表单'),(234, 134, '/admin/page/js/menuUrl.js', '菜单url列表页面JS'),(235, 134, '/admin/page/crudExport/menuUrl', '菜单url列表导出'),(236, 134, '/crud/menuUrl', '菜单url列表页面'),(237, 134, '/admin/page/crudQuery/menuUrl', '菜单url列表查询'),(238, 86, '/admin/menu/initButtons/*', '菜单管理-初始化按钮'),(239, 136, '/admin/common/menuUrl/get', '查询菜单url表单'),(240, 136, '/admin/common/menuUrl/saveOrUpdate', '保存菜单url表单'),(241, 135, '/admin/common/menuUrl/get', '查询菜单url表单'),(242, 135, '/admin/common/menuUrl/saveOrUpdate', '保存菜单url表单'),(243, 137, '/admin/common/menuUrl/delete/*', '菜单url列表-删除'),(244, 78, '/admin/common/configForm/get', '查询系统配置'),(245, 78, '/admin/common/configForm/saveOrUpdate', '保存系统配置'),(246, 77, '/admin/common/configForm/get', '查询系统配置'),(247, 77, '/admin/common/configForm/saveOrUpdate', '保存系统配置'),(248, 79, '/admin/common/config/delete/*', '系统配置-删除'),(249, 15, '/admin/page/js/config.js', '系统配置页面JS'),(250, 15, '/admin/page/crudQuery/config', '系统配置查询'),(251, 15, '/admin/page/crudExport/config', '系统配置导出'),(252, 15, '/crud/config', '系统配置页面'),(253, 80, '/admin/common/serialNumber/saveOrUpdate', '保存序号表单'),(254, 80, '/admin/common/serialNumber/get', '查询序号表单'),(255, 18, '/crud/serialNumber', '序号列表页面'),(256, 18, '/admin/page/crudExport/serialNumber', '序号列表导出'),(257, 18, '/admin/page/crudQuery/serialNumber', '序号列表查询'),(258, 18, '/admin/page/js/serialNumber.js', '序号列表页面JS'),(259, 82, '/admin/common/serialNumber/delete/*', '序号列表-删除'),(260, 81, '/admin/common/serialNumber/saveOrUpdate', '保存序号表单'),(261, 81, '/admin/common/serialNumber/get', '查询序号表单'),(262, 95, '/admin/common/permission/saveOrUpdate', '保存权限表单'),(263, 95, '/admin/common/permission/get', '查询权限表单'),(264, 96, '/admin/common/permission/delete/*', '权限列表-删除'),(265, 94, '/admin/common/permission/saveOrUpdate', '保存权限表单'),(266, 94, '/admin/common/permission/get', '查询权限表单'),(267, 91, '/crud/permission', '权限列表页面'),(268, 91, '/admin/page/crudExport/permission', '权限列表导出'),(269, 91, '/admin/page/js/permission.js', '权限列表页面JS'),(270, 91, '/admin/page/crudQuery/permission', '权限列表查询'),(271, 106, '/admin/common/process/saveOrUpdate', '保存流程表单'),(272, 106, '/admin/common/process/get', '查询流程表单'),(273, 101, '/admin/page/crudExport/process', '流程列表导出'),(274, 101, '/admin/page/js/process.js', '流程列表页面JS'),(275, 101, '/crud/process', '流程列表页面'),(276, 101, '/admin/page/crudQuery/process', '流程列表查询'),(277, 109, '/crud/processNode', '流程节点列表页面'),(278, 109, '/admin/page/crudExport/processNode', '流程节点列表导出'),(279, 109, '/admin/page/crudQuery/processNode', '流程节点列表查询'),(280, 109, '/admin/page/js/processNode.js', '流程节点列表页面JS'),(281, 110, '/admin/common/processNode/get', '查询流程节点表单'),(282, 110, '/admin/common/processNode/saveOrUpdate', '保存流程节点表单'),(283, 107, '/admin/common/process/saveOrUpdate', '保存流程表单'),(284, 107, '/admin/common/process/get', '查询流程表单'),(285, 108, '/admin/common/process/delete/*', '流程列表-删除'),(286, 111, '/admin/common/processNode/get', '查询流程节点表单'),(287, 111, '/admin/common/processNode/saveOrUpdate', '保存流程节点表单'),(288, 112, '/admin/common/processNode/delete/*', '流程节点列表-删除'),(289, 115, '/admin/common/timerTask/delete/*', '定时任务列表-删除'),(290, 104, '/admin/page/crudExport/timerTask', '定时任务列表导出'),(291, 104, '/crud/timerTask', '定时任务列表页面'),(292, 104, '/admin/page/js/timerTask.js', '定时任务列表页面JS'),(293, 104, '/admin/page/crudQuery/timerTask', '定时任务列表查询'),(294, 116, '/admin/page/crudExport/timerTaskRecord', '定时任务记录导出'),(295, 116, '/admin/page/js/timerTaskRecord.js', '定时任务记录页面JS'),(296, 116, '/crud/timerTaskRecord', '定时任务记录页面'),(297, 116, '/admin/page/crudQuery/timerTaskRecord', '定时任务记录查询'),(298, 113, '/admin/common/timerTask/saveOrUpdate', '保存定时任务表单'),(299, 113, '/admin/common/timerTask/get', '查询定时任务表单'),(300, 114, '/admin/common/timerTask/saveOrUpdate', '保存定时任务表单'),(301, 114, '/admin/common/timerTask/get', '查询定时任务表单'),(302, 105, '/admin/page/js/dynamicTask.js', '动态任务列表页面JS'),(303, 105, '/admin/page/crudExport/dynamicTask', '动态任务列表导出'),(304, 105, '/admin/page/crudQuery/dynamicTask', '动态任务列表查询'),(305, 105, '/crud/dynamicTask', '动态任务列表页面'),(306, 133, '/crud/menuUrlAll', '全部url页面'),(307, 133, '/admin/page/js/menuUrlAll.js', '全部url页面JS'),(308, 133, '/admin/page/selector/menu', '菜单管理选择器'),(309, 133, '/admin/page/crudQuery/menuUrlAll', '全部url查询'),(310, 133, '/admin/page/crudExport/menuUrlAll', '全部url导出'),(311, 138, '/admin/common/menuUrlAll/saveOrUpdate', '保存全部url表单'),(312, 138, '/admin/common/menuUrlAll/get', '查询全部url表单'),(313, 138, '/admin/page/selector/menu', '菜单管理选择器'),(314, 139, '/admin/common/menuUrlAll/saveOrUpdate', '保存全部url表单'),(315, 139, '/admin/common/menuUrlAll/get', '查询全部url表单'),(316, 139, '/admin/page/selector/menu', '菜单管理选择器'),(317, 140, '/admin/common/menuUrl/delete/*', '全部url-删除'),(318, 17, '/admin/page/crudQuery/user', '用户列表查询'),(319, 17, '/crud/user', '用户列表页面'),(320, 17, '/admin/page/js/user.js', '用户列表页面JS'),(321, 17, '/admin/page/crudExport/user', '用户列表导出'),(322, 54, '/admin/common/user/delete/*', '用户列表-删除'),(323, 53, '/admin/common/user/get', '查询用户表单'),(324, 52, '/admin/common/user/get', '查询用户表单'),(325, 19, '/crud/enterprise', '企业列表页面'),(326, 19, '/admin/page/js/enterprise.js', '企业列表页面JS'),(327, 19, '/admin/page/crudQuery/enterprise', '企业列表查询'),(328, 19, '/admin/page/crudExport/enterprise', '企业列表导出'),(329, 60, '/admin/common/enterprise/delete/*', '企业列表-删除'),(330, 59, '/admin/common/enterpriseMenu/getRelationIds/enterpriseId/menuId/*', '保存企业菜单'),(331, 59, '/admin/page/selector/menu', '菜单管理选择器'),(332, 58, '/admin/common/enterprise/get', '查询企业表单'),(333, 58, '/admin/page/crudExport/enterpriseManager', '企业负责人列表导出'),(334, 58, '/admin/page/crudQuery/enterpriseManager', '企业负责人列表查询'),(335, 58, '/crud/enterpriseManager', '企业负责人列表页面'),(336, 58, '/admin/common/enterprise/saveOrUpdate', '保存企业表单'),(337, 58, '/admin/page/js/enterpriseManager.js', '企业负责人列表页面JS'),(338, 57, '/admin/common/enterpriseManager/delete/*', '企业负责人列表-删除'),(339, 56, '/admin/page/selector/user', '用户列表选择器'),(340, 56, '/admin/common/enterpriseManager/get', '查询企业负责人表单'),(341, 55, '/admin/common/enterprise/get', '查询企业表单'),(342, 55, '/admin/page/crudExport/enterpriseManager', '企业负责人列表导出'),(343, 55, '/admin/page/crudQuery/enterpriseManager', '企业负责人列表查询'),(344, 55, '/crud/enterpriseManager', '企业负责人列表页面'),(345, 55, '/admin/common/enterprise/saveOrUpdate', '保存企业表单'),(346, 55, '/admin/page/js/enterpriseManager.js', '企业负责人列表页面JS'),(347, 21, '/admin/page/crudExport/position', '岗位列表导出'),(348, 21, '/crud/position', '岗位列表页面'),(349, 21, '/admin/page/crudQuery/position', '岗位列表查询'),(350, 21, '/admin/page/js/position.js', '岗位列表页面JS'),(351, 141, '/admin/permission/form/*/position/*', '岗位数据权限-配置'),(352, 92, '/admin/page/crudQuery/positionPermission', '岗位数据权限查询'),(353, 92, '/admin/page/js/positionPermission.js', '岗位数据权限页面JS'),(354, 92, '/admin/page/crudExport/positionPermission', '岗位数据权限导出'),(355, 92, '/crud/positionPermission', '岗位数据权限页面'),(356, 64, '/admin/common/positionMenu/getRelationIdsForEnterprise/positionId/menuId/*', '保存岗位菜单'),(357, 64, '/admin/page/selector/enterpriseMenu', '企业菜单选择器'),(358, 63, '/admin/common/position/delete/*', '岗位列表-删除'),(359, 62, '/admin/common/position/get', '查询岗位表单'),(360, 62, '/admin/common/position/saveOrUpdate', '保存岗位表单'),(361, 61, '/admin/common/position/get', '查询岗位表单'),(362, 61, '/admin/common/position/saveOrUpdate', '保存岗位表单'),(363, 22, '/admin/page/crudExport/positionFixed', '固定岗位导出'),(364, 22, '/admin/page/crudQuery/positionFixed', '固定岗位查询'),(365, 22, '/admin/page/js/positionFixed.js', '固定岗位页面JS'),(366, 22, '/crud/positionFixed', '固定岗位页面'),(367, 67, '/admin/common/position/delete/*', '固定岗位-删除'),(368, 66, '/admin/common/positionFixed/saveOrUpdate', '保存固定岗位表单'),(369, 66, '/admin/common/positionFixed/get', '查询固定岗位表单'),(370, 65, '/admin/common/positionFixed/saveOrUpdate', '保存固定岗位表单'),(371, 65, '/admin/common/positionFixed/get', '查询固定岗位表单'),(372, 142, '/admin/permission/form/*/dept/*', '部门数据权限-配置'),(373, 93, '/crud/deptPermission', '部门数据权限页面'),(374, 93, '/admin/page/js/deptPermission.js', '部门数据权限页面JS'),(375, 93, '/admin/page/crudQuery/deptPermission', '部门数据权限查询'),(376, 93, '/admin/page/crudExport/deptPermission', '部门数据权限导出'),(377, 90, '/admin/common/deptManager/delete/*', '部门负责人-删除'),(378, 89, '/admin/common/deptManager/get', '查询部门负责人'),(379, 89, '/admin/page/selector/enterpriseUser', '企业用户选择器'),(380, 70, '/admin/common/dept/delete/*', '部门列表-删除'),(381, 69, '/crud/deptManager', '部门负责人页面'),(382, 69, '/admin/common/dept/saveOrUpdate', '保存部门表单'),(383, 69, '/admin/page/js/deptManager.js', '部门负责人页面JS'),(384, 69, '/admin/page/crudExport/deptManager', '部门负责人导出'),(385, 69, '/admin/page/crudQuery/deptManager', '部门负责人查询'),(386, 69, '/admin/common/dept/get', '查询部门表单'),(387, 69, '/admin/page/selector/dept', '部门列表选择器'),(388, 68, '/crud/deptManager', '部门负责人页面'),(389, 68, '/admin/common/dept/saveOrUpdate', '保存部门表单'),(390, 68, '/admin/page/js/deptManager.js', '部门负责人页面JS'),(391, 68, '/admin/page/crudExport/deptManager', '部门负责人导出'),(392, 68, '/admin/page/crudQuery/deptManager', '部门负责人查询'),(393, 68, '/admin/common/dept/get', '查询部门表单'),(394, 68, '/admin/page/selector/dept', '部门列表选择器'),(395, 24, '/admin/page/js/dept.js', '部门列表页面JS'),(396, 24, '/crud/dept', '部门列表页面'),(397, 24, '/admin/page/crudQuery/dept', '部门列表查询'),(398, 24, '/admin/page/crudExport/dept', '部门列表导出'),(399, 76, '/admin/common/otherEnterpriseUser/get', '查询添加其他企业用户'),(400, 76, '/admin/page/selector/otherEnterpriseUser', '其他企业用户选择器'),(401, 75, '/admin/common/enterpriseUser/delete/*', '企业用户-删除'),(402, 74, '/admin/page/js/enterpriseUserPosition.js', '用户岗位页面JS'),(403, 74, '/admin/common/enterpriseUser/get', '查询企业用户表单'),(404, 74, '/crud/enterpriseUserPosition', '用户岗位页面'),(405, 74, '/admin/page/crudExport/enterpriseUserPosition', '用户岗位导出'),(406, 74, '/admin/page/selector/dept', '部门列表选择器'),(407, 74, '/admin/page/crudQuery/enterpriseUserPosition', '用户岗位查询'),(408, 73, '/admin/common/enterpriseUserPosition/delete/*', '用户岗位-删除'),(409, 72, '/admin/page/selector/position', '岗位列表选择器'),(410, 72, '/admin/common/enterpriseUserPosition/get', '查询企业用户岗位表单'),(411, 71, '/admin/page/js/enterpriseUserPosition.js', '用户岗位页面JS'),(412, 71, '/admin/common/enterpriseUser/get', '查询企业用户表单'),(413, 71, '/crud/enterpriseUserPosition', '用户岗位页面'),(414, 71, '/admin/page/crudExport/enterpriseUserPosition', '用户岗位导出'),(415, 71, '/admin/page/selector/dept', '部门列表选择器'),(416, 71, '/admin/page/crudQuery/enterpriseUserPosition', '用户岗位查询'),(417, 25, '/crud/enterpriseUser', '企业用户页面'),(418, 25, '/admin/page/crudQuery/enterpriseUser', '企业用户查询'),(419, 25, '/admin/page/js/enterpriseUser.js', '企业用户页面JS'),(420, 25, '/admin/page/crudExport/enterpriseUser', '企业用户导出'),(421, 98, '/admin/page/crudQuery/customerSource', '客户来源列表查询'),(422, 98, '/admin/page/js/customerSource.js', '客户来源列表页面JS'),(423, 98, '/admin/page/crudExport/customerSource', '客户来源列表导出'),(424, 98, '/crud/customerSource', '客户来源列表页面'),(425, 117, '/admin/common/customerSource/saveOrUpdate', '保存客户来源表单'),(426, 117, '/admin/page/selector/customerSource', '客户来源列表选择器'),(427, 117, '/admin/common/customerSource/get', '查询客户来源表单'),(428, 119, '/admin/common/customerSource/delete/*', '客户来源列表-删除'),(429, 118, '/admin/common/customerSource/saveOrUpdate', '保存客户来源表单'),(430, 118, '/admin/page/selector/customerSource', '客户来源列表选择器'),(431, 118, '/admin/common/customerSource/get', '查询客户来源表单'),(432, 127, '/admin/process/customerAudit/managerAudit/pass/*', '客户主管审核表单-审核通过'),(433, 100, '/admin/page/crudQuery/customer', '客户列表查询'),(434, 100, '/crud/customer', '客户列表页面'),(435, 100, '/admin/page/js/customer.js', '客户列表页面JS'),(436, 100, '/admin/page/crudExport/customer', '客户列表导出'),(437, 128, '/admin/process/customerAudit/managerAudit/back/*', '客户主管审核表单-审核不通过'),(438, 123, '/admin/process/customerAudit/submit/pass/*', '客户列表-提交'),(439, 122, '/admin/common/customer/delete/*', '客户列表-删除'),(440, 125, '/admin/common/customerManagerAuditView/saveOrUpdate', '保存客户主管审核'),(441, 125, '/admin/common/customerManagerAuditView/get', '查询客户主管审核'),(442, 125, '/admin/page/selector/customerSource', '客户来源列表选择器'),(443, 124, '/admin/page/crudQuery/customerRecord', '客户审核记录查询'),(444, 124, '/admin/page/js/customerRecord.js', '客户审核记录页面JS'),(445, 124, '/admin/page/crudExport/customerRecord', '客户审核记录导出'),(446, 124, '/crud/customerRecord', '客户审核记录页面'),(447, 130, '/admin/process/customerAudit/financeAudit/pass/*', '客户财务审核表单-审核通过'),(448, 121, '/admin/common/customer/get', '查询客户表单'),(449, 121, '/admin/common/customer/saveOrUpdate', '保存客户表单'),(450, 121, '/admin/page/selector/customerSource', '客户来源列表选择器'),(451, 120, '/admin/common/customer/get', '查询客户表单'),(452, 120, '/admin/common/customer/saveOrUpdate', '保存客户表单'),(453, 120, '/admin/page/selector/customerSource', '客户来源列表选择器'),(454, 131, '/admin/process/customerAudit/financeAudit/back/*', '客户财务审核表单-审核不通过'),(458, 59, '/admin/page/options/menu', '菜单管理选择树'),(459, 64, '/admin/page/options/enterpriseMenu', '企业菜单选择树'),(460, 125, '/admin/page/options/customerSource', '客户来源列表选择树'),(461, 121, '/admin/page/options/customerSource', '客户来源列表选择树'),(462, 120, '/admin/page/options/customerSource', '客户来源列表选择树'),(463, 143, '/admin/page/crudQuery/logTable', '记录日志的表列表查询'),(464, 143, '/admin/page/js/logTable.js', '记录日志的表列表页面JS'),(465, 143, '/admin/page/crudExport/logTable', '记录日志的表列表导出'),(466, 143, '/crud/logTable', '记录日志的表列表页面'),(467, 144, '/admin/common/logTable/get', '查询记录日志的表表单'),(468, 144, '/admin/common/logTable/saveOrUpdate', '保存记录日志的表表单'),(469, 145, '/admin/common/logTable/get', '查询记录日志的表表单'),(470, 145, '/admin/common/logTable/saveOrUpdate', '保存记录日志的表表单'),(471, 146, '/admin/common/logTable/delete/*', '记录日志的表列表-删除'),(472, 147, '/admin/operationLog/js/customer/*.js', '客户列表-日志JS'),(473, 147, '/admin/operationLog/page/customer/*', '客户列表-日志页面'),(474, 147, '/admin/operationLog/data/customer/*', '客户列表-日志数据'),(475, NULL, '/admin/user/updatePwd', '修改密码'),(476, 148, '/admin/user/resetPwd/*', '用户列表-重置密码'),(477, 149, '/admin/user/resetPwd/*', '企业用户-重置密码'),(478, 151, '/admin/permission/form/*/user/*', '用户数据权限-配置'),(479, 150, '/crud/userPermission', '用户数据权限页面'),(480, 150, '/admin/page/crudQuery/userPermission', '用户数据权限查询'),(481, 150, '/admin/page/crudExport/userPermission', '用户数据权限导出'),(482, 150, '/admin/page/js/userPermission.js', '用户数据权限页面JS'),(483, 151, '/admin/permission/js/*/user/*.js', '用户数据权限-js'),(484, 151, '/admin/permission/save/*/user/*', '用户数据权限-保存'),(485, 142, '/admin/permission/js/*/dept/*.js', '部门数据权限-js'),(486, 142, '/admin/permission/save/*/dept/*', '部门数据权限-保存'),(487, 141, '/admin/permission/js/*/position/*.js', '岗位数据权限-js'),(488, 141, '/admin/permission/save/*/position/*', '岗位数据权限-保存'),(489, 8, '/tableInfo/queryTable', '数据库表-查询'),(490, 8, '/tableInfo/tableInfo', '数据库表-获取'),(491, 8, '/tableInfo/copyTableInfo', '数据库表-复制'),(492, 8, '/tableInfo/updateTable', '数据库表-更新'),(493, 8, '/tableInfo/dropTable', '数据库表-删除'),(494, 8, '/tableInfo/generateJavaCode', '数据库表-java代码'),(495, 8, '/tableInfo/oneTouch', '数据库表-一键生成'),(496, 8, '/page/static/sys/tableInfo', '数据库表-页面'),(497, 10, '/page/static/sys/page', '页面管理-页面'),(498, 10, '/admin/page/query', '页面管理-查询'),(499, 10, '/admin/page/copyPage', '页面管理-复制'),(500, 10, '/admin/page/get', '页面管理-获取'),(501, 10, '/admin/page/save', '页面管理-保存'),(502, 10, '/admin/page/resultFields', '页面管理-结果字段'),(503, 11, '/page/static/sys/form', '表单管理-页面'),(505, 11, '/admin/form/query', '表单管理-查询'),(506, 11, '/admin/form/get', '表单管理-获取'),(507, 11, '/admin/form/save', '表单管理-保存'),(508, 11, '/admin/form/copyForm', '表单管理-复制'),(509, 11, '/admin/form/formFields', '表单管理-刷新字段'),(510, NULL, '/admin/common/dicItemForm/get', '查询字典明细表单'),(511, NULL, '/admin/common/dicItemForm/saveOrUpdate', '保存字典明细表单'),(512, NULL, '/admin/common/dicItem/delete/*', '字典明细-删除'),(513, 13, '/oneToMany/dic/dic_item', '字典页面'),(514, 13, '/crud/dic_item', '字典明细页面'),(515, 13, '/admin/page/crudQuery/dic_item', '字典明细查询'),(516, 13, '/admin/page/crudExport/dic', '字典导出'),(517, 13, '/admin/page/crudExport/dic_item', '字典明细导出'),(518, 13, '/admin/page/js/dic.js', '字典页面JS'),(519, 13, '/admin/page/js/dic_item.js', '字典明细页面JS'),(520, 13, '/admin/page/crudQuery/dic', '字典查询'),(521, 153, '/admin/common/dicItemForm/get', '查询字典明细表单'),(522, 153, '/admin/common/dicItemForm/saveOrUpdate', '保存字典明细表单'),(523, 152, '/crud/dic_item', '字典明细页面'),(524, 152, '/admin/page/crudQuery/dic_item', '字典明细查询'),(525, 152, '/admin/page/crudExport/dic_item', '字典明细导出'),(526, 152, '/admin/common/dicForm/get', '查询数据字典'),(527, 152, '/admin/common/dicForm/saveOrUpdate', '保存数据字典'),(528, 152, '/admin/page/js/dic_item.js', '字典明细页面JS'),(529, 155, '/admin/common/dicItem/delete/*', '字典明细-删除'),(530, 154, '/admin/common/dicItemForm/get', '查询字典明细表单'),(531, 154, '/admin/common/dicItemForm/saveOrUpdate', '保存字典明细表单'),(532, 157, '/admin/common/dic/delete/*', '字典-删除'),(533, 156, '/crud/dic_item', '字典明细页面'),(534, 156, '/admin/page/crudQuery/dic_item', '字典明细查询'),(535, 156, '/admin/page/crudExport/dic_item', '字典明细导出'),(536, 156, '/admin/common/dicForm/get', '查询数据字典'),(537, 156, '/admin/common/dicForm/saveOrUpdate', '保存数据字典'),(538, 156, '/admin/page/js/dic_item.js', '字典明细页面JS'),(539, 158, '/crud/dic_item_read_only', '字典明细-查看页面'),(540, 158, '/admin/page/js/dic_item_read_only.js', '字典明细-查看页面JS'),(541, 158, '/admin/common/dicFormView/get', '查询数据字典查看'),(542, 158, '/admin/common/dicFormView/saveOrUpdate', '保存数据字典查看'),(543, 158, '/admin/page/crudQuery/dic_item_read_only', '字典明细-查看查询'),(544, 158, '/admin/page/crudExport/dic_item_read_only', '字典明细-查看导出'),(545, 25, '/admin/page/js/enterpriseUserPosition.js', '用户岗位页面JS'),(546, 25, '/crud/enterpriseUserPosition', '用户岗位页面'),(547, 25, '/admin/page/crudExport/enterpriseUserPosition', '用户岗位导出'),(548, 25, '/admin/page/crudQuery/enterpriseUserPosition', '用户岗位查询'),(549, 159, '/admin/page/crudExport/optionLog', '操作日志导出'),(550, 159, '/admin/page/crudQuery/optionLog', '操作日志查询'),(551, 159, '/admin/page/js/optionLog.js', '操作日志页面JS'),(552, 159, '/crud/optionLog', '操作日志页面'),(553, 160, '/admin/operationLog/js/*/*.js', '操作日志-日志JS'),(554, 160, '/admin/operationLog/data/*/*', '操作日志-日志数据'),(555, 160, '/admin/operationLog/page/*/*', '操作日志-日志页面'),(556, 179, '/admin/common/test/get', '查询测试'),(557, 179, '/admin/common/test/saveOrUpdate', '保存测试'),(558, 180, '/test', '测试-测试');
UNLOCK TABLES;
COMMIT;
BEGIN;
LOCK TABLES `jqp`.`page` WRITE;
DELETE FROM `jqp`.`page`;
INSERT INTO `jqp`.`page` (`id`,`code`,`query_sql`,`page_type`,`order_by`,`js`,`name`,`label_field`,`value_field`,`width`,`before_api`,`open_page`,`introduce`,`open_row_num`,`per_page`,`extra_json`,`after_query_api`) VALUES (2, 'menu', 'select * from sys_menu', 'tree', 'order by seq asc', '', '菜单管理', 'menuName', 'id', NULL, '', 'YES', '', 'NO', NULL, '', NULL),(3, 'dic', 'select * from dic', 'list', NULL, '', '字典', NULL, NULL, 6, NULL, NULL, NULL, NULL, 10, NULL, NULL),(4, 'dic_item', 'select * from dic_item', 'list', 'order by seq asc', '', '字典明细', NULL, NULL, NULL, NULL, 'NO', NULL, NULL, NULL, NULL, NULL),(7, 'form', 'select * from form ', 'list', NULL, '', '表单管理', NULL, NULL, NULL, NULL, NULL, NULL, NULL, NULL, NULL, NULL),(9, 'dic_item_read_only', 'select * from dic_item', 'list', NULL, '', '字典明细-查看', NULL, NULL, NULL, NULL, NULL, NULL, NULL, NULL, NULL, NULL),(10, 'config', 'select * from config', 'list', NULL, '', '系统配置', NULL, NULL, NULL, NULL, NULL, NULL, NULL, NULL, NULL, NULL),(12, 'user', '-- 查询用户\nselect\n	u.id, -- 主键\n	u.user_code, -- 用户编号\n	u.name, -- 姓名\n	u.mobile, -- 手机号\n	u.create_time, -- 创建时间\n	u.update_time, -- 更新时间\n	u.avatar, -- 头像\n	u.user_type, -- 用户类型\n	u.user_status, -- 用户状态\n	u.other_files -- 附件列表\nfrom user u', 'list', ' order by id desc ', '', '用户列表', 'name', 'id', NULL, NULL, NULL, NULL, NULL, NULL, NULL, NULL),(13, 'serialNumber', '-- 查询序号\nselect\n	id, -- 主键\n	sn.code, -- 编号\n	sn.name, -- 名称\n	sn.prefix, -- 前缀\n	sn.date_format, -- 日期格式\n	sn.cur_date, -- 当前日期\n	sn.cur_serial, -- 当前顺序号\n	sn.serial_lenth -- 顺序号长度\nfrom serial_number sn', 'list', ' order by id desc ', '', '序号列表', NULL, NULL, NULL, NULL, NULL, NULL, NULL, NULL, NULL, NULL),(14, 'enterprise', '-- 查询企业\nselect\n	id, -- 主键\n	e.code, -- 编号\n	e.name, -- 名称\n	e.logo, -- logo\n	e.address -- 地址\nfrom enterprise e', 'list', ' order by id desc ', '', '企业列表', NULL, NULL, NULL, NULL, NULL, NULL, NULL, NULL, NULL, NULL),(15, 'enterpriseManager', '-- 查询企业负责人\nselect\n	em.id, -- 主键\n	em.enterprise_id, -- 企业id\n	em.user_id, -- 人员id\n	u.name -- 人员姓名\nfrom enterprise_manager em\nleft join user u on u.id = em.user_id', 'list', ' order by id desc ', '', '企业负责人列表', NULL, NULL, NULL, NULL, NULL, NULL, NULL, NULL, NULL, NULL),(16, 'position', '-- 查询岗位\nselect\n	id, -- 主键\n	p.code, -- 岗位编号\n	p.name, -- 岗位名称\n	p.position_type, -- 岗位类型\n	p.enterprise_id -- 企业id\nfrom position p\nwhere (\n	-- 自定义岗位或者固定岗位\n	(p.enterprise_id = ${enterpriseId} and p.position_type = 2) \n	or p.position_type = 1\n)', 'list', ' order by id desc ', '', '岗位列表', 'name', 'id', NULL, NULL, NULL, NULL, NULL, NULL, NULL, NULL),(17, 'positionFixed', '-- 查询岗位\nselect\n	id, -- 主键\n	p.code, -- 岗位编号\n	p.name, -- 岗位名称\n	p.position_type, -- 岗位类型\n	p.enterprise_id -- 企业id\nfrom position p\nwhere (\n	-- 固定岗位\n	p.position_type = 1\n)', 'list', 'order by id desc', '', '固定岗位', NULL, NULL, NULL, NULL, NULL, NULL, NULL, NULL, NULL, NULL),(18, 'enterpriseMenu', 'select * from sys_menu\r\nwhere id in (\r\n    $service.findAllParent(\'select menu_id from enterprise_menu where enterprise_id = $enterpriseId\',\'sys_menu\')\r\n)', 'tree', 'order by seq asc', '', '企业菜单', 'menuName', 'id', NULL, NULL, NULL, NULL, NULL, NULL, NULL, NULL),(19, 'enterpriseUser', '-- 查询用户\nselect\n	eu.id, -- 主键\n	eu.user_id ,-- 用户id\n	u.user_code, -- 用户编号\n	u.name, -- 姓名\n	dept.name dept_name, -- 部门名称\n	dept.id dept_id, -- 部门id\n	u.mobile, -- 手机号\n	u.create_time, -- 创建时间\n	u.update_time, -- 更新时间\n	u.user_type, -- 用户类型\n	u.user_status-- 用户状态\nfrom enterprise_user eu\nleft join user u on eu.user_id = u.id\nleft join dept on dept.id = eu.dept_id\nwhere eu.enterprise_id = $enterpriseId', 'list', ' order by id desc ', '', '企业用户', 'name', 'id', 6, NULL, NULL, NULL, NULL, NULL, NULL, NULL),(20, 'dept', '-- 查询部门\nselect\n	id, -- 主键\n	d.code, -- 部门编号\n	d.name, -- 部门名称\n	d.parent_id, -- 父部门id\n	d.dept_type -- 部门类型\nfrom dept d\nwhere d.enterprise_id = $enterpriseId', 'tree', 'order by code asc', '', '部门列表', 'name', 'id', NULL, NULL, 'NO', NULL, NULL, NULL, NULL, NULL),(21, 'enterpriseUserPosition', '-- 查询企业用户岗位\nselect\n	eup.id, -- 主键\n	eup.enterprise_user_id, -- 企业用户id\n	p.name, -- 岗位名称\n	p.code -- 岗位编号\nfrom enterprise_user_position eup\nleft join position p on p.id = eup.position_id', 'list', ' order by id desc ', '', '用户岗位', NULL, NULL, NULL, NULL, 'NO', NULL, NULL, NULL, NULL, NULL),(22, 'otherEnterpriseUser', '-- 查询用户\nselect\n	u.id, -- 主键\n	u.user_code, -- 用户编号\n	u.name, -- 姓名\n	u.mobile, -- 手机号\n	u.create_time, -- 创建时间\n	u.update_time, -- 更新时间\n	u.avatar, -- 头像\n	u.user_status, -- 用户状态\n	u.other_files -- 附件列表\nfrom user u\nwhere u.user_type = \'common\' \nand not exists (\n	select id from enterprise_user eu where eu.user_id = u.id and eu.enterprise_id = $enterpriseId\n)', 'list', ' order by id desc ', '', '其他企业用户', 'name', 'id', NULL, NULL, NULL, NULL, NULL, NULL, NULL, NULL),(23, 'currentUserMenu', 'select m.* from sys_menu m\r\nleft join user u on u.id = $userId\r\nleft join enterprise_manager emu on emu.user_id = $userId and emu.enterprise_id = $enterpriseId \r\nwhere \r\n-- 后台菜单\r\nm.menu_type = 1 \r\n-- 不是按钮\r\nand m.whether_button = \'NO\'\r\nand\r\n(\r\n	(\r\n		(\r\n			u.user_type = \'admin\'\r\n			or emu.id is not null\r\n		)\r\n		and m.id in (\r\n            $service.findAllParent(\'\r\n			    select menu_id from enterprise_menu em where em.enterprise_id = $enterpriseId\r\n            \'\r\n            ,\'sys_menu\'\r\n            )\r\n		)\r\n	) or \r\n	(\r\n		u.user_type = \'common\'\r\n		and emu.id is null \r\n		and m.id in(\r\n            $service.findAllParent(\'\r\n			    select menu_id from position_menu \r\n                where enterprise_id = $enterpriseId  \r\n                and position_id in(\r\n                    select position_id from enterprise_user_position \r\n                    where enterprise_user_id in (\r\n                        select id from enterprise_user where enterprise_id = $enterpriseId  and user_id = $userId \r\n                    )\r\n                )\r\n            \'\r\n            ,\'sys_menu\'\r\n            )\r\n		)\r\n	)\r\n)\r\n', 'tree', 'order by seq asc', '', '当前用户菜单', 'menuName', 'id', NULL, NULL, NULL, NULL, NULL, NULL, NULL, NULL),(24, 'currentUserButton', 'select distinct m.menu_code from sys_menu m\r\nleft join user u on u.id = $userId\r\nleft join enterprise_manager emu on emu.user_id = $userId and emu.enterprise_id = $enterpriseId \r\nwhere \r\n-- 后台菜单\r\nm.menu_type = 1 \r\n-- 不是按钮\r\nand m.whether_button = \'YES\'\r\nand\r\n(\r\n	(\r\n		(\r\n			u.user_type = \'admin\'\r\n			or emu.id is not null\r\n		)\r\n		and m.id in (\r\n            $service.findAllParent(\'\r\n			    select menu_id from enterprise_menu em where em.enterprise_id = $enterpriseId\r\n            \'\r\n            ,\'sys_menu\'\r\n            )\r\n		)\r\n	) or \r\n	(\r\n		u.user_type = \'common\'\r\n		and emu.id is null \r\n		and m.id in(\r\n            $service.findAllParent(\'\r\n			    select menu_id from position_menu \r\n                where enterprise_id = $enterpriseId  \r\n                and position_id in(\r\n                    select position_id from enterprise_user_position \r\n                    where enterprise_user_id in (\r\n                        select id from enterprise_user where enterprise_id = $enterpriseId  and user_id = $userId \r\n                    )\r\n                )\r\n            \'\r\n            ,\'sys_menu\'\r\n            )\r\n		)\r\n	)\r\n)\r\n', 'list', '', '', '当前用户按钮', '', '', NULL, NULL, NULL, NULL, NULL, NULL, NULL, NULL),(25, 'deptManager', '-- 查询用户\nselect\n	dm.id, -- 主键\n	dm.dept_id, -- 部门id\n	u.user_code, -- 用户编号\n	u.name, -- 姓名\n	dept.name dept_name, -- 部门名称\n	u.mobile, -- 手机号\n	u.create_time, -- 创建时间\n	u.update_time, -- 更新时间\n	u.avatar, -- 头像\n	u.user_type, -- 用户类型\n	u.user_status, -- 用户状态\n	u.other_files -- 附件列表\nfrom dept_manager dm \nleft join enterprise_user eu on eu.id = dm.enterprise_user_id\nleft join user u on eu.user_id = u.id\nleft join dept on dept.id = eu.dept_id', 'list', ' order by id desc ', '', '部门负责人', '', '', NULL, NULL, 'NO', NULL, NULL, NULL, NULL, NULL),(26, 'permission', '-- 查询权限\nselect\n	id, -- 主键\n	p.code, -- 权限编码\n	p.name, -- 权限名称\n	p.permission_type, -- 权限类型\n	p.permission_value, -- 配置值\n	p.component_type, -- 组件类型\n	p.muiti, -- 是否多选\n	p.remark -- 备注\nfrom permission p', 'list', ' order by id desc ', '', '权限列表', NULL, NULL, NULL, NULL, NULL, NULL, NULL, NULL, NULL, NULL),(27, 'positionPermission', '-- 查询权限\nselect\n	id, -- 主键\n	p.code, -- 权限编码\n	p.name, -- 权限名称\n	p.permission_type, -- 权限类型\n	p.permission_value, -- 配置值\n	p.component_type, -- 组件类型\n	p.muiti, -- 是否多选\n	p.remark -- 备注\nfrom permission p', 'list', ' order by id desc ', '', '岗位数据权限', NULL, NULL, NULL, NULL, NULL, NULL, NULL, NULL, NULL, NULL),(28, 'deptPermission', '-- 查询权限\nselect\n	id, -- 主键\n	p.code, -- 权限编码\n	p.name, -- 权限名称\n	p.permission_type, -- 权限类型\n	p.permission_value, -- 配置值\n	p.component_type, -- 组件类型\n	p.muiti, -- 是否多选\n	p.remark -- 备注\nfrom permission p', 'list', ' order by id desc ', '', '部门数据权限', NULL, NULL, NULL, NULL, NULL, NULL, NULL, NULL, NULL, NULL),(29, 'customerSource', '-- 查询客户来源\nselect\n	id, -- 主键\n	cs.code, -- 来源编码\n	cs.name, -- 来源名称\n	cs.parent_id -- 父id\nfrom customer_source cs', 'tree', 'order by code asc', '', '客户来源列表', 'name', 'id', NULL, '', NULL, NULL, NULL, NULL, NULL, NULL),(30, 'customer', '-- 查询客户\nselect\n	c.id, -- 主键\n	c.enterprise_id, -- 企业id\n	u.name user_name, -- 创建人\n	d.name dept_name, -- 所属部门\n	c.customer_source_id, -- 客户来源id\n	c.name, -- 客户姓名\n	c.mobile, -- 手机号\n	c.decoration_type, -- 装修类型\n	c.address, -- 客户地址\n	c.area, -- 面积\n	c.customer_status -- 客户状态\nfrom customer c\nleft join user u on u.id = c.user_id\nleft join dept d on d.id = c.dept_id\nwhere c.enterprise_id = $enterpriseId\n$service.permission(\'selfOrAll\',\'c.user_id\')\n$service.permission(\'dept\',\'c.dept_id\')\n$service.permission(\'decorationType\',\'c.decoration_type\')', 'list', ' order by id desc ', '', '客户列表', NULL, NULL, NULL, NULL, NULL, NULL, NULL, NULL, NULL, NULL),(33, 'customerRecord', '-- 查询客户审核记录\nselect\n	cr.id, -- 主键\n	cr.customer_id, -- 客户id\n	cr.customer_status, -- 客户状态\n	cr.create_time, -- 审核时间\n	u.name audit_user, -- 审核人\n	cr.audit_result, -- 审核结果\n	cr.audit_remark, -- 备注\n	cr.audit_imgs, -- 图片\n	cr.audit_files -- 附件\nfrom customer_record cr\nleft join user u on u.id = cr.audit_user_id', 'list', 'order by create_time desc', '', '客户审核记录', NULL, NULL, NULL, NULL, NULL, NULL, NULL, NULL, NULL, NULL),(34, 'timerTask', '-- 查询定时任务\nselect\n	id, -- 主键\n	tt.name, -- 任务名称\n	tt.api, -- 接口\n	tt.scheduling_pattern, -- 执行频率\n	tt.data_status, -- 状态\n	tt.params -- 参数\nfrom timer_task tt', 'list', ' order by id desc ', '', '定时任务列表', NULL, NULL, NULL, NULL, NULL, NULL, NULL, NULL, NULL, NULL),(35, 'timerTaskRecord', 'select * from timer_task_record', 'list', 'order by id desc', '', '定时任务记录', NULL, NULL, NULL, NULL, NULL, NULL, NULL, NULL, NULL, NULL),(36, 'dynamicTask', '-- 查询动态任务\nselect\n	id, -- 主键\n	dt.name, -- 任务名称\n	dt.ref_id, -- 关联id\n	dt.params, -- 参数\n	dt.timer_task_status, -- 任务状态\n	dt.msg, -- 提示信息\n	dt.plan_time, -- 计划执行时间\n	dt.start_time, -- 开始时间\n	dt.end_time, -- 结束时间\n	dt.api, -- 接口\n	dt.create_time -- 创建时间\nfrom dynamic_task dt', 'list', 'order by create_time desc', '', '动态任务列表', NULL, NULL, NULL, NULL, NULL, NULL, NULL, NULL, NULL, NULL),(38, 'menuUrl', '-- 查询菜单url\nselect\n	id, -- 主键\n	mu.menu_id, -- 菜单id\n	mu.name, -- 名称\n	mu.url -- url\nfrom menu_url mu', 'list', ' order by id desc ', '', '菜单url列表', NULL, NULL, NULL, NULL, NULL, NULL, NULL, NULL, NULL, NULL),(39, 'menuUrlAll', '-- 查询菜单url\nselect\n	mu.id, -- 主键\n	mu.menu_id, -- 菜单id\n	m.menu_name, -- 菜单名称\n	mu.name, -- 名称\n	mu.url -- url\nfrom menu_url mu\nleft join sys_menu m on m.id = mu.menu_id', 'list', ' order by id desc ', '', '全部url', NULL, NULL, NULL, NULL, NULL, NULL, NULL, NULL, NULL, NULL),(40, 'currentUserUrl', 'select distinct url from  menu_url\r\n\r\nwhere \r\nmenu_id is null  \r\nor menu_id in (\r\n	select distinct m.id from sys_menu m\r\n	left join user u on u.id = $userId\r\n	left join enterprise_manager emu on emu.user_id = $userId and emu.enterprise_id = $enterpriseId \r\n	where \r\n	-- 后台菜单\r\n	m.menu_type = 1 \r\n	and\r\n	(\r\n		(\r\n			(\r\n				u.user_type = \'admin\'\r\n				or emu.id is not null\r\n			)\r\n			and m.id in (\r\n				$service.findAllParent(\'\r\n					select menu_id from enterprise_menu em where em.enterprise_id = $enterpriseId\r\n				\'\r\n				,\'sys_menu\'\r\n				)\r\n			)\r\n		) or \r\n		(\r\n			u.user_type = \'common\'\r\n			and emu.id is null \r\n			and m.id in(\r\n				$service.findAllParent(\'\r\n					select menu_id from position_menu \r\n					where enterprise_id = $enterpriseId  \r\n					and position_id in(\r\n						select position_id from enterprise_user_position \r\n						where enterprise_user_id in (\r\n							select id from enterprise_user where enterprise_id = $enterpriseId  and user_id = $userId \r\n						)\r\n					)\r\n				\'\r\n				,\'sys_menu\'\r\n				)\r\n			)\r\n		)\r\n	)\r\n)\r\n', 'list', '', '', '当前用户url', '', '', NULL, NULL, NULL, NULL, NULL, NULL, NULL, NULL),(41, 'logTable', '-- 查询记录日志的表\nselect\n	id, -- 主键\n	lt.table_name, -- 表名\n	lt.table_comment, -- 注释\n	lt.open_cache, -- 是否开启缓存\n	lt.save_log, -- 保存日志\n	lt.cache_key_fields -- 缓存字段列表\nfrom log_table lt', 'list', ' order by id desc ', '', '记录日志的表列表', NULL, NULL, NULL, NULL, NULL, NULL, NULL, NULL, NULL, NULL),(42, 'userPermission', '-- 查询权限\nselect\n	id, -- 主键\n	p.code, -- 权限编码\n	p.name, -- 权限名称\n	p.permission_type, -- 权限类型\n	p.permission_value, -- 配置值\n	p.component_type, -- 组件类型\n	p.muiti, -- 是否多选\n	p.remark -- 备注\nfrom permission p', 'list', ' order by id desc ', '', '用户数据权限', NULL, NULL, NULL, NULL, NULL, NULL, NULL, NULL, NULL, NULL),(43, 'optionLog', 'select l.ref_id id,l.create_time,t.TABLE_COMMENT,l.table_name,l.remark,\r\ncase \r\n	when l.option_type = \'新建\'\r\n		then l.after_value\r\n	when l.option_type = \'删除\'\r\n		then l.before_value\r\n	else \'\' \r\nend detail\r\n from global_log l \r\nleft join information_schema.`TABLES` t on UPPER(t.TABLE_NAME) = UPPER(l.table_name) and t.TABLE_SCHEMA = \'jqp\'\r\n\r\n', 'list', 'order by create_time desc', '', '操作日志', NULL, NULL, NULL, NULL, NULL, NULL, NULL, NULL, NULL, NULL),(44, 'activity', 'SELECT\r\n	m.ID_ id,\r\n	m.DEPLOYMENT_ID_ `deployment_id`,\r\n	d.VERSION_ version,\r\n	d.ID_ process_definition_id,\r\n	m.NAME_ `name`,\r\n	m.KEY_ `key`,\r\n	m.CREATE_TIME_ create_time,\r\n	m.LAST_UPDATE_TIME_ update_time \r\nFROM\r\n	act_re_model m\r\nleft join act_re_procdef d on d.DEPLOYMENT_ID_ = m.DEPLOYMENT_ID_', 'list', NULL, '', '流程设计', NULL, NULL, NULL, NULL, NULL, NULL, NULL, NULL, NULL, NULL),(45, 'deployment', 'SELECT\r\n	d.id_ id,\r\n	m.ID_ deployment_id,\r\n	d.name_ name,\r\n	d.key_ `key`,\r\n	d.VERSION_ version,\r\n	d.DESCRIPTION_ description ,\r\n	m.DEPLOY_TIME_ deploy_time\r\nFROM\r\n	act_re_procdef d\r\nleft join	act_re_deployment m on m.ID_ = d.DEPLOYMENT_ID_', 'list', 'order by deploy_time desc', '', '部署管理', NULL, NULL, NULL, NULL, NULL, NULL, NULL, NULL, NULL, NULL),(46, 'processInstance', 'SELECT\r\n	i.ID_ id,\r\n	i.NAME_ name,\r\n	i.START_TIME_ start_time,\r\n	i.END_TIME_ end_time,\r\n	i.BUSINESS_KEY_ business_key,\r\n	def.NAME_ def_name,\r\n	def.KEY_ `key`,\r\n	def.ID_ def_id,\r\n	def.VERSION_ `version`\r\nFROM\r\n	`act_hi_procinst` i\r\nleft join act_re_procdef def on i.PROC_DEF_ID_ = def.ID_', 'list', 'order by start_time desc', '', '流程实例', NULL, NULL, NULL, NULL, NULL, NULL, NULL, NULL, NULL, NULL),(47, 'activityTask', 'SELECT\r\n	t.ID_ id,\r\n	t.NAME_ name,\r\n	t.START_TIME_ task_start_time,\r\n	t.END_TIME_ task_end_time,\r\n	i.ID_ instance_id,\r\n	i.NAME_ instance_name,\r\n	i.START_TIME_ start_time,\r\n	i.END_TIME_ end_time,\r\n	i.BUSINESS_KEY_ business_key,\r\n	tu.users,\r\n	u.`name` exec_user,\r\n	def.NAME_ def_name,\r\n	def.KEY_ `key`,\r\n	def.ID_ def_id,\r\n	def.VERSION_ `version`\r\nFROM\r\n act_hi_taskinst t \r\nleft join	`act_hi_procinst` i on t.PROC_INST_ID_ = i.ID_\r\nleft join act_re_procdef def on i.PROC_DEF_ID_ = def.ID_\r\nleft join user u on u.id = t.OWNER_\r\nleft join (\r\n	select m.task_id,GROUP_CONCAT(m.name order by m.user_id asc) users from (\r\n\r\n		select distinct s.*,u.`name` from (\r\n\r\n			-- 直接分派人\r\n			select \r\n				t.ID_ task_id,\r\n				t.ASSIGNEE_ user_id \r\n			from act_hi_taskinst t \r\n			where t.ASSIGNEE_ is not null\r\n\r\n			union all\r\n\r\n			-- 候选人\r\n			SELECT \r\n				ahi.TASK_ID_,ahi.USER_ID_ \r\n			FROM `act_hi_identitylink` ahi \r\n			where ahi.TASK_ID_ \r\n			and ahi.USER_ID_ is not null\r\n\r\n			union all\r\n\r\n			-- 候选岗位查出的候选人\r\n			SELECT \r\n				ahi.TASK_ID_,eu.user_id\r\n			FROM `act_hi_identitylink` ahi \r\n			left join position p on p.`code` = ahi.GROUP_ID_\r\n			left join enterprise_user_position eup on eup.position_id = p.id \r\n			left join enterprise_user eu on eu.id = eup.enterprise_user_id and eu.enterprise_id = $enterpriseId\r\n			where ahi.TASK_ID_ \r\n			and ahi.GROUP_ID_ is not null\r\n\r\n		) s \r\n		left join user u on u.id = s.user_id\r\n		where u.id is not null\r\n	) m \r\n	group by m.task_id \r\n) tu on tu.task_id = t.ID_\r\n', 'list', 'order by task_start_time desc', '', '流程任务', NULL, NULL, NULL, NULL, NULL, NULL, NULL, NULL, NULL, NULL),(48, 'testOrder', '-- 查询测试订单\nselect\n	to_.id, -- 主键\n	to_.order_code, -- 订单号\n	to_.customer_manager_id, -- 客户经理id\n	cm.name customer_manager_name, -- 客户经理\n	to_.designer_id, -- 设计师id\n	d.name designer_name , -- 设计师\n	to_.test_order_status, -- 订单状态\n	to_.create_time, -- 创建时间\n	to_.amount -- 订单金额\nfrom test_order to_\nleft join user cm on cm.id = to_.customer_manager_id\nleft join user d on d.id = to_.designer_id', 'list', ' order by id desc ', '', '测试订单列表', NULL, NULL, NULL, NULL, NULL, NULL, NULL, NULL, NULL, NULL),(49, 'enterpriseUserSelector', '-- 查询用户\nselect\n	u.id, -- 主键\n	u.user_code, -- 用户编号\n	u.name, -- 姓名\n	dept.name dept_name, -- 部门名称\n	u.mobile -- 手机号\nfrom enterprise_user eu\nleft join user u on eu.user_id = u.id\nleft join dept on dept.id = eu.dept_id\nwhere eu.enterprise_id = $enterpriseId', 'list', 'order by id desc', '', '企业用户选择器', 'name', 'id', NULL, NULL, NULL, NULL, NULL, NULL, NULL, NULL),(50, 'article', '-- 查询文章\nselect\n	a.id, -- 主键\n	a.title, -- 标题\n	a.content, -- 内容\n	a.update_time -- 更新日期\nfrom article a', 'list', ' order by id desc ', '', '文章列表', NULL, NULL, NULL, NULL, NULL, NULL, NULL, NULL, NULL, NULL),(52, 'chart', '-- 查询图表\nselect\n	c.id, -- 主键\n	c.name, -- 名称\n	c.code, -- 编号\n	c.config, -- 配置\n	c.querySql -- 查询sql\nfrom chart c', 'list', ' order by id desc ', '', '图表列表', NULL, NULL, NULL, NULL, NULL, NULL, NULL, NULL, NULL, NULL),(53, 'chartTestData1', '-- 查询图表测试数据1\nselect\n	ctd.id, -- 主键\n	ctd.name, -- 姓名\n	ctd.year, -- 年份\n	ctd.salary -- 工资\nfrom chart_test_data1 ctd', 'list', ' order by id desc ', '', '图表测试数据1列表', NULL, NULL, NULL, NULL, NULL, NULL, NULL, NULL, NULL, NULL),(54, 'myActivityTask', 'SELECT\r\n	t.ID_ id,\r\n	t.NAME_ name,\r\n	t.START_TIME_ task_start_time,\r\n	t.END_TIME_ task_end_time,\r\n	i.ID_ instance_id,\r\n	i.NAME_ instance_name,\r\n	i.START_TIME_ start_time,\r\n	i.END_TIME_ end_time,\r\n	i.BUSINESS_KEY_ business_key,\r\n	def.NAME_ def_name,\r\n	def.KEY_ `key`,\r\n	def.ID_ def_id,\r\n	def.VERSION_ `version`\r\nFROM\r\n act_hi_taskinst t \r\nleft join	`act_hi_procinst` i on t.PROC_INST_ID_ = i.ID_\r\nleft join act_re_procdef def on i.PROC_DEF_ID_ = def.ID_\r\nleft join (\r\n	select m.task_id,GROUP_CONCAT(m.name order by m.user_id asc) users from (\r\n\r\n		select distinct s.*,u.`name` from (\r\n\r\n			-- 直接分派人\r\n			select \r\n				t.ID_ task_id,\r\n				t.ASSIGNEE_ user_id \r\n			from act_hi_taskinst t \r\n			where t.ASSIGNEE_ is not null\r\n\r\n			union all\r\n\r\n			-- 候选人\r\n			SELECT \r\n				ahi.TASK_ID_,ahi.USER_ID_ \r\n			FROM `act_hi_identitylink` ahi \r\n			where ahi.TASK_ID_ \r\n			and ahi.USER_ID_ is not null\r\n\r\n			union all\r\n\r\n			-- 候选岗位查出的候选人\r\n			SELECT \r\n				ahi.TASK_ID_,eu.user_id\r\n			FROM `act_hi_identitylink` ahi \r\n			left join position p on p.`code` = ahi.GROUP_ID_\r\n			left join enterprise_user_position eup on eup.position_id = p.id \r\n			left join enterprise_user eu on eu.id = eup.enterprise_user_id and eu.enterprise_id = $enterpriseId\r\n			where ahi.TASK_ID_ \r\n			and ahi.GROUP_ID_ is not null\r\n\r\n		) s \r\n		left join user u on u.id = s.user_id\r\n		where u.id is not null\r\n		and u.id = $userId\r\n	) m \r\n	group by m.task_id \r\n) tu on tu.task_id = t.ID_\r\nwhere tu.users is not null\r\n', 'list', 'order by task_start_time desc', '', '我的任务', NULL, NULL, NULL, NULL, NULL, NULL, NULL, NULL, NULL, NULL),(55, 'dataListener', '-- 查询数据监听\nselect\n	dl.id, -- 主键\n	dl.table_name, -- 表名称\n	dl.event_type, -- 事件类型\n	dl.column_name, -- 字段名称\n	dl.after_api, -- magic接口\n	dl.java_bean, -- java接口\n	dl.seq -- 序号\nfrom data_listener dl', 'list', 'order by id desc', '', '数据监听列表', NULL, NULL, NULL, NULL, NULL, NULL, NULL, NULL, NULL, NULL),(56, 'customPage', '-- 查询自定义页面\nselect\n	cp.id, -- 主键\n	cp.code, -- 编号\n	cp.name, -- 名称\n	concat(\'/admin/custom/page/\',cp.code) path, -- 路径\n	cp.content -- 内容\nfrom custom_page cp', 'list', ' order by id desc ', '', '自定义页面列表', NULL, NULL, NULL, NULL, NULL, NULL, NULL, NULL, NULL, NULL),(57, 'dataImportTemplate', '-- 查询数据导入配置\nselect\n	dit.id, -- 主键\n	dit.table_name, -- 表\n	dit.code, -- 模板编号\n	dit.name, -- 模板名称\n	dit.repeat_fields, -- 判重字段列表\n	dit.repeat_strategy -- 判重处理策略\nfrom data_import_template dit', 'list', ' order by id desc ', '', '数据导入配置列表', NULL, NULL, NULL, NULL, NULL, NULL, NULL, NULL, NULL, NULL),(58, 'dataImportTask', '-- 查询数据导入任务\nselect\n	dit.id, -- 主键\n	dit.user_id, -- 用户id\n	dit.enterprise_id, -- 企业id\n	dit.create_time, -- 创建时间\n	dit.plan_time, -- 计划时间\n	dit.start_time, -- 开始时间\n	dit.end_time, -- 结束时间\n	dit.data_import_task_status, -- 任务状态\n	dit.src_file, -- 源文件\n	dit.error_file, -- 错误文件\n	dit.error_msg, -- 错误提示\n	dit.template_code -- 模板编号\nfrom data_import_task dit', 'list', ' order by id desc ', '', '数据导入任务列表', NULL, NULL, NULL, NULL, NULL, NULL, NULL, NULL, NULL, NULL),(59, 'testDataImport', '-- 查询测试数据导入\nselect\n	tdi.id, -- 主键\n	tdi.user_id, -- 用户id\n	tdi.enterprise_id, -- 企业id\n	tdi.birthday, -- 生日\n	tdi.age, -- 年龄\n	tdi.gender -- 性别\nfrom test_data_import tdi', 'list', ' order by id desc ', '', '测试数据导入列表', NULL, NULL, NULL, NULL, NULL, NULL, NULL, NULL, NULL, NULL),(60, 'sqlInfo', '-- 查询sql语句\nselect\n	si.id, -- 主键\n	si.code, -- 编号\n	si.name, -- 名称\n	si.sql_info, -- sql语句\n	si.sql_type, -- sql类型\n	si.ref_sql_codes -- 关联sql\nfrom sql_info si', 'list', ' order by id desc ', '', 'sql语句列表', 'name', 'code', NULL, NULL, NULL, NULL, NULL, NULL, NULL, NULL),(61, 'sqlApi', '-- 查询sql接口\nselect\n	sa.id, -- 主键\n	sa.name, -- 名称\n	sa.code, -- 编号\n	sa.sql_api_prefix, -- 前缀\n	sa.sql_api_type -- 类型\nfrom sql_api sa', 'list', ' order by id desc ', '', 'sql接口列表', NULL, NULL, NULL, NULL, NULL, NULL, NULL, NULL, NULL, NULL),(63, 'icon', '-- 查询图标\nselect\n	i.id, -- 主键\n	concat(\'fa fa-\',i.icon)  icon, -- 图标\n	i.name, -- 名称\n	\' \' label,\n	i.whether_common -- 常见图标\nfrom icon i', 'list', '', '', '图标列表', NULL, NULL, NULL, NULL, 'YES', '<p>amis图标使用的是fontawesome,<a target=\'_blank\'  href=\'https://fontawesome.com/\'>官网</a>,<a target=\'_blank\' href=\'https://fontawesome.com/search?o=r&c=editing&s=duotone\'>搜索图标</a></p>', NULL, 50, NULL, NULL),(64, 'template', '-- 查询模板\nselect\n	t.id, -- 主键\n	t.code, -- 编号\n	t.name, -- 名称\n	t.seq, -- 序号\n	t.template_type, -- 序号\n	t.parent_id -- 父id\nfrom template t', 'tree', ' order by seq asc', '', '模板列表', 'name', 'id', 4, NULL, NULL, NULL, NULL, NULL, NULL, NULL),(66, 'flow', '-- 查询流程\nselect\n	f.id, -- 主键\n	f.code, -- 编号\n	f.name, -- 名称\n	f.last_version, -- 最新版本\n	f.table_name, -- 表名称\n	f.status_field, -- 状态字段\n	f.status_dic, -- 状态字典\n	f.view_form, -- 查看表单\n	f.before_api, -- 前置接口\n	f.after_api -- 后置接口\nfrom flow f', 'list', ' order by id desc ', '', '流程列表', NULL, NULL, NULL, NULL, 'YES', NULL, 'YES', NULL, NULL, NULL),(67, 'flowDeploy', '-- 查询流程部署\nselect\n	fd.id, -- 主键\n	fd.code, -- 编号\n	fd.name, -- 名称\n	fd.version, -- 当前版本\n	fd.table_name, -- 表名称\n	fd.status_field, -- 状态字段\n	fd.status_dic, -- 状态字典\n	fd.view_form, -- 查看表单\n	fd.before_api, -- 前置接口\n	fd.after_api -- 后置接口\nfrom flow_deploy fd', 'list', ' order by id desc ', '', '流程部署列表', NULL, NULL, NULL, NULL, 'YES', NULL, 'YES', NULL, NULL, NULL),(68, 'flowInstance', '-- 查询流程实例\nselect\n	fi.id, -- 主键\n	fi.flow_deploy_id, -- 流程部署id\n	fi.flow_id, -- 流程id\n	fi.ref_id, -- 关联id\n	fi.name, -- 流程实例名称\n	fi.start_time, -- 开始时间\n	fi.end_time, -- 结束时间\n	fi.current_task_id, -- 当前任务id\n	fi.current_task_name, -- 当前任务名称\n	fi.flow_code, -- 流程编码\n	fi.flow_name, -- 流程名称\n	fd.version, -- 流程版本\n	fi.create_user_id, -- 发起人id\n	fi.create_user_name, -- 发起人姓名\n	fi.enterprise_id, -- 企业id\n	fi.view_form -- 查看表单\nfrom flow_instance fi\nleft join flow_deploy fd on fd.id = fi.flow_deploy_id', 'list', 'order by start_time desc', '', '流程实例', NULL, NULL, NULL, NULL, NULL, NULL, NULL, NULL, NULL, NULL),(69, 'flowInstanceTask', '-- 查询流程实例任务\nselect\n	fit.id, -- 主键\n	fit.flow_instance_id, -- 流程实例id\n	fit.task_name, -- 任务名称\n	fit.task_id, -- 任务id\n	fit.start_time, -- 开始时间\n	fit.end_time, -- 结束时间\n	fit.edge_id, -- 流转id\n	fit.edge_name, -- 流转名称\n	fit.candidate_user_ids, -- 候选人列表\n	fit.candidate_position_codes, -- 候选岗位列表\n	fit.audit_user_id, -- 审核人id\n	fit.audit_user_name, -- 审核人姓名\n	fit.order_status, -- 单据状态\n	fit.order_status_name, -- 单据状态名称\n	fit.order_status_dic, -- 状态字典\n	fit.table_name, -- 表名\n	fit.ref_id, -- 关联id\n	fit.flow_code, -- 流程编码\n	fit.flow_name, -- 流程名称\n	fit.flow_instance_name, -- 流程实例名称\n	fit.audit_remark, -- 审核备注\n	fit.audit_files, -- 审核附件\n	fit.audit_imgs, -- 审核图片\n	fit.enterprise_id, -- 企业id\n	fit.view_form, -- 查看表单\n	fit.pass, -- 是否通过\n	fit.create_user_id, -- 创建人id\n	fit.create_user_name -- 创建人姓名\nfrom flow_instance_task fit', 'list', 'order by start_time desc ,id desc', '', '流程任务', NULL, NULL, NULL, NULL, 'YES', NULL, NULL, NULL, NULL, NULL);
UNLOCK TABLES;
COMMIT;
BEGIN;
LOCK TABLES `jqp`.`page_button` WRITE;
DELETE FROM `jqp`.`page_button`;
INSERT INTO `jqp`.`page_button` (`id`,`page_id`,`label`,`button_location`,`option_type`,`option_value`,`level`,`confirm_text`,`seq`,`js_rule`,`code`,`add_to_more`,`icon`,`whether_confirm`,`before_pop_api`,`extra_json`) VALUES (155, 13, '新增', 'top', 'form', 'serialNumber', 'primary', NULL, 1, NULL, '020401', NULL, 'fa fa-plus', NULL, NULL, NULL),(156, 13, '编辑', 'row', 'form', 'serialNumber', 'primary', NULL, 2, NULL, '020402', NULL, 'fa fa-pen-to-square', NULL, NULL, NULL),(157, 13, '删除', 'row', 'ajax', 'post:/admin/common/serialNumber/delete/${id}', 'danger', '确定删除序号${name}吗?', 3, NULL, '020403', NULL, 'fa fa-trash-can', NULL, NULL, NULL),(208, 15, '新增', 'top', 'form', 'enterpriseManager', 'primary', NULL, 1, 'enterpriseId==-1||enterpriseId==\'\'', '030202', NULL, 'fa fa-plus', NULL, NULL, NULL),(209, 15, '删除', 'row', 'ajax', 'post:/admin/common/enterpriseManager/delete/${id}', 'danger', '确定删除企业负责人${name}吗?', 2, NULL, '030203', NULL, 'fa fa-trash-can', NULL, NULL, NULL),(210, 14, '新增', 'top', 'form', 'enterprise', 'primary', NULL, 1, NULL, '030201', NULL, 'fa fa-plus', NULL, NULL, NULL),(211, 14, '编辑', 'row', 'form', 'enterprise', 'primary', NULL, 2, NULL, '030204', NULL, 'fa fa-pen-to-square', NULL, NULL, NULL),(212, 14, '企业菜单', 'row', 'form', 'enterpriseMenu', 'primary', NULL, 3, NULL, '030205', NULL, NULL, NULL, NULL, NULL),(213, 14, '删除', 'row', 'ajax', 'post:/admin/common/enterprise/delete/${id}', 'danger', '确定删除企业${name}吗?', 4, NULL, '030206', NULL, 'fa fa-trash-can', NULL, NULL, NULL),(226, 17, '新增', 'top', 'form', 'positionFixed', 'primary', NULL, 1, NULL, '030401', NULL, 'fa fa-plus', NULL, NULL, NULL),(227, 17, '编辑', 'row', 'form', 'positionFixed', 'primary', NULL, 2, NULL, '030402', NULL, 'fa fa-pen-to-square', NULL, NULL, NULL),(228, 17, '删除', 'row', 'ajax', 'post:/admin/common/position/delete/${id}', 'danger', '确定删除岗位${name}吗?', 3, NULL, '030403', NULL, 'fa fa-trash-can', NULL, NULL, NULL),(316, 26, '新增', 'top', 'form', 'permission', 'primary', NULL, 1, NULL, '020501', NULL, 'fa fa-plus', NULL, NULL, NULL),(317, 26, '编辑', 'row', 'form', 'permission', 'primary', NULL, 2, NULL, '020502', NULL, 'fa fa-pen-to-square', NULL, NULL, NULL),(318, 26, '删除', 'row', 'ajax', 'post:/admin/common/permission/delete/${id}', 'danger', '确定删除权限${name}吗?', 3, NULL, '020503', NULL, 'fa fa-trash-can', NULL, NULL, NULL),(324, 16, '新增', 'top', 'form', 'position', 'primary', NULL, 1, NULL, '030301', NULL, 'fa fa-plus', NULL, NULL, NULL),(325, 16, '编辑', 'row', 'form', 'position', 'primary', NULL, 2, 'positionType==1', '030302', NULL, 'fa fa-pen-to-square', NULL, NULL, NULL),(326, 16, '删除', 'row', 'ajax', 'post:/admin/common/position/delete/${id}', 'danger', '确定删除岗位${name}吗?', 3, 'positionType==1', '030303', NULL, 'fa fa-trash-can', NULL, NULL, NULL),(327, 16, '岗位菜单', 'row', 'form', 'positionMenu', 'primary', NULL, 4, NULL, '030304', NULL, NULL, NULL, NULL, NULL),(328, 16, '数据权限', 'row', 'page', 'positionPermission,positionId', 'primary', NULL, 5, NULL, '030305', NULL, NULL, NULL, NULL, NULL),(330, 27, '配置', 'row', 'iframe', '/admin/permission/form/${id}/position/${positionId}', 'primary', NULL, 1, NULL, '030306', NULL, NULL, NULL, NULL, NULL),(331, 28, '配置', 'row', 'iframe', '/admin/permission/form/${id}/dept/${deptId}', 'primary', NULL, 1, NULL, '030507', NULL, NULL, NULL, NULL, NULL),(437, 34, '新增', 'top', 'form', 'timerTask', 'primary', NULL, 1, NULL, '020601', NULL, 'fa fa-plus', NULL, NULL, NULL),(438, 34, '编辑', 'row', 'form', 'timerTask', 'primary', NULL, 2, NULL, '020602', NULL, 'fa fa-pen-to-square', NULL, NULL, NULL),(439, 34, '删除', 'row', 'ajax', 'post:/admin/common/timerTask/delete/${id}', 'danger', '确定删除定时任务${name}吗?', 3, 'dataStatus==1', '020603', NULL, 'fa fa-trash-can', NULL, NULL, NULL),(440, 34, '执行记录', 'row', 'page', 'timerTaskRecord,timerTaskId', 'primary', NULL, 4, NULL, '020604', NULL, NULL, NULL, NULL, NULL),(476, 39, '新增', 'top', 'form', 'menuUrlAll', 'primary', NULL, 1, NULL, '020801', NULL, 'fa fa-plus', NULL, NULL, NULL),(477, 39, '编辑', 'row', 'form', 'menuUrlAll', 'primary', NULL, 2, NULL, '020802', NULL, 'fa fa-pen-to-square', NULL, NULL, NULL),(478, 39, '删除', 'row', 'ajax', 'post:/admin/common/menuUrl/delete/${id}', 'danger', '确定删除菜单url${url}吗?', 3, NULL, '020803', NULL, 'fa fa-trash-can', NULL, NULL, NULL),(479, 38, '新增', 'top', 'form', 'menuUrl', 'primary', NULL, 1, NULL, '020106', NULL, 'fa fa-plus', NULL, NULL, NULL),(480, 38, '编辑', 'row', 'form', 'menuUrl', 'primary', NULL, 2, NULL, '020107', NULL, 'fa fa-pen-to-square', NULL, NULL, NULL),(481, 38, '删除', 'row', 'ajax', 'post:/admin/common/menuUrl/delete/${id}', 'danger', '确定删除菜单url${name}吗?', 3, NULL, '020108', NULL, 'fa fa-trash-can', NULL, NULL, NULL),(482, 30, '新增', 'top', 'form', 'customer', 'primary', NULL, 1, NULL, '040201', NULL, 'fa fa-plus', NULL, NULL, NULL),(483, 30, '编辑', 'row', 'form', 'customer', 'primary', NULL, 2, 'customerStatus!=1', '040202', NULL, 'fa fa-pen-to-square', NULL, NULL, NULL),(484, 30, '删除', 'row', 'ajax', 'post:/admin/common/customer/delete/${id}', 'danger', '确定删除客户${name}吗?', 3, 'customerStatus!=1', '040203', NULL, 'fa fa-trash-can', NULL, NULL, NULL),(485, 30, '提交', 'row', 'ajax', 'post:/admin/process/customerAudit/submit/pass/${id}', 'primary', NULL, 4, 'customerStatus!=1', '040204', NULL, NULL, NULL, NULL, NULL),(486, 30, '审核记录', 'row', 'page', 'customerRecord,customerId', 'primary', NULL, 5, NULL, '040205', NULL, NULL, NULL, NULL, NULL),(487, 30, '主管审核', 'row', 'form', 'customerManagerAuditView', 'primary', NULL, 6, 'customerStatus!=2', '040206', NULL, NULL, NULL, NULL, NULL),(488, 30, '财务审核', 'row', 'form', 'customerFinanceAudit', 'primary', NULL, 7, 'customerStatus!=3', '040210', NULL, NULL, NULL, NULL, NULL),(489, 30, '操作日志', 'row', 'iframe', '/admin/operationLog/page/customer/${id}', 'primary', NULL, 8, NULL, '040213', NULL, NULL, NULL, NULL, NULL),(493, 41, '新增', 'top', 'form', 'logTable', 'primary', NULL, 1, NULL, '010801', NULL, 'fa fa-plus', NULL, NULL, NULL),(494, 41, '编辑', 'row', 'form', 'logTable', 'primary', NULL, 2, NULL, '010802', NULL, 'fa fa-pen-to-square', NULL, NULL, NULL),(495, 41, '删除', 'row', 'ajax', 'post:/admin/common/logTable/delete/${id}', 'danger', '确定删除记录日志的表${name}吗?', 3, NULL, '010803', NULL, 'fa fa-trash-can', NULL, NULL, NULL),(501, 12, '新增', 'top', 'form', 'user', 'primary', NULL, 1, NULL, '030101', NULL, 'fa fa-plus', NULL, NULL, NULL),(502, 12, '编辑', 'row', 'form', 'user', 'primary', NULL, 2, NULL, '030102', NULL, 'fa fa-pen-to-square', NULL, NULL, NULL),(503, 12, '删除', 'row', 'ajax', 'post:/admin/common/user/delete/${id}', 'danger', '确定删除用户${name}吗?', 3, NULL, '030103', NULL, 'fa fa-trash-can', NULL, NULL, NULL),(504, 12, '重置密码', 'row', 'ajax', '/admin/user/resetPwd/${id}', 'primary', NULL, 4, NULL, '030104', NULL, NULL, NULL, NULL, NULL),(561, 42, '配置', 'row', 'iframe', '/admin/permission/form/${id}/user/${enterpriseUserId}', 'primary', NULL, 1, '', '030609', NULL, NULL, NULL, NULL, NULL),(604, 43, '操作日志', 'row', 'iframe', '/admin/operationLog/page/${tableName}/${id}', 'primary', NULL, 1, NULL, '020901', NULL, NULL, NULL, NULL, NULL),(667, 45, '查看流程', 'row', 'iframe', '/activity-web/diagram-viewer/index.html?processDefinitionId=${id}', 'primary', NULL, 1, NULL, NULL, NULL, NULL, NULL, NULL, NULL),(668, 45, '元数据', 'row', 'form', 'deploymentMeta', 'primary', NULL, 2, NULL, NULL, NULL, NULL, NULL, NULL, NULL),(669, 44, '新建', 'top', 'form', 'activity', 'primary', NULL, 1, NULL, NULL, NULL, 'fa fa-plus', NULL, NULL, NULL),(670, 44, '编辑', 'row', 'form', 'activity', 'primary', NULL, 2, NULL, NULL, NULL, 'fa fa-pen-to-square', NULL, NULL, NULL),(671, 44, '设计流程', 'row', 'openNew', '/activity-web/modeler.html?modelId=${id}', 'primary', NULL, 3, NULL, NULL, NULL, NULL, NULL, NULL, NULL),(672, 44, '查看流程', 'row', 'openNew', '/activity-web/diagram-viewer/index.html?processDefinitionId=${processDefinitionId}', 'primary', NULL, 4, 'processDefinitionId==null', NULL, NULL, NULL, NULL, NULL, NULL),(673, 44, '发布', 'row', 'ajax', '/admin/models/deploy/${id}', 'primary', NULL, 5, NULL, NULL, NULL, NULL, NULL, NULL, NULL),(674, 44, '删除', 'row', 'ajax', '/admin/models/delete/${id}', 'danger', NULL, 6, NULL, NULL, NULL, 'fa fa-trash-can', NULL, NULL, NULL),(675, 44, '启动流程', 'row', 'ajax', '/admin/models/start/${key}', 'primary', NULL, 7, 'processDefinitionId==null', NULL, NULL, NULL, NULL, NULL, NULL),(677, 46, '查看流程', 'row', 'iframe', '/activity-web/diagram-viewer/index.html?processDefinitionId=${defId}&processInstanceId=${id}', 'primary', NULL, 1, NULL, NULL, NULL, NULL, NULL, NULL, NULL),(739, 53, '新增', 'top', 'form', 'chartTestData1', 'primary', NULL, 1, NULL, NULL, NULL, 'fa fa-plus', NULL, NULL, NULL),(740, 53, '编辑', 'row', 'form', 'chartTestData1', 'primary', NULL, 2, NULL, NULL, NULL, 'fa fa-pen-to-square', NULL, NULL, NULL),(741, 53, '删除', 'row', 'ajax', 'post:/admin/common/chartTestData1/delete/${id}', 'danger', '确定删除图表测试数据1${name}吗?', 3, NULL, NULL, NULL, 'fa fa-trash-can', NULL, NULL, NULL),(747, 52, '新增', 'top', 'form', 'chart', 'primary', NULL, 1, NULL, NULL, NULL, 'fa fa-plus', NULL, NULL, NULL),(748, 52, '复制', 'row', 'form', 'chartCopy', 'primary', NULL, 2, NULL, NULL, NULL, NULL, NULL, NULL, NULL),(749, 52, '编辑', 'row', 'form', 'chart', 'primary', NULL, 3, NULL, NULL, NULL, 'fa fa-pen-to-square', NULL, NULL, NULL),(750, 52, '删除', 'row', 'ajax', 'post:/admin/common/chart/delete/${id}', 'danger', '确定删除图表${name}吗?', 4, NULL, NULL, NULL, 'fa fa-trash-can', NULL, NULL, NULL),(751, 52, '预览', 'row', 'iframe', '/admin/chart/${code}', 'primary', NULL, 5, NULL, NULL, NULL, 'fa fa-magnifying-glass', NULL, NULL, NULL),(799, 56, '新增', 'top', 'form', 'customPage', 'primary', NULL, 1, NULL, NULL, NULL, 'fa fa-plus', NULL, NULL, NULL),(800, 56, '编辑', 'row', 'form', 'customPage', 'primary', NULL, 2, NULL, NULL, NULL, 'fa fa-pen-to-square', NULL, NULL, NULL),(801, 56, '删除', 'row', 'ajax', 'post:/admin/common/customPage/delete/${id}', 'danger', '确定删除自定义页面${name}吗?', 3, NULL, NULL, NULL, 'fa fa-trash-can', NULL, NULL, NULL),(802, 56, '预览', 'row', 'iframe', '/admin/custom/page/${code}', 'primary', NULL, 4, NULL, NULL, NULL, 'fa fa-magnifying-glass', NULL, NULL, NULL),(803, 56, '编辑器', 'row', 'openNew', '/admin/custom/editor/${code}', 'primary', NULL, 5, NULL, NULL, NULL, 'fa fa-pen-to-square', NULL, NULL, NULL),(807, 20, '新增', 'top', 'form', 'dept', 'primary', NULL, 1, NULL, '030501', NULL, 'fa fa-plus', NULL, NULL, NULL),(808, 20, '编辑', 'row', 'form', 'dept', 'primary', NULL, 2, NULL, '030502', NULL, 'fa fa-pen-to-square', NULL, NULL, NULL),(809, 20, '删除', 'row', 'ajax', 'post:/admin/common/dept/delete/${id}', 'danger', '确定删除部门${name}吗?', 3, NULL, '030503', NULL, 'fa fa-trash-can', NULL, NULL, NULL),(810, 20, '数据权限', 'row', 'page', 'deptPermission,deptId', 'primary', NULL, 4, NULL, '030506', NULL, NULL, NULL, NULL, NULL),(811, 25, '新增', 'top', 'form', 'deptManager', 'primary', NULL, 1, 'deptId==\'\'||deptId==-1', '030504', NULL, 'fa fa-plus', NULL, NULL, NULL),(812, 25, '删除', 'row', 'ajax', 'post:/admin/common/deptManager/delete/${id}', 'danger', '确定删除用户${name}吗?', 2, NULL, '030505', NULL, 'fa fa-trash-can', NULL, NULL, NULL),(823, 55, '新增', 'top', 'form', 'dataListener', 'primary', NULL, 1, NULL, NULL, NULL, 'fa fa-plus', NULL, NULL, NULL),(824, 55, '编辑', 'row', 'form', 'dataListener', 'primary', NULL, 2, NULL, NULL, NULL, 'fa fa-pen-to-square', NULL, NULL, NULL),(825, 55, '删除', 'row', 'ajax', 'post:/admin/common/dataListener/delete/${id}', 'danger', '确定删除数据监听${name}吗?', 3, NULL, NULL, NULL, 'fa fa-trash-can', NULL, NULL, NULL),(831, 57, '新增', 'top', 'form', 'dataImportTemplate', 'primary', NULL, 1, NULL, NULL, NULL, 'fa fa-plus', NULL, NULL, NULL),(832, 57, '编辑', 'row', 'form', 'dataImportTemplate', 'primary', NULL, 2, NULL, NULL, NULL, 'fa fa-pen-to-square', NULL, NULL, NULL),(833, 57, '删除', 'row', 'ajax', 'post:/admin/common/dataImportTemplate/delete/${id}', 'danger', '确定删除数据导入配置${name}吗?', 3, NULL, NULL, NULL, 'fa fa-trash-can', NULL, NULL, NULL),(834, 57, '新增JSON', 'top', 'form', 'dataImportTemplateJsonForm', 'primary', NULL, 4, NULL, NULL, NULL, 'fa fa-plus', NULL, NULL, NULL),(835, 57, '编辑JSON', 'row', 'form', 'dataImportTemplateJsonForm', 'primary', NULL, 5, NULL, NULL, NULL, 'fa fa-pen-to-square', NULL, NULL, NULL),(836, 57, '下载模板', 'row', 'openNew', '/admin/dataImportTask/template/${code}/${name}.xlsx', 'primary', NULL, 6, NULL, NULL, NULL, NULL, NULL, NULL, NULL),(837, 58, '导入', 'top', 'form', 'dataImportTask', 'primary', NULL, 1, NULL, NULL, NULL, NULL, NULL, NULL, NULL),(838, 58, '取消', 'row', 'ajax', 'post:/admin/dataImportTask/cancel/${id}', 'danger', '', 2, 'dataImportTaskStatus!=\'NotStart\'', NULL, NULL, NULL, NULL, NULL, NULL),(839, 58, '下载模板', 'top', 'openNew', '/admin/dataImportTask/template/test/测试导入模板.xlsx', 'primary', NULL, 3, NULL, NULL, NULL, NULL, NULL, NULL, NULL),(840, 59, '批量导入', 'top', 'page', 'dataImportTask?templateCode=test', 'primary', NULL, 1, NULL, NULL, NULL, NULL, NULL, NULL, NULL),(841, 50, '新增', 'top', 'form', 'article', 'primary', NULL, 1, NULL, NULL, NULL, 'fa fa-plus', NULL, NULL, NULL),(842, 50, '编辑', 'row', 'form', 'article', 'primary', NULL, 2, NULL, NULL, NULL, 'fa fa-pen-to-square', NULL, NULL, NULL),(843, 50, '删除', 'row', 'ajax', 'post:/admin/common/article/delete/${id}', 'danger', '确定删除文章${name}吗?', 3, NULL, NULL, NULL, 'fa fa-trash-can', NULL, NULL, NULL),(844, 50, '预览', 'row', 'openNew', '/admin/article/pdfView/${id}', 'primary', NULL, 4, NULL, NULL, NULL, 'fa fa-magnifying-glass', NULL, NULL, NULL),(845, 50, 'pdf', 'row', 'openNew', '/admin/article/pdf/${id}/${title}.pdf', 'primary', NULL, 5, NULL, NULL, NULL, NULL, NULL, NULL, NULL),(871, 3, '新建', 'top', 'form', 'dicForm', 'primary', NULL, 1, NULL, '020201', NULL, 'fa fa-plus', NULL, NULL, NULL),(872, 3, '编辑', 'row', 'form', 'dicForm', 'default', NULL, 2, NULL, '020205', NULL, 'fa fa-pen-to-square', NULL, NULL, NULL),(873, 3, '删除', 'row', 'ajax', 'post:/admin/common/dic/delete/${id}', 'danger', '确定删除字典${name}吗?', 3, NULL, '020206', NULL, 'fa fa-trash-can', NULL, NULL, NULL),(874, 3, '查看', 'row', 'form', 'dicFormView', 'primary', NULL, 4, NULL, '020207', NULL, NULL, NULL, NULL, NULL),(875, 3, 'java代码', 'row', 'form', 'dicJavaCode', 'primary', NULL, 5, NULL, NULL, NULL, NULL, NULL, NULL, NULL),(921, 60, '新增', 'top', 'form', 'sqlInfo', 'primary', NULL, 1, NULL, NULL, NULL, 'fa fa-plus', NULL, NULL, NULL),(922, 60, '编辑', 'row', 'form', 'sqlInfo', 'primary', NULL, 2, NULL, NULL, NULL, 'fa fa-pen-to-square', NULL, NULL, NULL),(923, 60, '删除', 'row', 'ajax', 'post:/admin/common/sqlInfo/delete/${id}', 'danger', '确定删除sql语句${name}吗?', 3, NULL, NULL, NULL, 'fa fa-trash-can', NULL, NULL, NULL),(924, 19, '新增', 'top', 'form', 'enterpriseUser', 'primary', NULL, 1, NULL, '030601', NULL, 'fa fa-plus', NULL, NULL, NULL),(925, 19, '编辑', 'row', 'form', 'enterpriseUser', 'primary', NULL, 2, NULL, '030604', NULL, 'fa fa-pen-to-square', NULL, NULL, NULL),(926, 19, '删除', 'row', 'ajax', 'post:/admin/common/enterpriseUser/delete/${id}', 'danger', '确定删除用户${name}吗?', 3, NULL, '030605', NULL, 'fa fa-trash-can', NULL, NULL, NULL),(927, 19, '关联其他企业用户', 'top', 'form', 'otherEnterpriseUser', 'primary', NULL, 4, NULL, '030606', NULL, NULL, NULL, NULL, NULL),(928, 19, '重置密码', 'row', 'ajax', 'get:/admin/user/resetPwd/${userId}', 'primary', NULL, 5, NULL, '030607', NULL, NULL, NULL, NULL, NULL),(929, 19, '数据权限', 'row', 'page', 'userPermission,enterpriseUserId', 'primary', NULL, 6, NULL, '030608', NULL, NULL, NULL, NULL, NULL),(951, 29, '新增', 'top', 'form', 'customerSource', 'primary', NULL, 1, NULL, '040101', NULL, 'fa fa-plus', NULL, NULL, NULL),(952, 29, '编辑', 'row', 'form', 'customerSource', 'primary', NULL, 2, NULL, '040102', NULL, 'fa fa-pen-to-square', NULL, NULL, NULL),(953, 29, '删除', 'row', 'ajax', 'post:/admin/common/customerSource/delete/${id}', 'danger', '确定删除客户来源${name}吗?', 3, NULL, '040103', NULL, 'fa fa-trash-can', NULL, NULL, NULL),(991, 21, '新增', 'top', 'form', 'enterpriseUserPosition', 'primary', NULL, 1, 'enterpriseUserId==-1||enterpriseUserId==\'\'', '030602', NULL, 'fa fa-plus', NULL, NULL, NULL),(992, 21, '删除', 'row', 'ajax', 'post:/admin/common/enterpriseUserPosition/delete/${id}', 'danger', '确定删除企业用户岗位${name}吗?', 2, NULL, '030603', NULL, 'fa fa-trash-can', NULL, NULL, NULL),(999, 61, '新增', 'top', 'form', 'sqlApi', 'primary', NULL, 1, NULL, NULL, NULL, 'fa fa-plus', NULL, NULL, NULL),(1000, 61, '编辑', 'row', 'form', 'sqlApi', 'primary', NULL, 2, NULL, NULL, NULL, 'fa fa-pen-to-square', NULL, NULL, NULL),(1001, 61, '删除', 'row', 'ajax', 'post:/admin/common/sqlApi/delete/${id}', 'danger', '确定删除sql接口${name}吗?', 3, NULL, NULL, NULL, 'fa fa-trash-can', NULL, NULL, NULL),(1014, 47, '查看', 'row', 'iframe', '/taskView/${id}', 'primary', NULL, 1, NULL, NULL, NULL, NULL, NULL, NULL, NULL),(1015, 47, '审批', 'row', 'iframe', '/taskAudit/${id}', 'primary', NULL, 2, 'taskEndTime!=null', NULL, NULL, NULL, NULL, NULL, NULL),(1016, 54, '查看', 'row', 'iframe', '/taskView/${id}', 'primary', NULL, 1, NULL, NULL, NULL, NULL, NULL, NULL, NULL),(1017, 54, '审批', 'row', 'iframe', '/taskAudit/${id}', 'primary', NULL, 2, 'taskEndTime!=null', NULL, NULL, NULL, NULL, NULL, NULL),(1050, 10, '新增', 'top', 'form', 'configForm', 'primary', NULL, 1, NULL, '020301', NULL, 'fa fa-plus', NULL, NULL, NULL),(1051, 10, '编辑', 'row', 'form', 'configForm', 'primary', NULL, 2, NULL, '020302', NULL, 'fa fa-pen-to-square', NULL, NULL, NULL),(1052, 10, '删除', 'row', 'ajax', '/admin/common/config/delete/${id}', 'danger', NULL, 3, NULL, '020303', NULL, 'fa fa-trash-can', NULL, NULL, NULL),(1068, 64, '新增', 'top', 'form', 'template', 'primary', NULL, 1, NULL, NULL, NULL, 'fa fa-plus', NULL, NULL, NULL),(1069, 64, '编辑', 'row', 'form', 'template', 'primary', NULL, 2, NULL, NULL, NULL, 'fa fa-pen-to-square', NULL, NULL, NULL),(1070, 64, '删除', 'row', 'ajax', 'post:/admin/common/template/delete/${id}', 'danger', '确定删除模板${name}吗?', 3, NULL, NULL, NULL, 'fa fa-trash-can', NULL, NULL, NULL),(1082, 63, '新增', 'top', 'form', 'icon', 'primary', NULL, 1, NULL, NULL, NULL, 'fa fa-plus', NULL, NULL, NULL),(1083, 63, '编辑', 'row', 'form', 'icon', 'primary', NULL, 2, NULL, NULL, NULL, 'fa fa-pen-to-square', NULL, NULL, NULL),(1084, 63, '删除', 'row', 'ajax', 'post:/admin/common/icon/delete/${id}', 'danger', '确定删除图标${name}吗?', 3, NULL, NULL, NULL, 'fa fa-trash', NULL, NULL, NULL),(1085, 63, '批量删除', 'bulk', 'ajax', 'get:/admin/common/icon/bathDelete/${ids}', 'danger', NULL, 4, NULL, NULL, NULL, 'fa fa-trash', NULL, NULL, NULL),(1092, 2, '删除', 'row', 'ajax', '/admin/common/sysMenu/delete/${id}', 'danger', NULL, 1, NULL, '020101', NULL, 'fa fa-trash-can', NULL, NULL, NULL),(1093, 2, '新增', 'top', 'form', 'sysMenuForm', 'primary', NULL, 2, NULL, '020102', NULL, 'fa fa-plus', NULL, NULL, NULL),(1094, 2, '编辑', 'row', 'form', 'sysMenuForm', 'default', NULL, 3, NULL, '020103', NULL, 'fa fa-pen-to-square', NULL, '', NULL),(1095, 2, '初始化按钮', 'row', 'ajax', '/admin/menu/initButtons/${id}', 'primary', NULL, 4, 'whetherButton==\'YES\'||url==null||url==\'\'', '020104', '', NULL, NULL, NULL, NULL),(1096, 2, '菜单url', 'row', 'page', 'menuUrl,menuId', 'info', NULL, 5, NULL, '020105', '', NULL, NULL, NULL, NULL),(1097, 2, '重新编号', 'top', 'ajax', 'get:/admin/menu/generateCode', 'primary', NULL, 6, NULL, '020106', NULL, NULL, NULL, NULL, NULL),(1098, 4, '新建', 'top', 'form', 'dicItemForm', 'primary', NULL, 1, 'parentId==-1||parentId==\'\'', '020202', NULL, 'fa fa-plus', NULL, NULL, NULL),(1099, 4, '编辑', 'row', 'form', 'dicItemForm', 'default', NULL, 2, NULL, '020203', NULL, 'fa fa-pen-to-square', NULL, NULL, NULL),(1100, 4, '删除', 'row', 'ajax', 'post:/admin/common/dicItem/delete/${id}', 'danger', '确定删除字典明细${label}吗?', 3, NULL, '020204', NULL, 'fa fa-trash-can', NULL, NULL, NULL),(1123, 67, '查看数据', 'row', 'form', 'flowDeploy', 'primary', NULL, 1, NULL, NULL, NULL, 'fa fa-magnifying-glass', NULL, NULL, NULL),(1124, 67, '查看流程', 'row', 'iframe', '/admin/flow/deployView/${id}', 'primary', NULL, 2, NULL, NULL, NULL, 'fa fa-magnifying-glass', NULL, NULL, NULL),(1125, 66, '新增', 'top', 'form', 'flow', 'primary', NULL, 1, NULL, NULL, NULL, 'fa fa-plus', NULL, NULL, NULL),(1126, 66, '编辑', 'row', 'form', 'flow', 'primary', NULL, 2, NULL, NULL, NULL, 'fa fa-pen-to-square', NULL, NULL, NULL),(1127, 66, '删除', 'row', 'ajax', 'post:/admin/common/flow/delete/${id}', 'danger', '确定删除流程${name}吗?', 3, NULL, NULL, NULL, 'fa fa-trash-can', NULL, NULL, NULL),(1128, 66, '流程设计', 'row', 'iframe', '/admin/flow/editor/${id}', 'primary', NULL, 4, NULL, NULL, NULL, 'fa fa-pen-to-square', NULL, NULL, NULL),(1129, 66, '部署', 'row', 'ajax', 'get:/admin/flow/deploy/${id}', 'primary', NULL, 5, NULL, NULL, NULL, NULL, NULL, NULL, NULL),(1136, 48, '新增', 'top', 'form', 'testOrder', 'primary', NULL, 1, NULL, NULL, NULL, 'fa fa-plus', NULL, NULL, NULL),(1137, 48, '编辑', 'row', 'form', 'testOrder', 'primary', NULL, 2, NULL, NULL, NULL, 'fa fa-pen-to-square', NULL, NULL, NULL),(1138, 48, '删除', 'row', 'ajax', 'post:/admin/common/testOrder/delete/${id}', 'danger', '确定删除测试订单${name}吗?', 3, NULL, NULL, NULL, 'fa fa-trash-can', NULL, NULL, NULL),(1139, 48, '提交', 'row', 'ajax', 'get:/admin/models/start/testOrder/${id}/测试订单-${orderCode}', 'primary', NULL, 4, 'testOrderStatus!=1', NULL, NULL, NULL, NULL, NULL, NULL),(1140, 48, '审核记录', 'row', 'iframe', '/auditRecord/testOrder/${id}', 'primary', NULL, 5, NULL, NULL, NULL, NULL, NULL, NULL, NULL),(1141, 48, '新提交', 'row', 'ajax', 'get:/admin/flow/start/test/${id}/测试订单-${orderCode}', 'primary', NULL, 6, NULL, NULL, NULL, NULL, NULL, NULL, NULL),(1144, 68, '查看', 'row', 'iframe', '/admin/flow/instanceView/${id}', 'success', NULL, 1, NULL, NULL, NULL, NULL, NULL, NULL, NULL),(1147, 69, '审核', 'row', 'iframe', '/admin/flow/taskAudit/${id}', 'primary', NULL, 1, 'endTime!=null', NULL, NULL, NULL, NULL, NULL, NULL),(1148, 69, '查看', 'row', 'iframe', '/admin/flow/taskView/${id}', 'primary', NULL, 2, NULL, NULL, NULL, NULL, NULL, NULL, NULL);
UNLOCK TABLES;
COMMIT;
BEGIN;
LOCK TABLES `jqp`.`page_query_field` WRITE;
DELETE FROM `jqp`.`page_query_field`;
INSERT INTO `jqp`.`page_query_field` (`id`,`page_id`,`field`,`label`,`value`,`opt`,`hidden`,`must`,`type`,`format`,`date_express`,`option_sql`,`seq`,`width`,`component_type`,`multi`,`ref`,`label_remark`) VALUES (41, 7, 'code', '编号', NULL, 'like', 'NO', 'NO', 'string', NULL, NULL, NULL, 1, NULL, NULL, NULL, NULL, NULL),(42, 7, 'name', '名称', NULL, 'like', 'NO', 'NO', 'string', NULL, NULL, NULL, 2, NULL, NULL, NULL, NULL, NULL),(133, 9, 'label', '标签', NULL, 'like', 'NO', 'NO', 'string', NULL, NULL, NULL, 1, 6, NULL, NULL, NULL, NULL),(134, 9, 'value', '值', NULL, 'like', 'NO', 'NO', 'string', NULL, NULL, NULL, 2, 6, NULL, NULL, NULL, NULL),(135, 9, 'parent_id', '字典id', '-1', 'eq', 'YES', 'YES', 'long', NULL, NULL, NULL, 3, NULL, NULL, NULL, NULL, NULL),(163, 10, 'code', '编号', NULL, 'like', 'NO', 'NO', 'string', NULL, NULL, NULL, 1, NULL, NULL, NULL, NULL, NULL),(164, 10, 'name', '名称', NULL, 'like', 'NO', 'NO', 'string', NULL, NULL, NULL, 2, NULL, NULL, NULL, NULL, NULL),(223, 13, 'code', '编号', NULL, 'like', 'NO', 'NO', 'string', NULL, NULL, NULL, 1, NULL, NULL, NULL, NULL, NULL),(224, 13, 'name', '名称', NULL, 'like', 'NO', 'NO', 'string', NULL, NULL, NULL, 2, NULL, NULL, NULL, NULL, NULL),(253, 15, 'enterprise_id', '企业id', '-1', 'eq', 'YES', 'NO', 'long', NULL, NULL, NULL, 1, NULL, NULL, NULL, 'YES', NULL),(254, 15, 'name', '姓名', NULL, 'like', 'NO', 'NO', 'string', NULL, NULL, NULL, 2, NULL, NULL, NULL, 'NO', NULL),(255, 14, 'code', '编号', NULL, 'like', 'NO', 'NO', 'string', NULL, NULL, NULL, 1, NULL, NULL, NULL, 'NO', NULL),(256, 14, 'name', '名称', NULL, 'like', 'NO', 'NO', 'string', NULL, NULL, NULL, 2, NULL, NULL, NULL, 'NO', NULL),(265, 17, 'code', '岗位编号', NULL, 'like', 'NO', 'NO', 'string', NULL, NULL, NULL, 1, NULL, NULL, NULL, NULL, NULL),(266, 17, 'name', '岗位名称', NULL, 'like', 'NO', 'NO', 'string', NULL, NULL, NULL, 2, NULL, NULL, NULL, NULL, NULL),(316, 22, 'user_code', '用户编号', NULL, 'like', 'NO', 'NO', 'string', NULL, NULL, NULL, 1, NULL, NULL, NULL, NULL, NULL),(317, 22, 'name', '姓名', NULL, 'like', 'NO', 'NO', 'string', NULL, NULL, NULL, 2, NULL, NULL, NULL, NULL, NULL),(318, 22, 'mobile', '手机号', NULL, 'like', 'NO', 'NO', 'string', NULL, NULL, NULL, 3, NULL, NULL, NULL, NULL, NULL),(319, 22, 'user_status', '用户状态', NULL, 'eq', 'NO', 'NO', 'dic', 'userStatus', NULL, NULL, 4, NULL, NULL, NULL, NULL, NULL),(329, 18, 'menu_code', '菜单编号', NULL, 'like', 'NO', 'NO', 'string', NULL, NULL, NULL, 1, NULL, NULL, NULL, NULL, NULL),(330, 18, 'menu_name', '菜单名称', NULL, 'like', 'NO', 'NO', 'string', NULL, NULL, NULL, 2, NULL, NULL, NULL, NULL, NULL),(331, 18, 'menu_type', '菜单类型', NULL, 'eq', 'NO', 'NO', 'dic', 'menuType', NULL, NULL, 3, NULL, NULL, NULL, NULL, NULL),(349, 23, 'menu_code', '菜单编号', NULL, 'like', 'NO', 'NO', 'string', NULL, NULL, NULL, 1, NULL, NULL, NULL, NULL, NULL),(350, 23, 'menu_name', '菜单名称', NULL, 'like', 'NO', 'NO', 'string', NULL, NULL, NULL, 2, NULL, NULL, NULL, NULL, NULL),(351, 23, 'menu_type', '菜单类型', NULL, 'eq', 'NO', 'NO', 'dic', 'menuType', NULL, NULL, 3, NULL, NULL, NULL, NULL, NULL),(399, 26, 'code', '权限编码', NULL, 'like', 'NO', 'NO', 'string', NULL, NULL, NULL, 1, NULL, NULL, NULL, 'NO', NULL),(400, 26, 'name', '权限名称', NULL, 'like', 'NO', 'NO', 'string', NULL, NULL, NULL, 2, NULL, NULL, NULL, NULL, NULL),(406, 16, 'code', '岗位编号', NULL, 'like', 'NO', 'NO', 'string', NULL, NULL, NULL, 1, NULL, NULL, NULL, NULL, NULL),(407, 16, 'name', '岗位名称', NULL, 'like', 'NO', 'NO', 'string', NULL, NULL, NULL, 2, NULL, NULL, NULL, NULL, NULL),(408, 16, 'position_type', '岗位类型', NULL, 'eq', 'NO', 'NO', 'dic', 'positionType', NULL, NULL, 3, NULL, NULL, NULL, NULL, NULL),(413, 27, 'code', '权限编码', NULL, 'like', 'NO', 'NO', 'string', NULL, NULL, NULL, 1, NULL, NULL, NULL, 'NO', NULL),(414, 27, 'name', '权限名称', NULL, 'like', 'NO', 'NO', 'string', NULL, NULL, NULL, 2, NULL, NULL, NULL, NULL, NULL),(415, 28, 'code', '权限编码', NULL, 'like', 'NO', 'NO', 'string', NULL, NULL, NULL, 1, NULL, NULL, NULL, 'NO', NULL),(416, 28, 'name', '权限名称', NULL, 'like', 'NO', 'NO', 'string', NULL, NULL, NULL, 2, NULL, NULL, NULL, NULL, NULL),(450, 33, 'customer_id', '客户id', '-1', 'eq', 'YES', 'NO', 'long', NULL, NULL, NULL, 1, NULL, NULL, NULL, 'YES', NULL),(459, 34, 'name', '任务名称', NULL, 'like', 'NO', 'NO', 'string', NULL, NULL, NULL, 1, NULL, NULL, NULL, NULL, NULL),(466, 35, 'timer_task_id', '定时任务id', '-1', 'eq', 'YES', 'NO', 'long', NULL, NULL, NULL, 1, NULL, NULL, NULL, 'YES', NULL),(467, 35, 'start_time', '开始时间', NULL, 'betweenAnd', 'NO', 'NO', 'date', 'yyyy-MM-dd HH:mm:ss', NULL, NULL, 2, 6, 'input-datetime-range', 'YES', NULL, NULL),(472, 36, 'name', '任务名称', NULL, 'like', 'NO', 'NO', 'string', NULL, NULL, NULL, 1, NULL, NULL, NULL, NULL, NULL),(473, 36, 'timer_task_status', '状态', NULL, 'eq', 'NO', 'NO', 'dic', 'timerTaskRecordStatus', NULL, NULL, 2, NULL, NULL, NULL, NULL, NULL),(474, 36, 'create_time', '创建时间', NULL, 'betweenAnd', 'NO', 'NO', 'date', 'yyyy-MM-dd HH:mm:ss', NULL, NULL, 3, 6, 'input-datetime-range', 'YES', NULL, NULL),(498, 39, 'name', 'url名称', NULL, 'like', 'NO', 'NO', 'string', NULL, NULL, NULL, 1, NULL, NULL, NULL, NULL, NULL),(499, 39, 'url', 'url', NULL, 'like', 'NO', 'NO', 'string', NULL, NULL, NULL, 2, NULL, NULL, NULL, NULL, NULL),(500, 39, 'menu_name', '菜单名称', NULL, 'like', 'NO', 'NO', 'string', NULL, NULL, NULL, 3, NULL, NULL, NULL, NULL, NULL),(501, 39, 'menu_id', '菜单', NULL, 'eq', 'NO', 'NO', 'selector', 'menu', NULL, NULL, 4, NULL, NULL, NULL, NULL, NULL),(502, 38, 'menu_id', '菜单id', '-1', 'eq', 'YES', 'NO', 'long', NULL, NULL, NULL, 1, NULL, NULL, NULL, 'YES', NULL),(503, 38, 'url', 'url', NULL, 'like', 'NO', 'NO', 'string', NULL, NULL, NULL, 2, NULL, NULL, NULL, NULL, NULL),(504, 38, 'name', 'url名称', NULL, 'like', 'NO', 'NO', 'string', NULL, NULL, NULL, 3, NULL, NULL, NULL, NULL, NULL),(505, 30, 'name', '客户姓名', NULL, 'like', 'NO', 'NO', 'string', NULL, NULL, NULL, 1, NULL, NULL, NULL, NULL, NULL),(514, 12, 'user_code', '用户编号', NULL, 'like', 'NO', 'NO', 'string', NULL, NULL, NULL, 1, NULL, NULL, NULL, NULL, NULL),(515, 12, 'name', '姓名', NULL, 'like', 'NO', 'NO', 'string', NULL, NULL, NULL, 2, NULL, NULL, NULL, NULL, NULL),(516, 12, 'mobile', '手机号', NULL, 'like', 'NO', 'NO', 'string', NULL, NULL, NULL, 3, NULL, NULL, NULL, NULL, NULL),(517, 12, 'user_type', '用户类型', NULL, 'in', 'NO', 'NO', 'dic', 'userType', NULL, NULL, 4, NULL, 'checkboxes', 'YES', NULL, NULL),(518, 12, 'user_status', '用户状态', NULL, 'eq', 'NO', 'NO', 'dic', 'userStatus', NULL, NULL, 5, NULL, 'select', 'YES', NULL, NULL),(573, 42, 'code', '权限编码', NULL, 'like', 'NO', 'NO', 'string', NULL, NULL, NULL, 1, NULL, NULL, NULL, 'NO', NULL),(574, 42, 'name', '权限名称', NULL, 'like', 'NO', 'NO', 'string', NULL, NULL, NULL, 2, NULL, NULL, NULL, NULL, NULL),(625, 43, 'table_name', '表', NULL, 'like', 'NO', 'NO', 'string', NULL, NULL, NULL, 1, NULL, NULL, NULL, NULL, NULL),(626, 43, 'table_comment', '表注释', NULL, 'like', 'NO', 'NO', 'string', NULL, NULL, NULL, 2, NULL, NULL, NULL, NULL, NULL),(627, 43, 'remark', '说明', NULL, 'like', 'NO', 'NO', 'string', NULL, NULL, NULL, 3, NULL, NULL, NULL, NULL, NULL),(628, 43, 'details', '详情', NULL, 'like', 'NO', 'NO', 'string', NULL, NULL, NULL, 4, NULL, NULL, NULL, NULL, NULL),(663, 45, 'key', '编号', NULL, 'like', 'NO', 'NO', 'string', NULL, NULL, NULL, 1, NULL, NULL, NULL, NULL, NULL),(664, 45, 'name', '名称', NULL, 'like', 'NO', 'NO', 'string', NULL, NULL, NULL, 2, NULL, NULL, NULL, NULL, NULL),(665, 44, 'key', '编号', NULL, 'like', 'NO', 'NO', 'string', NULL, NULL, NULL, 1, NULL, NULL, NULL, NULL, NULL),(666, 44, 'name', '名称', NULL, 'like', 'NO', 'NO', 'string', NULL, NULL, NULL, 2, NULL, NULL, NULL, NULL, NULL),(692, 46, 'name', '实例名称', NULL, 'like', 'NO', 'NO', 'string', NULL, NULL, NULL, 1, NULL, NULL, NULL, NULL, NULL),(693, 46, 'business_key', '业务编号', NULL, 'like', 'NO', 'NO', 'long-string', NULL, NULL, NULL, 2, NULL, NULL, NULL, NULL, NULL),(694, 46, 'def_name', '流程名称', NULL, 'like', 'NO', 'NO', 'string', NULL, NULL, NULL, 3, NULL, NULL, NULL, NULL, NULL),(695, 46, 'key', '流程编号', NULL, 'like', 'NO', 'NO', 'string', NULL, NULL, NULL, 4, NULL, NULL, NULL, NULL, NULL),(696, 46, 'start_time', '开始时间', '', 'betweenAnd', 'NO', 'NO', 'date', 'yyyy-MM-dd HH:mm:ss', NULL, NULL, 5, 6, 'input-datetime-range', 'YES', NULL, NULL),(727, 49, 'user_code', '用户编号', NULL, 'like', 'NO', 'NO', 'string', NULL, NULL, NULL, 1, 6, NULL, NULL, NULL, NULL),(728, 49, 'name', '姓名', NULL, 'like', 'NO', 'NO', 'string', NULL, NULL, NULL, 2, 6, NULL, NULL, NULL, NULL),(729, 49, 'dept_name', '部门名称', NULL, 'like', 'NO', 'NO', 'string', NULL, NULL, NULL, 3, 6, NULL, NULL, NULL, NULL),(763, 48, 'order_code', '订单号', NULL, 'like', 'NO', 'NO', 'string', NULL, NULL, NULL, 1, NULL, NULL, NULL, NULL, NULL),(764, 48, 'customer_manager_name', '客户经理', NULL, 'like', 'NO', 'NO', 'string', NULL, NULL, NULL, 2, NULL, NULL, NULL, NULL, NULL),(765, 48, 'create_time', '创建时间', NULL, 'betweenAnd', 'NO', 'NO', 'string', 'yyyy-MM-dd', NULL, NULL, 3, NULL, 'input-date-range', NULL, NULL, NULL),(774, 52, 'code', '编号', NULL, 'like', 'NO', 'NO', 'string', NULL, NULL, NULL, 1, NULL, NULL, NULL, NULL, NULL),(775, 52, 'name', '名称', NULL, 'like', 'NO', 'NO', 'string', NULL, NULL, NULL, 2, NULL, NULL, NULL, NULL, NULL),(819, 47, 'name', '任务名称', NULL, 'like', 'NO', 'NO', 'string', NULL, NULL, NULL, 1, NULL, NULL, NULL, NULL, NULL),(820, 47, 'instance_name', '实例名称', NULL, 'like', 'NO', 'NO', 'string', NULL, NULL, NULL, 2, NULL, NULL, NULL, NULL, NULL),(821, 47, 'business_key', '业务编号', NULL, 'like', 'NO', 'NO', 'long-string', NULL, NULL, NULL, 3, NULL, NULL, NULL, NULL, NULL),(822, 47, 'def_name', '流程名称', NULL, 'like', 'NO', 'NO', 'string', NULL, NULL, NULL, 4, NULL, NULL, NULL, NULL, NULL),(823, 47, 'key', '流程编号', NULL, 'like', 'NO', 'NO', 'string', NULL, NULL, NULL, 5, NULL, NULL, NULL, NULL, NULL),(824, 47, 'task_start_time', '任务开始时间', '', 'betweenAnd', 'NO', 'NO', 'date', 'yyyy-MM-dd HH:mm:ss', NULL, NULL, 6, 6, 'input-datetime-range', 'YES', NULL, NULL),(825, 47, 'users', '任务候选人', NULL, 'like', 'NO', 'NO', 'string', NULL, NULL, NULL, 7, NULL, NULL, NULL, NULL, NULL),(826, 47, 'exec_user', '实际执行人', NULL, 'like', 'NO', 'NO', 'string', NULL, NULL, NULL, 8, NULL, NULL, NULL, NULL, NULL),(827, 54, 'name', '任务名称', NULL, 'like', 'NO', 'NO', 'string', NULL, NULL, NULL, 1, NULL, NULL, NULL, NULL, NULL),(828, 54, 'instance_name', '实例名称', NULL, 'like', 'NO', 'NO', 'string', NULL, NULL, NULL, 2, NULL, NULL, NULL, NULL, NULL),(829, 54, 'business_key', '业务编号', NULL, 'like', 'NO', 'NO', 'long-string', NULL, NULL, NULL, 3, NULL, NULL, NULL, NULL, NULL),(830, 54, 'def_name', '流程名称', NULL, 'like', 'NO', 'NO', 'string', NULL, NULL, NULL, 4, NULL, NULL, NULL, NULL, NULL),(831, 54, 'key', '流程编号', NULL, 'like', 'NO', 'NO', 'string', NULL, NULL, NULL, 5, NULL, NULL, NULL, NULL, NULL),(832, 54, 'task_start_time', '任务开始时间', '', 'betweenAnd', 'NO', 'NO', 'date', 'yyyy-MM-dd HH:mm:ss', NULL, NULL, 6, 6, 'input-datetime-range', 'YES', NULL, NULL),(836, 20, 'code', '部门编号', NULL, 'like', 'NO', 'NO', 'string', NULL, NULL, NULL, 1, NULL, NULL, NULL, NULL, NULL),(837, 20, 'name', '部门名称', NULL, 'like', 'NO', 'NO', 'string', NULL, NULL, NULL, 2, NULL, NULL, NULL, NULL, NULL),(838, 20, 'dept_type', '部门类型', NULL, 'in', 'NO', 'NO', 'dic', 'deptType', NULL, NULL, 3, NULL, 'select', 'YES', NULL, NULL),(839, 25, 'user_code', '用户编号', NULL, 'like', 'NO', 'NO', 'string', NULL, NULL, NULL, 1, NULL, NULL, NULL, NULL, NULL),(840, 25, 'name', '姓名', NULL, 'like', 'NO', 'NO', 'string', NULL, NULL, NULL, 2, NULL, NULL, NULL, NULL, NULL),(841, 25, 'mobile', '手机号', NULL, 'like', 'NO', 'NO', 'string', NULL, NULL, NULL, 3, NULL, NULL, NULL, NULL, NULL),(842, 25, 'user_type', '用户类型', NULL, 'in', 'NO', 'NO', 'dic', 'userType', NULL, NULL, 4, NULL, 'checkboxes', 'YES', NULL, NULL),(843, 25, 'user_status', '用户状态', NULL, 'eq', 'NO', 'NO', 'dic', 'userStatus', NULL, NULL, 5, NULL, NULL, NULL, NULL, NULL),(844, 25, 'dept_name', '部门名称', NULL, 'like', 'NO', 'NO', 'string', NULL, NULL, NULL, 6, NULL, NULL, NULL, NULL, NULL),(845, 25, 'dept_id', '部门id', '-1', 'eq', 'YES', 'NO', 'long', NULL, NULL, NULL, 7, NULL, NULL, NULL, 'YES', NULL),(870, 3, 'dic_code', '字典编号', '', 'like', 'NO', 'NO', 'string', NULL, NULL, NULL, 1, 6, NULL, NULL, NULL, NULL),(871, 3, 'dic_name', '字典名称', NULL, 'like', 'NO', 'NO', 'string', NULL, NULL, NULL, 2, 6, NULL, NULL, NULL, NULL),(884, 2, 'menu_code', '菜单编号', NULL, 'like', 'NO', 'NO', 'string', NULL, NULL, NULL, 1, NULL, NULL, NULL, NULL, NULL),(885, 2, 'menu_name', '菜单名称', NULL, 'like', 'NO', 'NO', 'string', NULL, NULL, NULL, 2, NULL, NULL, NULL, NULL, NULL),(886, 2, 'menu_type', '菜单类型', NULL, 'eq', 'NO', 'NO', 'dic', 'menuType', NULL, NULL, 3, NULL, NULL, NULL, NULL, NULL),(887, 2, 'whether_button', '是否按钮', NULL, 'eq', 'NO', 'NO', 'dic', 'whether', NULL, NULL, 4, NULL, NULL, NULL, NULL, NULL),(908, 60, 'code', '编号', NULL, 'like', 'NO', 'NO', 'string', NULL, NULL, NULL, 1, NULL, NULL, NULL, NULL, NULL),(909, 60, 'name', '名称', NULL, 'like', 'NO', 'NO', 'string', NULL, NULL, NULL, 2, NULL, NULL, NULL, NULL, NULL),(910, 60, 'sql_type', '类型', NULL, 'eq', 'NO', 'NO', 'dic', 'sqlType', NULL, NULL, 3, NULL, NULL, NULL, NULL, NULL),(911, 19, 'user_code', '用户编号', NULL, 'like', 'NO', 'NO', 'string', NULL, NULL, NULL, 1, 6, NULL, NULL, NULL, NULL),(912, 19, 'name', '姓名', NULL, 'like', 'NO', 'NO', 'string', NULL, NULL, NULL, 2, 6, NULL, NULL, NULL, NULL),(913, 19, 'mobile', '手机号', NULL, 'like', 'NO', 'NO', 'string', NULL, NULL, NULL, 3, 6, NULL, NULL, NULL, NULL),(914, 19, 'user_type', '用户类型', NULL, 'in', 'NO', 'NO', 'dic', 'userType', NULL, NULL, 4, 6, 'checkboxes', 'YES', NULL, NULL),(915, 19, 'user_status', '用户状态', NULL, 'eq', 'NO', 'NO', 'dic', 'userStatus', NULL, NULL, 5, 6, NULL, NULL, NULL, NULL),(916, 19, 'dept_id', '部门', NULL, 'in', 'NO', 'NO', 'selector', 'dept', NULL, '', 6, 6, 'tree-select', 'NO', NULL, NULL),(932, 29, 'code', '来源编号', NULL, 'like', 'NO', 'NO', 'string', NULL, NULL, NULL, 1, NULL, NULL, NULL, NULL, NULL),(933, 29, 'name', '来源名称', NULL, 'like', 'NO', 'NO', 'string', NULL, NULL, NULL, 2, NULL, NULL, NULL, NULL, NULL),(973, 21, 'code', '岗位编号', NULL, 'like', 'NO', 'NO', 'string', NULL, NULL, NULL, 1, 6, NULL, NULL, 'NO', NULL),(974, 21, 'name', '岗位名称', NULL, 'like', 'NO', 'NO', 'string', NULL, NULL, NULL, 2, 6, NULL, NULL, 'NO', NULL),(975, 21, 'enterprise_user_id', '企业用户id', '-1', 'eq', 'YES', 'NO', 'long', NULL, NULL, NULL, 3, NULL, NULL, NULL, 'YES', NULL),(982, 61, 'name', '名称', NULL, 'like', 'NO', 'NO', 'string', NULL, NULL, NULL, 1, NULL, NULL, NULL, NULL, NULL),(983, 61, 'code', '编号', NULL, 'like', 'NO', 'NO', 'string', NULL, NULL, NULL, 2, NULL, NULL, NULL, NULL, NULL),(984, 61, 'sql_api_type', '类型', NULL, 'eq', 'NO', 'NO', 'dic', 'sqlApiType', NULL, NULL, 3, NULL, NULL, NULL, NULL, NULL),(985, 56, 'code', '编号', NULL, 'like', 'NO', 'NO', 'string', NULL, NULL, NULL, 1, NULL, NULL, NULL, NULL, NULL),(986, 56, 'name', '名称', NULL, 'like', 'NO', 'NO', 'string', NULL, NULL, NULL, 2, NULL, NULL, NULL, NULL, NULL),(987, 4, 'parent_id', '字典id', '-1', 'eq', 'YES', 'NO', 'long', NULL, NULL, NULL, 1, NULL, NULL, NULL, 'YES', NULL),(992, 64, 'name', '名称', NULL, 'like', 'NO', 'NO', 'string', NULL, NULL, NULL, 1, 12, NULL, NULL, NULL, NULL),(993, 41, 'table_name', '表名', NULL, 'like', 'NO', 'NO', 'string', NULL, NULL, NULL, 1, NULL, NULL, NULL, NULL, NULL),(994, 41, 'table_comment', '注释', NULL, 'like', 'NO', 'NO', 'string', NULL, NULL, NULL, 2, NULL, NULL, NULL, NULL, NULL),(995, 41, 'open_cache', '是否开启缓存', NULL, 'eq', 'NO', 'NO', 'dic', 'whether', NULL, NULL, 3, NULL, NULL, NULL, NULL, NULL),(996, 63, 'icon', '图标', NULL, 'like', 'NO', 'NO', 'string', NULL, NULL, NULL, 1, NULL, NULL, NULL, NULL, NULL),(997, 63, 'name', '名称', NULL, 'like', 'NO', 'NO', 'string', NULL, NULL, NULL, 2, NULL, NULL, NULL, NULL, NULL),(998, 63, 'whether_common', '常见图标', 'YES', 'eq', 'NO', 'NO', 'dic', 'whether', NULL, NULL, 3, NULL, NULL, NULL, NULL, NULL),(999, 55, 'table_name', '表名称', NULL, 'like', 'NO', 'NO', 'string', NULL, NULL, NULL, 1, NULL, NULL, NULL, NULL, NULL),(1000, 55, 'event_type', '事件类型', NULL, 'like', 'NO', 'NO', 'dic', 'eventType', NULL, NULL, 2, NULL, NULL, NULL, NULL, NULL),(1001, 66, 'code', '编号', NULL, 'like', 'NO', 'NO', 'string', NULL, NULL, NULL, 1, NULL, NULL, NULL, NULL, NULL),(1002, 66, 'name', '名称', NULL, 'like', 'NO', 'NO', 'string', NULL, NULL, NULL, 2, NULL, NULL, NULL, NULL, NULL),(1003, 67, 'code', '编号', NULL, 'like', 'NO', 'NO', 'string', NULL, NULL, NULL, 1, NULL, NULL, NULL, NULL, NULL),(1004, 67, 'name', '名称', NULL, 'like', 'NO', 'NO', 'string', NULL, NULL, NULL, 2, NULL, NULL, NULL, NULL, NULL),(1005, 68, 'name', '流程实例名称', NULL, 'like', 'NO', 'NO', 'string', NULL, NULL, NULL, 1, NULL, NULL, NULL, NULL, NULL),(1006, 68, 'flow_name', '流程名称', NULL, 'like', 'NO', 'NO', 'string', NULL, NULL, NULL, 2, NULL, NULL, NULL, NULL, NULL),(1007, 68, 'flow_code', '流程编码', NULL, 'like', 'NO', 'NO', 'string', NULL, NULL, NULL, 3, NULL, NULL, NULL, NULL, NULL),(1008, 68, 'start_time', '创建时间', NULL, 'betweenAnd', 'NO', 'NO', 'date', 'yyyy-MM-dd', NULL, NULL, 4, NULL, 'input-date-range', NULL, NULL, NULL),(1009, 69, 'flow_instance_name', '流程实例名称', NULL, 'like', 'NO', 'NO', 'string', NULL, NULL, NULL, 1, NULL, NULL, NULL, NULL, NULL),(1010, 69, 'task_name', '任务名称', NULL, 'like', 'NO', 'NO', 'string', NULL, NULL, NULL, 2, NULL, NULL, NULL, NULL, NULL),(1011, 69, 'start_time', '开始时间', NULL, 'betweenAnd', 'NO', 'NO', 'date', 'yyyy-MM-dd', NULL, NULL, 3, NULL, 'input-date-range', NULL, NULL, NULL);
UNLOCK TABLES;
COMMIT;
BEGIN;
LOCK TABLES `jqp`.`page_ref` WRITE;
DELETE FROM `jqp`.`page_ref`;
INSERT INTO `jqp`.`page_ref` (`id`,`ref_type`,`ref_field`,`ref_page_code`,`seq`,`page_id`,`ref_name`) VALUES (28, 'page', 'enterpriseUserId=${id}', 'enterpriseUserPosition', 1, 19, '用户岗位'),(35, 'page', 'parentId=${id}', 'dic_item', 1, 3, NULL);
UNLOCK TABLES;
COMMIT;
BEGIN;
LOCK TABLES `jqp`.`page_result_field` WRITE;
DELETE FROM `jqp`.`page_result_field`;
INSERT INTO `jqp`.`page_result_field` (`id`,`page_id`,`field`,`label`,`width`,`type`,`format`,`hidden`,`seq`,`extra_json`,`statistics_sql`,`statistics_label`,`fixed`,`toggled`) VALUES (174, 7, 'id', '主键', NULL, 'long', NULL, 'YES', 1, NULL, NULL, NULL, NULL, NULL),(175, 7, 'code', '编号', NULL, 'string', NULL, 'NO', 2, NULL, NULL, NULL, NULL, NULL),(176, 7, 'name', '名称', NULL, 'string', NULL, 'NO', 3, NULL, NULL, NULL, NULL, NULL),(177, 7, 'table_name', '主表', NULL, 'string', NULL, 'NO', 4, NULL, NULL, NULL, NULL, NULL),(340, 9, 'id', '主键', NULL, 'long', NULL, 'YES', 1, NULL, NULL, NULL, NULL, NULL),(341, 9, 'parent_id', '字典id', NULL, 'long', NULL, 'YES', 2, NULL, NULL, NULL, NULL, NULL),(342, 9, 'label', '字典标签', NULL, 'string', NULL, 'NO', 3, NULL, NULL, NULL, NULL, NULL),(343, 9, 'value', '字典值', NULL, 'string', NULL, 'NO', 4, NULL, NULL, NULL, NULL, NULL),(409, 10, 'id', '主键', NULL, 'long', NULL, 'YES', 1, NULL, NULL, NULL, NULL, NULL),(410, 10, 'code', '编号', NULL, 'string', NULL, 'NO', 2, NULL, NULL, NULL, NULL, NULL),(411, 10, 'name', '名称', NULL, 'string', NULL, 'NO', 3, NULL, NULL, NULL, NULL, NULL),(412, 10, 'value', '值', NULL, 'big-string', NULL, 'NO', 4, NULL, NULL, NULL, NULL, NULL),(549, 13, 'id', '主键', NULL, 'long', NULL, 'YES', 1, NULL, NULL, NULL, NULL, NULL),(550, 13, 'code', '编号', NULL, 'string', NULL, 'NO', 2, NULL, NULL, NULL, NULL, NULL),(551, 13, 'name', '名称', NULL, 'string', NULL, 'NO', 3, NULL, NULL, NULL, NULL, NULL),(552, 13, 'prefix', '前缀', NULL, 'string', NULL, 'NO', 4, NULL, NULL, NULL, NULL, NULL),(553, 13, 'date_format', '日期格式', NULL, 'dic', 'dateFormat', 'NO', 5, NULL, NULL, NULL, NULL, NULL),(554, 13, 'cur_date', '当前日期', NULL, 'string', NULL, 'NO', 6, NULL, NULL, NULL, NULL, NULL),(555, 13, 'cur_serial', '当前顺序号', NULL, 'int', NULL, 'NO', 7, NULL, NULL, NULL, NULL, NULL),(556, 13, 'serial_lenth', '顺序号长度', NULL, 'int', NULL, 'NO', 8, NULL, NULL, NULL, NULL, NULL),(635, 15, 'id', '主键', NULL, 'long', NULL, 'YES', 1, NULL, NULL, NULL, NULL, NULL),(636, 15, 'enterprise_id', '企业id', NULL, 'long', NULL, 'YES', 2, NULL, NULL, NULL, NULL, NULL),(637, 15, 'user_id', '人员id', NULL, 'long', NULL, 'YES', 3, NULL, NULL, NULL, NULL, NULL),(638, 15, 'name', '姓名', NULL, 'string', NULL, 'NO', 4, NULL, NULL, NULL, NULL, NULL),(639, 14, 'id', '主键', NULL, 'long', NULL, 'YES', 1, NULL, NULL, NULL, NULL, NULL),(640, 14, 'code', '编号', NULL, 'string', NULL, 'NO', 2, NULL, NULL, NULL, NULL, NULL),(641, 14, 'name', '名称', NULL, 'string', NULL, 'NO', 3, NULL, NULL, NULL, NULL, NULL),(642, 14, 'logo', 'logo', NULL, 'image', NULL, 'NO', 4, NULL, NULL, NULL, NULL, NULL),(643, 14, 'address', '地址', NULL, 'string', NULL, 'NO', 5, NULL, NULL, NULL, NULL, NULL),(665, 17, 'id', '主键', NULL, 'long', NULL, 'YES', 1, NULL, NULL, NULL, NULL, NULL),(666, 17, 'code', '岗位编号', NULL, 'string', NULL, 'NO', 2, NULL, NULL, NULL, NULL, NULL),(667, 17, 'name', '岗位名称', NULL, 'string', NULL, 'NO', 3, NULL, NULL, NULL, NULL, NULL),(668, 17, 'position_type', '岗位类型', NULL, 'dic', 'positionType', 'NO', 4, NULL, NULL, NULL, NULL, NULL),(669, 17, 'enterprise_id', '企业id', NULL, 'long', NULL, 'YES', 5, NULL, NULL, NULL, NULL, NULL),(769, 22, 'id', '主键', NULL, 'long', NULL, 'YES', 1, NULL, NULL, NULL, NULL, NULL),(770, 22, 'user_code', '用户编号', NULL, 'string', NULL, 'NO', 2, NULL, NULL, NULL, NULL, NULL),(771, 22, 'name', '姓名', NULL, 'string', NULL, 'NO', 3, NULL, NULL, NULL, NULL, NULL),(772, 22, 'mobile', '手机号', NULL, 'string', NULL, 'NO', 4, NULL, NULL, NULL, NULL, NULL),(773, 22, 'create_time', '创建时间', NULL, 'date', 'yyyy-MM-dd', 'NO', 5, NULL, NULL, NULL, NULL, NULL),(774, 22, 'update_time', '更新时间', NULL, 'date', 'yyyy-MM-dd', 'NO', 6, NULL, NULL, NULL, NULL, NULL),(775, 22, 'avatar', '头像', NULL, 'image', NULL, 'NO', 7, NULL, NULL, NULL, NULL, NULL),(776, 22, 'user_status', '用户状态', NULL, 'dic', 'userStatus', 'NO', 8, NULL, NULL, NULL, NULL, NULL),(777, 22, 'other_files', '附件列表', NULL, 'file', NULL, 'NO', 9, NULL, NULL, NULL, NULL, NULL),(797, 18, 'id', '主键', NULL, 'long', NULL, 'YES', 1, NULL, NULL, NULL, NULL, NULL),(798, 18, 'parent_id', '父菜单', NULL, 'long', NULL, 'YES', 2, NULL, NULL, NULL, NULL, NULL),(799, 18, 'menu_code', '菜单编号', NULL, 'string', NULL, 'NO', 3, NULL, NULL, NULL, NULL, NULL),(800, 18, 'menu_name', '菜单名称', NULL, 'string', NULL, 'NO', 4, NULL, NULL, NULL, NULL, NULL),(801, 18, 'menu_type', '菜单类型', NULL, 'dic', 'menuType', 'NO', 5, NULL, NULL, NULL, NULL, NULL),(802, 18, 'url', '菜单地址', NULL, 'long-string', NULL, 'NO', 6, NULL, NULL, NULL, NULL, NULL),(803, 18, 'seq', '序号', NULL, 'int', NULL, 'NO', 7, NULL, NULL, NULL, NULL, NULL),(804, 18, 'icon', '图标', NULL, 'string', NULL, 'NO', 8, NULL, NULL, NULL, NULL, NULL),(842, 23, 'id', '主键', NULL, 'long', NULL, 'YES', 1, NULL, NULL, NULL, NULL, NULL),(843, 23, 'parent_id', '父菜单', NULL, 'long', NULL, 'YES', 2, NULL, NULL, NULL, NULL, NULL),(844, 23, 'menu_code', '菜单编号', NULL, 'string', NULL, 'NO', 3, NULL, NULL, NULL, NULL, NULL),(845, 23, 'menu_name', '菜单名称', NULL, 'string', NULL, 'NO', 4, NULL, NULL, NULL, NULL, NULL),(846, 23, 'menu_type', '菜单类型', NULL, 'dic', 'menuType', 'NO', 5, NULL, NULL, NULL, NULL, NULL),(847, 23, 'url', '菜单地址', NULL, 'long-string', NULL, 'NO', 6, NULL, NULL, NULL, NULL, NULL),(848, 23, 'seq', '序号', NULL, 'int', NULL, 'NO', 7, NULL, NULL, NULL, NULL, NULL),(849, 23, 'icon', '图标', NULL, 'string', NULL, 'NO', 8, NULL, NULL, NULL, NULL, NULL),(864, 24, 'menu_code', '菜单编号', NULL, 'string', NULL, 'NO', 1, NULL, NULL, NULL, NULL, NULL),(948, 26, 'id', '主键', NULL, 'long', NULL, 'YES', 1, NULL, NULL, NULL, NULL, NULL),(949, 26, 'code', '权限编码', NULL, 'string', NULL, 'NO', 2, NULL, NULL, NULL, NULL, NULL),(950, 26, 'name', '权限名称', NULL, 'string', NULL, 'NO', 3, NULL, NULL, NULL, NULL, NULL),(951, 26, 'permission_type', '权限类型', NULL, 'dic', 'permissionType', 'NO', 4, NULL, NULL, NULL, NULL, NULL),(952, 26, 'permission_value', '配置值', NULL, 'string', NULL, 'NO', 5, NULL, NULL, NULL, NULL, NULL),(953, 26, 'component_type', '组件类型', NULL, 'dic', 'componentType', 'NO', 6, NULL, NULL, NULL, NULL, NULL),(954, 26, 'muiti', '是否多选', NULL, 'dic', 'whether', 'NO', 7, NULL, NULL, NULL, NULL, NULL),(955, 26, 'remark', '备注', NULL, 'string', NULL, 'NO', 8, NULL, NULL, NULL, NULL, NULL),(969, 16, 'id', '主键', NULL, 'long', NULL, 'YES', 1, NULL, NULL, NULL, NULL, NULL),(970, 16, 'code', '岗位编号', NULL, 'string', NULL, 'NO', 2, NULL, NULL, NULL, NULL, NULL),(971, 16, 'name', '岗位名称', NULL, 'string', NULL, 'NO', 3, NULL, NULL, NULL, NULL, NULL),(972, 16, 'position_type', '岗位类型', NULL, 'dic', 'positionType', 'NO', 4, NULL, NULL, NULL, NULL, NULL),(973, 16, 'enterprise_id', '企业id', NULL, 'long', NULL, 'YES', 5, NULL, NULL, NULL, NULL, NULL),(990, 27, 'id', '主键', NULL, 'long', NULL, 'YES', 1, NULL, NULL, NULL, NULL, NULL),(991, 27, 'code', '权限编码', NULL, 'string', NULL, 'NO', 2, NULL, NULL, NULL, NULL, NULL),(992, 27, 'name', '权限名称', NULL, 'string', NULL, 'NO', 3, NULL, NULL, NULL, NULL, NULL),(993, 27, 'permission_type', '权限类型', NULL, 'dic', 'permissionType', 'NO', 4, NULL, NULL, NULL, NULL, NULL),(994, 27, 'permission_value', '配置值', NULL, 'string', NULL, 'NO', 5, NULL, NULL, NULL, NULL, NULL),(995, 27, 'component_type', '组件类型', NULL, 'dic', 'componentType', 'NO', 6, NULL, NULL, NULL, NULL, NULL),(996, 27, 'muiti', '是否多选', NULL, 'dic', 'whether', 'NO', 7, NULL, NULL, NULL, NULL, NULL),(997, 27, 'remark', '备注', NULL, 'string', NULL, 'NO', 8, NULL, NULL, NULL, NULL, NULL),(998, 28, 'id', '主键', NULL, 'long', NULL, 'YES', 1, NULL, NULL, NULL, NULL, NULL),(999, 28, 'code', '权限编码', NULL, 'string', NULL, 'NO', 2, NULL, NULL, NULL, NULL, NULL),(1000, 28, 'name', '权限名称', NULL, 'string', NULL, 'NO', 3, NULL, NULL, NULL, NULL, NULL),(1001, 28, 'permission_type', '权限类型', NULL, 'dic', 'permissionType', 'NO', 4, NULL, NULL, NULL, NULL, NULL),(1002, 28, 'permission_value', '配置值', NULL, 'string', NULL, 'NO', 5, NULL, NULL, NULL, NULL, NULL),(1003, 28, 'component_type', '组件类型', NULL, 'dic', 'componentType', 'NO', 6, NULL, NULL, NULL, NULL, NULL),(1004, 28, 'muiti', '是否多选', NULL, 'dic', 'whether', 'NO', 7, NULL, NULL, NULL, NULL, NULL),(1005, 28, 'remark', '备注', NULL, 'string', NULL, 'NO', 8, NULL, NULL, NULL, NULL, NULL),(1239, 33, 'id', '主键', NULL, 'long', NULL, 'YES', 1, NULL, NULL, NULL, NULL, NULL),(1240, 33, 'customer_id', '客户id', NULL, 'long', NULL, 'YES', 2, NULL, NULL, NULL, NULL, NULL),(1241, 33, 'customer_status', '客户状态', NULL, 'dic', 'customerStatus', 'NO', 3, NULL, NULL, NULL, NULL, NULL),(1242, 33, 'create_time', '审核时间', NULL, 'date', 'yyyy-MM-dd HH:mm:ss', 'NO', 4, NULL, NULL, NULL, NULL, NULL),(1243, 33, 'audit_user', '审核人', NULL, 'string', NULL, 'NO', 5, NULL, NULL, NULL, NULL, NULL),(1244, 33, 'audit_result', '审核结果', NULL, 'dic', 'auditResult', 'NO', 6, NULL, NULL, NULL, NULL, NULL),(1245, 33, 'audit_remark', '备注', NULL, 'string', NULL, 'NO', 7, NULL, NULL, NULL, NULL, NULL),(1246, 33, 'audit_imgs', '图片', NULL, 'image', NULL, 'NO', 8, NULL, NULL, NULL, NULL, NULL),(1247, 33, 'audit_files', '附件', NULL, 'file', NULL, 'NO', 9, NULL, NULL, NULL, NULL, NULL),(1302, 34, 'id', '主键', NULL, 'long', NULL, 'YES', 1, NULL, NULL, NULL, NULL, NULL),(1303, 34, 'name', '任务名称', NULL, 'string', NULL, 'NO', 2, NULL, NULL, NULL, NULL, NULL),(1304, 34, 'api', '接口', NULL, 'string', NULL, 'NO', 3, NULL, NULL, NULL, NULL, NULL),(1305, 34, 'scheduling_pattern', '执行频率', NULL, 'string', NULL, 'NO', 4, NULL, NULL, NULL, NULL, NULL),(1306, 34, 'data_status', '状态', NULL, 'dic', 'dataStatus', 'NO', 5, NULL, NULL, NULL, NULL, NULL),(1307, 34, 'params', '参数', NULL, 'big-string', NULL, 'NO', 6, NULL, NULL, NULL, NULL, NULL),(1329, 35, 'id', '主键', NULL, 'long', NULL, 'YES', 1, NULL, NULL, NULL, NULL, NULL),(1330, 35, 'timer_task_id', '定时任务id', NULL, 'long', NULL, 'YES', 2, NULL, NULL, NULL, NULL, NULL),(1331, 35, 'timer_task_record_status', '执行状态', NULL, 'string', NULL, 'NO', 3, NULL, NULL, NULL, NULL, NULL),(1332, 35, 'start_time', '开始时间', NULL, 'date', 'yyyy-MM-dd HH:mm:ss', 'NO', 4, NULL, NULL, NULL, NULL, NULL),(1333, 35, 'end_time', '结束时间', NULL, 'date', 'yyyy-MM-dd HH:mm:ss', 'NO', 5, NULL, NULL, NULL, NULL, NULL),(1334, 35, 'params', '参数', NULL, 'big-string', NULL, 'NO', 6, NULL, NULL, NULL, NULL, NULL),(1335, 35, 'msg', '提示信息', NULL, 'string', NULL, 'NO', 7, NULL, NULL, NULL, NULL, NULL),(1369, 36, 'id', '主键', NULL, 'long', NULL, 'YES', 1, NULL, NULL, NULL, NULL, NULL),(1370, 36, 'create_time', '创建时间', NULL, 'date', 'yyyy-MM-dd HH:mm:ss', 'NO', 2, NULL, NULL, NULL, NULL, NULL),(1371, 36, 'name', '任务名称', NULL, 'string', NULL, 'NO', 3, NULL, NULL, NULL, NULL, NULL),(1372, 36, 'ref_id', '关联id', NULL, 'long', NULL, 'YES', 4, NULL, NULL, NULL, NULL, NULL),(1373, 36, 'params', '参数', NULL, 'string', NULL, 'NO', 5, NULL, NULL, NULL, NULL, NULL),(1374, 36, 'timer_task_status', '任务状态', NULL, 'string', '', 'NO', 6, NULL, NULL, NULL, NULL, NULL),(1375, 36, 'msg', '提示信息', NULL, 'string', NULL, 'NO', 7, NULL, NULL, NULL, NULL, NULL),(1376, 36, 'plan_time', '计划执行时间', NULL, 'date', 'yyyy-MM-dd HH:mm:ss', 'NO', 8, NULL, NULL, NULL, NULL, NULL),(1377, 36, 'start_time', '开始时间', NULL, 'date', 'yyyy-MM-dd HH:mm:ss', 'NO', 9, NULL, NULL, NULL, NULL, NULL),(1378, 36, 'end_time', '结束时间', NULL, 'date', 'yyyy-MM-dd HH:mm:ss', 'NO', 10, NULL, NULL, NULL, NULL, NULL),(1379, 36, 'api', '接口', NULL, 'string', NULL, 'NO', 11, NULL, NULL, NULL, NULL, NULL),(1411, 40, 'url', 'url', NULL, 'string', NULL, 'NO', 1, NULL, NULL, NULL, NULL, NULL),(1425, 39, 'id', '主键', NULL, 'long', NULL, 'YES', 1, NULL, NULL, NULL, NULL, NULL),(1426, 39, 'menu_id', '菜单id', NULL, 'long', NULL, 'YES', 2, NULL, NULL, NULL, NULL, NULL),(1427, 39, 'menu_name', '菜单名称', NULL, 'string', NULL, 'NO', 3, NULL, NULL, NULL, NULL, NULL),(1428, 39, 'name', 'url名称', NULL, 'string', NULL, 'NO', 4, NULL, NULL, NULL, NULL, NULL),(1429, 39, 'url', 'url', NULL, 'string', NULL, 'NO', 5, NULL, NULL, NULL, NULL, NULL),(1430, 38, 'id', '主键', NULL, 'long', NULL, 'YES', 1, NULL, NULL, NULL, NULL, NULL),(1431, 38, 'menu_id', '菜单id', NULL, 'long', NULL, 'YES', 2, NULL, NULL, NULL, NULL, NULL),(1432, 38, 'name', '名称', NULL, 'string', NULL, 'NO', 3, NULL, NULL, NULL, NULL, NULL),(1433, 38, 'url', 'url', NULL, 'string', NULL, 'NO', 4, NULL, NULL, NULL, NULL, NULL),(1434, 30, 'id', '主键', NULL, 'long', NULL, 'YES', 1, NULL, NULL, NULL, NULL, NULL),(1435, 30, 'enterprise_id', '企业id', NULL, 'long', NULL, 'YES', 2, NULL, NULL, NULL, NULL, NULL),(1436, 30, 'user_name', '创建人', NULL, 'string', NULL, 'NO', 3, NULL, NULL, NULL, NULL, NULL),(1437, 30, 'dept_name', '部门名称', NULL, 'string', NULL, 'NO', 4, NULL, NULL, NULL, NULL, NULL),(1438, 30, 'customer_source_id', '客户来源id', NULL, 'long', NULL, 'YES', 5, NULL, NULL, NULL, NULL, NULL),(1439, 30, 'name', '客户姓名', NULL, 'string', NULL, 'NO', 6, NULL, NULL, NULL, NULL, NULL),(1440, 30, 'mobile', '手机号', NULL, 'string', NULL, 'NO', 7, NULL, NULL, NULL, NULL, NULL),(1441, 30, 'decoration_type', '装修类型', NULL, 'dic', 'decorationType', 'NO', 8, NULL, NULL, NULL, NULL, NULL),(1442, 30, 'address', '客户地址', NULL, 'string', NULL, 'NO', 9, NULL, NULL, NULL, NULL, NULL),(1443, 30, 'area', '面积', NULL, 'double', NULL, 'NO', 10, NULL, NULL, NULL, NULL, NULL),(1444, 30, 'customer_status', '客户状态', NULL, 'dic', 'customerStatus', 'NO', 11, NULL, NULL, NULL, NULL, NULL),(1462, 12, 'id', '主键', NULL, 'long', NULL, 'YES', 1, NULL, NULL, NULL, NULL, NULL),(1463, 12, 'user_code', '用户编号', NULL, 'string', NULL, 'NO', 2, NULL, NULL, NULL, NULL, NULL),(1464, 12, 'name', '姓名', NULL, 'string', NULL, 'NO', 3, NULL, NULL, NULL, NULL, NULL),(1465, 12, 'mobile', '手机号', NULL, 'string', NULL, 'NO', 4, NULL, NULL, NULL, NULL, NULL),(1466, 12, 'create_time', '创建时间', NULL, 'date', 'yyyy-MM-dd', 'NO', 5, NULL, NULL, NULL, NULL, NULL),(1467, 12, 'update_time', '更新时间', NULL, 'date', 'yyyy-MM-dd', 'NO', 6, NULL, NULL, NULL, NULL, NULL),(1468, 12, 'avatar', '头像', NULL, 'image', NULL, 'NO', 7, NULL, NULL, NULL, NULL, NULL),(1469, 12, 'user_type', '用户类型', NULL, 'dic', 'userType', 'NO', 8, NULL, NULL, NULL, NULL, NULL),(1470, 12, 'user_status', '用户状态', NULL, 'dic', 'userStatus', 'NO', 9, NULL, NULL, NULL, NULL, NULL),(1471, 12, 'other_files', '附件列表', NULL, 'file', NULL, 'NO', 10, NULL, NULL, NULL, NULL, NULL),(1617, 42, 'id', '主键', NULL, 'long', NULL, 'YES', 1, NULL, NULL, NULL, NULL, NULL),(1618, 42, 'code', '权限编码', NULL, 'string', NULL, 'NO', 2, NULL, NULL, NULL, NULL, NULL),(1619, 42, 'name', '权限名称', NULL, 'string', NULL, 'NO', 3, NULL, NULL, NULL, NULL, NULL),(1620, 42, 'permission_type', '权限类型', NULL, 'dic', 'permissionType', 'NO', 4, NULL, NULL, NULL, NULL, NULL),(1621, 42, 'permission_value', '配置值', NULL, 'string', NULL, 'NO', 5, NULL, NULL, NULL, NULL, NULL),(1622, 42, 'component_type', '组件类型', NULL, 'dic', 'componentType', 'NO', 6, NULL, NULL, NULL, NULL, NULL),(1623, 42, 'muiti', '是否多选', NULL, 'dic', 'whether', 'NO', 7, NULL, NULL, NULL, NULL, NULL),(1624, 42, 'remark', '备注', NULL, 'string', NULL, 'NO', 8, NULL, NULL, NULL, NULL, NULL),(1721, 43, 'id', '关联id', NULL, 'long', NULL, 'YES', 1, NULL, NULL, NULL, NULL, NULL),(1722, 43, 'create_time', '操作时间', NULL, 'date', 'yyyy-MM-dd HH:mm:ss', 'NO', 2, NULL, NULL, NULL, NULL, NULL),(1723, 43, 'TABLE_COMMENT', '表注释', NULL, 'string', NULL, 'NO', 3, NULL, NULL, NULL, NULL, NULL),(1724, 43, 'table_name', '表', NULL, 'string', NULL, 'NO', 4, NULL, NULL, NULL, NULL, NULL),(1725, 43, 'remark', '说明', NULL, 'big-string', NULL, 'NO', 5, NULL, NULL, NULL, NULL, NULL),(1726, 43, 'detail', '详情', NULL, 'big-string', NULL, 'NO', 6, NULL, NULL, NULL, NULL, NULL),(1850, 45, 'deploy_time', '部署时间', NULL, 'date', 'yyyy-MM-dd HH:mm:ss', 'NO', 1, NULL, NULL, NULL, NULL, NULL),(1851, 45, 'id', 'id', NULL, 'string', NULL, 'YES', 2, NULL, NULL, NULL, NULL, NULL),(1852, 45, 'deployment_id', '部署id', NULL, 'string', NULL, 'YES', 3, NULL, NULL, NULL, NULL, NULL),(1853, 45, 'name', '名称', NULL, 'string', NULL, 'NO', 4, NULL, NULL, NULL, NULL, NULL),(1854, 45, 'key', '编号', NULL, 'string', NULL, 'NO', 5, NULL, NULL, NULL, NULL, NULL),(1855, 45, 'version', '版本', NULL, 'int', NULL, 'NO', 6, NULL, NULL, NULL, NULL, NULL),(1856, 45, 'description', '备注', NULL, 'string', NULL, 'NO', 7, NULL, NULL, NULL, NULL, NULL),(1857, 44, 'id', 'id', NULL, 'string', NULL, 'YES', 1, NULL, NULL, NULL, NULL, NULL),(1858, 44, 'deployment_id', '流程部署id', NULL, 'string', NULL, 'YES', 2, NULL, NULL, NULL, NULL, NULL),(1859, 44, 'process_definition_id', '流程定义id', NULL, 'string', NULL, 'YES', 3, NULL, NULL, NULL, NULL, NULL),(1860, 44, 'name', '名称', NULL, 'string', NULL, 'NO', 4, NULL, NULL, NULL, NULL, NULL),(1861, 44, 'key', '编号', NULL, 'string', NULL, 'NO', 5, NULL, NULL, NULL, NULL, NULL),(1862, 44, 'version', '版本号', NULL, 'int', NULL, 'NO', 6, NULL, NULL, NULL, NULL, NULL),(1863, 44, 'create_time', '创建时间', NULL, 'date', 'yyyy-MM-dd HH:mm:ss', 'NO', 7, NULL, NULL, NULL, NULL, NULL),(1864, 44, 'update_time', '更新时间', NULL, 'date', 'yyyy-MM-dd HH:mm:ss', 'NO', 8, NULL, NULL, NULL, NULL, NULL),(1910, 46, 'id', 'id', NULL, 'string', NULL, 'YES', 1, NULL, NULL, NULL, NULL, NULL),(1911, 46, 'name', '实例名称', NULL, 'string', NULL, 'NO', 2, NULL, NULL, NULL, NULL, NULL),(1912, 46, 'start_time', '开始时间', NULL, 'date', 'yyyy-MM-dd HH:mm:ss', 'NO', 3, NULL, NULL, NULL, NULL, NULL),(1913, 46, 'end_time', '结束时间', NULL, 'date', 'yyyy-MM-dd HH:mm:ss', 'NO', 4, NULL, NULL, NULL, NULL, NULL),(1914, 46, 'business_key', '业务编号', NULL, 'string', NULL, 'NO', 5, NULL, NULL, NULL, NULL, NULL),(1915, 46, 'def_name', '流程名称', NULL, 'string', NULL, 'NO', 6, NULL, NULL, NULL, NULL, NULL),(1916, 46, 'key', '流程编号', NULL, 'string', NULL, 'NO', 7, NULL, NULL, NULL, NULL, NULL),(1917, 46, 'def_id', '流程定义id', NULL, 'string', NULL, 'YES', 8, NULL, NULL, NULL, NULL, NULL),(1918, 46, 'version', '流程版本', NULL, 'int', NULL, 'NO', 9, NULL, NULL, NULL, NULL, NULL),(1990, 49, 'id', '主键', NULL, 'long', NULL, 'YES', 1, NULL, NULL, NULL, NULL, NULL),(1991, 49, 'user_code', '用户编号', NULL, 'string', NULL, 'NO', 2, NULL, NULL, NULL, NULL, NULL),(1992, 49, 'name', '姓名', NULL, 'string', NULL, 'NO', 3, NULL, NULL, NULL, NULL, NULL),(1993, 49, 'dept_name', '部门名称', NULL, 'string', NULL, 'NO', 4, NULL, NULL, NULL, NULL, NULL),(1994, 49, 'mobile', '手机号', NULL, 'string', NULL, 'NO', 5, NULL, NULL, NULL, NULL, NULL),(2123, 53, 'id', '主键', NULL, 'long', NULL, 'YES', 1, NULL, NULL, NULL, NULL, NULL),(2124, 53, 'name', '姓名', NULL, 'string', NULL, 'NO', 2, NULL, NULL, NULL, NULL, NULL),(2125, 53, 'year', '年份', NULL, 'string', NULL, 'NO', 3, NULL, NULL, NULL, NULL, NULL),(2126, 53, 'salary', '工资', NULL, 'long', NULL, 'NO', 4, NULL, NULL, NULL, NULL, NULL),(2132, 52, 'id', '主键', NULL, 'long', NULL, 'YES', 1, NULL, NULL, NULL, NULL, NULL),(2133, 52, 'code', '编号', NULL, 'string', NULL, 'NO', 2, NULL, NULL, NULL, NULL, NULL),(2134, 52, 'name', '名称', NULL, 'string', NULL, 'NO', 3, NULL, NULL, NULL, NULL, NULL),(2135, 52, 'config', '配置', NULL, 'big-string', NULL, 'NO', 4, NULL, NULL, NULL, NULL, NULL),(2136, 52, 'querySql', '查询sql', NULL, 'sql', NULL, 'NO', 5, NULL, NULL, NULL, NULL, NULL),(2237, 47, 'id', 'id', NULL, 'string', NULL, 'NO', 1, NULL, NULL, NULL, NULL, NULL),(2238, 47, 'name', '任务名称', NULL, 'string', NULL, 'NO', 2, NULL, NULL, NULL, NULL, NULL),(2239, 47, 'task_start_time', '任务开始时间', NULL, 'date', 'yyyy-MM-dd HH:mm:ss', 'NO', 3, NULL, NULL, NULL, NULL, NULL),(2240, 47, 'task_end_time', '任务结束时间', NULL, 'date', 'yyyy-MM-dd HH:mm:ss', 'NO', 4, NULL, NULL, NULL, NULL, NULL),(2241, 47, 'instance_id', '实例id', NULL, 'string', NULL, 'YES', 5, NULL, NULL, NULL, NULL, NULL),(2242, 47, 'instance_name', '实例名称', NULL, 'string', NULL, 'NO', 6, NULL, NULL, NULL, NULL, NULL),(2243, 47, 'start_time', '开始时间', NULL, 'date', 'yyyy-MM-dd HH:mm:ss', 'NO', 7, NULL, NULL, NULL, NULL, NULL),(2244, 47, 'end_time', '结束时间', NULL, 'date', 'yyyy-MM-dd HH:mm:ss', 'NO', 8, NULL, NULL, NULL, NULL, NULL),(2245, 47, 'business_key', '业务编号', NULL, 'string', NULL, 'NO', 9, NULL, NULL, NULL, NULL, NULL),(2246, 47, 'users', '任务候选人', NULL, 'string', NULL, 'NO', 10, NULL, NULL, NULL, NULL, NULL),(2247, 47, 'exec_user', '实际执行人', NULL, 'string', NULL, 'NO', 11, NULL, NULL, NULL, NULL, NULL),(2248, 47, 'def_name', '流程名称', NULL, 'string', NULL, 'NO', 12, NULL, NULL, NULL, NULL, NULL),(2249, 47, 'key', '流程编号', NULL, 'string', NULL, 'NO', 13, NULL, NULL, NULL, NULL, NULL),(2250, 47, 'def_id', '流程定义id', NULL, 'string', NULL, 'YES', 14, NULL, NULL, NULL, NULL, NULL),(2251, 47, 'version', '流程版本', NULL, 'int', NULL, 'NO', 15, NULL, NULL, NULL, NULL, NULL),(2252, 54, 'id', 'id', NULL, 'string', NULL, 'NO', 1, NULL, NULL, NULL, NULL, NULL),(2253, 54, 'name', '任务名称', NULL, 'string', NULL, 'NO', 2, NULL, NULL, NULL, NULL, NULL),(2254, 54, 'task_start_time', '任务开始时间', NULL, 'date', 'yyyy-MM-dd HH:mm:ss', 'NO', 3, NULL, NULL, NULL, NULL, NULL),(2255, 54, 'task_end_time', '任务结束时间', NULL, 'date', 'yyyy-MM-dd HH:mm:ss', 'NO', 4, NULL, NULL, NULL, NULL, NULL),(2256, 54, 'instance_id', '实例id', NULL, 'string', NULL, 'YES', 5, NULL, NULL, NULL, NULL, NULL),(2257, 54, 'instance_name', '实例名称', NULL, 'string', NULL, 'NO', 6, NULL, NULL, NULL, NULL, NULL),(2258, 54, 'start_time', '开始时间', NULL, 'date', 'yyyy-MM-dd HH:mm:ss', 'NO', 7, NULL, NULL, NULL, NULL, NULL),(2259, 54, 'end_time', '结束时间', NULL, 'date', 'yyyy-MM-dd HH:mm:ss', 'NO', 8, NULL, NULL, NULL, NULL, NULL),(2260, 54, 'business_key', '业务编号', NULL, 'string', NULL, 'NO', 9, NULL, NULL, NULL, NULL, NULL),(2261, 54, 'def_name', '流程名称', NULL, 'string', NULL, 'NO', 10, NULL, NULL, NULL, NULL, NULL),(2262, 54, 'key', '流程编号', NULL, 'string', NULL, 'NO', 11, NULL, NULL, NULL, NULL, NULL),(2263, 54, 'def_id', '流程定义id', NULL, 'string', NULL, 'YES', 12, NULL, NULL, NULL, NULL, NULL),(2264, 54, 'version', '流程版本', NULL, 'int', NULL, 'NO', 13, NULL, NULL, NULL, NULL, NULL),(2280, 20, 'id', '主键', NULL, 'long', NULL, 'YES', 1, NULL, NULL, NULL, NULL, NULL),(2281, 20, 'code', '部门编号', NULL, 'string', NULL, 'NO', 2, NULL, NULL, NULL, NULL, NULL),(2282, 20, 'name', '部门名称', NULL, 'string', NULL, 'NO', 3, NULL, NULL, NULL, NULL, NULL),(2283, 20, 'parent_id', '父部门id', NULL, 'long', NULL, 'YES', 4, NULL, NULL, NULL, NULL, NULL),(2284, 20, 'dept_type', '部门类型', NULL, 'dic', 'deptType', 'NO', 5, NULL, NULL, NULL, NULL, NULL),(2285, 25, 'id', '主键', NULL, 'long', NULL, 'YES', 1, NULL, NULL, NULL, NULL, NULL),(2286, 25, 'dept_id', '部门id', NULL, 'long', NULL, 'YES', 2, NULL, NULL, NULL, NULL, NULL),(2287, 25, 'user_code', '用户编号', NULL, 'string', NULL, 'NO', 3, NULL, NULL, NULL, NULL, NULL),(2288, 25, 'name', '姓名', NULL, 'string', NULL, 'NO', 4, NULL, NULL, NULL, NULL, NULL),(2289, 25, 'dept_name', '部门名称', NULL, 'string', NULL, 'NO', 5, NULL, NULL, NULL, NULL, NULL),(2290, 25, 'mobile', '手机号', NULL, 'string', NULL, 'NO', 6, NULL, NULL, NULL, NULL, NULL),(2291, 25, 'create_time', '创建时间', NULL, 'date', 'yyyy-MM-dd', 'NO', 7, NULL, NULL, NULL, NULL, NULL),(2292, 25, 'update_time', '更新时间', NULL, 'date', 'yyyy-MM-dd', 'NO', 8, NULL, NULL, NULL, NULL, NULL),(2293, 25, 'avatar', '头像', NULL, 'image', NULL, 'NO', 9, NULL, NULL, NULL, NULL, NULL),(2294, 25, 'user_type', '用户类型', NULL, 'dic', 'userType', 'NO', 10, NULL, NULL, NULL, NULL, NULL),(2295, 25, 'user_status', '用户状态', NULL, 'dic', 'userStatus', 'NO', 11, NULL, NULL, NULL, NULL, NULL),(2296, 25, 'other_files', '附件列表', NULL, 'file', NULL, 'NO', 12, NULL, NULL, NULL, NULL, NULL),(2325, 57, 'id', '主键', NULL, 'long', NULL, 'YES', 1, NULL, NULL, NULL, NULL, NULL),(2326, 57, 'table_name', '表', NULL, 'string', NULL, 'NO', 2, NULL, NULL, NULL, NULL, NULL),(2327, 57, 'code', '模板编号', NULL, 'string', NULL, 'NO', 3, NULL, NULL, NULL, NULL, NULL),(2328, 57, 'name', '模板名称', NULL, 'string', NULL, 'NO', 4, NULL, NULL, NULL, NULL, NULL),(2329, 57, 'repeat_fields', '判重字段列表', NULL, 'string', NULL, 'NO', 5, NULL, NULL, NULL, NULL, NULL),(2330, 57, 'repeat_strategy', '判重处理策略', NULL, 'string', NULL, 'NO', 6, NULL, NULL, NULL, NULL, NULL),(2331, 58, 'id', '主键', NULL, 'long', NULL, 'YES', 1, NULL, NULL, NULL, NULL, NULL),(2332, 58, 'user_id', '用户id', NULL, 'long', NULL, 'YES', 2, NULL, NULL, NULL, NULL, NULL),(2333, 58, 'enterprise_id', '企业id', NULL, 'long', NULL, 'YES', 3, NULL, NULL, NULL, NULL, NULL),(2334, 58, 'create_time', '创建时间', NULL, 'date', 'yyyy-MM-dd HH:mm:ss', 'NO', 4, NULL, NULL, NULL, NULL, NULL),(2335, 58, 'plan_time', '计划时间', NULL, 'date', 'yyyy-MM-dd HH:mm:ss', 'NO', 5, NULL, NULL, NULL, NULL, NULL),(2336, 58, 'start_time', '开始时间', NULL, 'date', 'yyyy-MM-dd HH:mm:ss', 'NO', 6, NULL, NULL, NULL, NULL, NULL),(2337, 58, 'end_time', '结束时间', NULL, 'date', 'yyyy-MM-dd HH:mm:ss', 'NO', 7, NULL, NULL, NULL, NULL, NULL),(2338, 58, 'data_import_task_status', '任务状态', NULL, 'dic', 'dataImportTaskStatus', 'NO', 8, NULL, NULL, NULL, NULL, NULL),(2339, 58, 'src_file', '源文件', NULL, 'file', NULL, 'NO', 9, NULL, NULL, NULL, NULL, NULL),(2340, 58, 'error_file', '错误文件', NULL, 'file', NULL, 'NO', 10, NULL, NULL, NULL, NULL, NULL),(2341, 58, 'error_msg', '错误提示', NULL, 'string', NULL, 'NO', 11, NULL, NULL, NULL, NULL, NULL),(2342, 58, 'template_code', '模板编号', NULL, 'string', NULL, 'NO', 12, NULL, NULL, NULL, NULL, NULL),(2343, 59, 'id', '主键', NULL, 'long', NULL, 'YES', 1, NULL, NULL, NULL, NULL, NULL),(2344, 59, 'user_id', '用户id', NULL, 'long', NULL, 'YES', 2, NULL, NULL, NULL, NULL, NULL),(2345, 59, 'enterprise_id', '企业id', NULL, 'long', NULL, 'YES', 3, NULL, NULL, NULL, NULL, NULL),(2346, 59, 'birthday', '生日', NULL, 'date', 'yyyy-MM-dd', 'NO', 4, NULL, NULL, NULL, NULL, NULL),(2347, 59, 'age', '年龄', NULL, 'int', NULL, 'NO', 5, NULL, NULL, NULL, NULL, NULL),(2348, 59, 'gender', '性别', NULL, 'dic', 'gender', 'NO', 6, NULL, NULL, NULL, NULL, NULL),(2349, 50, 'id', '主键', NULL, 'long', NULL, 'YES', 1, NULL, NULL, NULL, NULL, NULL),(2350, 50, 'title', '标题', NULL, 'string', NULL, 'NO', 2, NULL, NULL, NULL, NULL, NULL),(2351, 50, 'content', '内容', NULL, 'big-string', NULL, 'NO', 3, NULL, NULL, NULL, NULL, NULL),(2352, 50, 'update_time', '更新日期', NULL, 'date', 'yyyy-MM-dd', 'NO', 4, NULL, NULL, NULL, NULL, NULL),(2378, 3, 'id', '主键', NULL, 'long', NULL, 'YES', 1, NULL, NULL, NULL, NULL, NULL),(2379, 3, 'dic_code', '字典编号', NULL, 'string', NULL, 'NO', 2, NULL, NULL, NULL, NULL, NULL),(2380, 3, 'dic_name', '字典名称', NULL, 'string', NULL, 'NO', 3, NULL, NULL, NULL, NULL, NULL),(2462, 60, 'id', '主键', NULL, 'long', NULL, 'YES', 1, NULL, NULL, NULL, NULL, NULL),(2463, 60, 'code', '编号', NULL, 'string', NULL, 'NO', 2, NULL, NULL, NULL, NULL, NULL),(2464, 60, 'name', '名称', NULL, 'string', NULL, 'NO', 3, NULL, NULL, NULL, NULL, NULL),(2465, 60, 'sql_info', 'sql语句', NULL, 'sql', NULL, 'NO', 4, NULL, NULL, NULL, NULL, NULL),(2466, 60, 'sql_type', 'sql类型', NULL, 'dic', 'sqlType', 'NO', 5, NULL, NULL, NULL, NULL, NULL),(2467, 60, 'ref_sql_codes', '关联sql', NULL, 'string', NULL, 'NO', 6, NULL, NULL, NULL, NULL, NULL),(2512, 29, 'id', '主键', NULL, 'long', NULL, 'YES', 1, NULL, NULL, NULL, NULL, NULL),(2513, 29, 'code', '来源编码', NULL, 'string', NULL, 'NO', 2, NULL, NULL, NULL, NULL, NULL),(2514, 29, 'name', '来源名称', NULL, 'string', NULL, 'NO', 3, NULL, NULL, NULL, NULL, NULL),(2515, 29, 'parent_id', '父id', NULL, 'long', NULL, 'YES', 4, NULL, NULL, NULL, NULL, NULL),(2570, 4, 'id', '主键', NULL, 'long', NULL, 'YES', 1, NULL, NULL, NULL, NULL, NULL),(2571, 4, 'parent_id', '字典id', NULL, 'long', NULL, 'YES', 2, NULL, NULL, NULL, NULL, NULL),(2572, 4, 'label', '字典标签', NULL, 'tpl', '<span \n	class=\'${!ISEMPTY(color) ? \'label\' : \'\'} cxd-PlainField\' \n	style=\'color:${ISEMPTY(color) ? \'rgb(21, 27, 38)\' : \'\'};background-color:${ISEMPTY(bgColor) ? \'none\':bgColor};\'>\n	${label}\n</span>', 'NO', 3, NULL, NULL, NULL, NULL, NULL),(2573, 4, 'value', '字典值', NULL, 'string', NULL, 'NO', 4, NULL, NULL, NULL, NULL, NULL),(2574, 4, 'seq', '排序', NULL, 'int', NULL, 'NO', 5, NULL, NULL, NULL, NULL, NULL),(2583, 21, 'id', '主键', NULL, 'long', NULL, 'YES', 1, NULL, NULL, NULL, NULL, NULL),(2584, 21, 'enterprise_user_id', '企业用户id', NULL, 'long', NULL, 'YES', 2, NULL, NULL, NULL, NULL, NULL),(2585, 21, 'name', '岗位名称', NULL, 'string', NULL, 'NO', 3, NULL, NULL, NULL, NULL, NULL),(2586, 21, 'code', '岗位编号', NULL, 'string', NULL, 'NO', 4, NULL, NULL, NULL, NULL, NULL),(2597, 61, 'id', '主键', NULL, 'long', NULL, 'YES', 1, NULL, NULL, NULL, NULL, NULL),(2598, 61, 'name', '名称', NULL, 'string', NULL, 'NO', 2, NULL, NULL, NULL, NULL, NULL),(2599, 61, 'code', '编号', NULL, 'string', NULL, 'NO', 3, NULL, NULL, NULL, NULL, NULL),(2600, 61, 'sql_api_prefix', '前缀', NULL, 'string', '', 'NO', 4, NULL, NULL, NULL, NULL, NULL),(2601, 61, 'sql_api_type', '类型', NULL, 'dic', 'sqlApiType', 'NO', 5, NULL, NULL, NULL, NULL, NULL),(2620, 56, 'id', '主键', NULL, 'long', NULL, 'YES', 1, NULL, NULL, NULL, NULL, NULL),(2621, 56, 'code', '编号', NULL, 'string', NULL, 'NO', 2, NULL, NULL, NULL, NULL, NULL),(2622, 56, 'name', '名称', NULL, 'string', NULL, 'NO', 3, NULL, NULL, NULL, NULL, NULL),(2623, 56, 'path', '路径', NULL, 'string', NULL, 'NO', 4, NULL, NULL, NULL, NULL, NULL),(2624, 56, 'content', '内容', NULL, 'big-string', NULL, 'YES', 5, NULL, NULL, NULL, NULL, NULL),(2706, 64, 'id', '主键', NULL, 'long', NULL, 'YES', 1, NULL, NULL, NULL, NULL, NULL),(2707, 64, 'code', '编号', NULL, 'string', NULL, 'NO', 2, NULL, NULL, NULL, NULL, NULL),(2708, 64, 'name', '名称', NULL, 'string', NULL, 'NO', 3, NULL, NULL, NULL, NULL, NULL),(2709, 64, 'seq', '序号', NULL, 'int', NULL, 'YES', 4, NULL, NULL, NULL, NULL, NULL),(2710, 64, 'template_type', '模板类型', NULL, 'string', NULL, 'NO', 5, NULL, NULL, NULL, NULL, NULL),(2711, 64, 'parent_id', '父id', NULL, 'long', NULL, 'YES', 6, NULL, NULL, NULL, NULL, NULL),(2720, 63, 'id', '主键', NULL, 'long', NULL, 'YES', 1, NULL, NULL, NULL, NULL, NULL),(2721, 63, 'icon', '图标', NULL, 'string', NULL, 'NO', 2, '{\"copyable\": true}', NULL, NULL, NULL, NULL),(2722, 63, 'name', '名称', NULL, 'string', '', 'NO', 3, NULL, NULL, NULL, NULL, NULL),(2723, 63, 'label', '展示', NULL, 'tpl', '<i class=\"cxd-Button-icon fa-2x ${icon}\"></i>', 'NO', 4, NULL, NULL, NULL, NULL, NULL),(2724, 63, 'whether_common', '常见图标', NULL, 'dic', 'whether', 'NO', 5, NULL, NULL, NULL, NULL, NULL),(2725, 19, 'id', '主键', NULL, 'long', NULL, 'YES', 1, NULL, NULL, NULL, NULL, NULL),(2726, 19, 'user_id', '用户id', NULL, 'long', NULL, 'YES', 2, NULL, NULL, NULL, NULL, NULL),(2727, 19, 'user_code', '用户编号', NULL, 'string', NULL, 'NO', 3, NULL, NULL, NULL, '', NULL),(2728, 19, 'name', '姓名', NULL, 'string', NULL, 'NO', 4, NULL, NULL, NULL, 'left', NULL),(2729, 19, 'dept_name', '部门名称', NULL, 'string', NULL, 'NO', 5, NULL, NULL, NULL, '', NULL),(2730, 19, 'dept_id', '部门id', NULL, 'long', NULL, 'YES', 6, NULL, NULL, NULL, NULL, NULL),(2731, 19, 'mobile', '手机号', NULL, 'string', NULL, 'NO', 7, NULL, NULL, NULL, NULL, NULL),(2732, 19, 'create_time', '创建时间', NULL, 'date', 'yyyy-MM-dd', 'NO', 8, NULL, NULL, NULL, NULL, NULL),(2733, 19, 'update_time', '更新时间', NULL, 'date', 'yyyy-MM-dd', 'NO', 9, NULL, NULL, NULL, NULL, NULL),(2734, 19, 'user_type', '用户类型', NULL, 'dic', 'userType', 'NO', 10, NULL, NULL, NULL, NULL, NULL),(2735, 19, 'user_status', '用户状态', NULL, 'dic', 'userStatus', 'NO', 11, NULL, NULL, NULL, NULL, NULL),(2754, 2, 'id', '主键', NULL, 'long', NULL, 'YES', 1, NULL, NULL, NULL, NULL, NULL),(2755, 2, 'parent_id', '父菜单', NULL, 'long', NULL, 'YES', 2, NULL, NULL, NULL, NULL, NULL),(2756, 2, 'menu_code', '菜单编号', NULL, 'string', NULL, 'NO', 3, NULL, NULL, NULL, NULL, ''),(2757, 2, 'menu_name', '菜单名称', NULL, 'string', NULL, 'NO', 4, NULL, NULL, NULL, NULL, NULL),(2758, 2, 'menu_type', '菜单类型', NULL, 'dic', 'menuType', 'NO', 5, '', NULL, NULL, NULL, NULL),(2759, 2, 'url', '菜单地址', NULL, 'long-string', NULL, 'NO', 6, NULL, NULL, NULL, NULL, NULL),(2760, 2, 'seq', '序号', NULL, 'int', NULL, 'NO', 7, NULL, '', '', NULL, NULL),(2761, 2, 'icon', '图标', NULL, 'string', NULL, 'NO', 8, NULL, NULL, NULL, NULL, NULL),(2762, 2, 'whether_button', '是否按钮', NULL, 'dic', 'whether', 'NO', 9, NULL, NULL, NULL, NULL, NULL),(2763, 41, 'id', '主键', NULL, 'long', NULL, 'YES', 1, NULL, NULL, NULL, NULL, NULL),(2764, 41, 'table_name', '表名', NULL, 'string', NULL, 'NO', 2, NULL, NULL, NULL, NULL, NULL),(2765, 41, 'table_comment', '注释', NULL, 'string', NULL, 'NO', 3, NULL, NULL, NULL, NULL, NULL),(2766, 41, 'open_cache', '是否开启缓存', NULL, 'dic', 'whether', 'NO', 4, NULL, NULL, NULL, NULL, NULL),(2767, 41, 'save_log', '保存日志', NULL, 'dic', 'whether', 'NO', 5, NULL, NULL, NULL, NULL, NULL),(2768, 41, 'cache_key_fields', '缓存key字段列表', NULL, 'string', NULL, 'NO', 6, NULL, NULL, NULL, NULL, NULL),(2790, 55, 'id', '主键', NULL, 'long', NULL, 'YES', 1, NULL, NULL, NULL, NULL, NULL),(2791, 55, 'table_name', '表名称', NULL, 'string', NULL, 'NO', 2, NULL, NULL, NULL, NULL, NULL),(2792, 55, 'event_type', '事件类型', NULL, 'string', '', 'NO', 3, '{\n    \"type\":\"select\",\n    \"multiple\": true,\n    \"static\":true,\n    \"source\":\"/options/eventType\"\n}', NULL, NULL, NULL, NULL),(2793, 55, 'column_name', '字段名称', NULL, 'string', NULL, 'NO', 4, NULL, NULL, NULL, NULL, NULL),(2794, 55, 'after_api', '接口', NULL, 'string', NULL, 'NO', 5, NULL, NULL, NULL, NULL, NULL),(2795, 55, 'java_bean', 'java接口', NULL, 'string', NULL, 'NO', 6, NULL, NULL, NULL, NULL, NULL),(2796, 55, 'seq', '序号', NULL, 'int', NULL, 'NO', 7, NULL, NULL, NULL, NULL, NULL),(2836, 66, 'id', '主键', NULL, 'long', NULL, 'YES', 1, NULL, NULL, NULL, NULL, NULL),(2837, 66, 'code', '编号', NULL, 'string', NULL, 'NO', 2, NULL, NULL, NULL, NULL, NULL),(2838, 66, 'name', '名称', NULL, 'string', NULL, 'NO', 3, NULL, NULL, NULL, NULL, NULL),(2839, 66, 'last_version', '最新版本', NULL, 'int', NULL, 'NO', 4, NULL, NULL, NULL, NULL, NULL),(2840, 66, 'table_name', '表名称', NULL, 'string', NULL, 'NO', 5, NULL, NULL, NULL, NULL, NULL),(2841, 66, 'status_field', '状态字段', NULL, 'string', NULL, 'NO', 6, NULL, NULL, NULL, NULL, NULL),(2842, 66, 'status_dic', '状态字典', NULL, 'string', NULL, 'NO', 7, NULL, NULL, NULL, NULL, NULL),(2843, 66, 'view_form', '查看表单', NULL, 'string', NULL, 'NO', 8, NULL, NULL, NULL, NULL, NULL),(2844, 66, 'before_api', '前置接口', NULL, 'string', NULL, 'NO', 9, NULL, NULL, NULL, NULL, NULL),(2845, 66, 'after_api', '后置接口', NULL, 'string', NULL, 'NO', 10, NULL, NULL, NULL, NULL, NULL),(2859, 67, 'id', '主键', NULL, 'long', NULL, 'YES', 1, NULL, NULL, NULL, NULL, NULL),(2860, 67, 'code', '编号', NULL, 'string', NULL, 'NO', 2, NULL, NULL, NULL, NULL, NULL),(2861, 67, 'name', '名称', NULL, 'string', NULL, 'NO', 3, NULL, NULL, NULL, NULL, NULL),(2862, 67, 'version', '当前版本', NULL, 'int', NULL, 'NO', 4, NULL, NULL, NULL, NULL, NULL),(2863, 67, 'table_name', '表名称', NULL, 'string', NULL, 'NO', 5, NULL, NULL, NULL, NULL, NULL),(2864, 67, 'status_field', '状态字段', NULL, 'string', NULL, 'NO', 6, NULL, NULL, NULL, NULL, NULL),(2865, 67, 'status_dic', '状态字典', NULL, 'string', NULL, 'NO', 7, NULL, NULL, NULL, NULL, NULL),(2866, 67, 'view_form', '查看表单', NULL, 'string', NULL, 'NO', 8, NULL, NULL, NULL, NULL, NULL),(2867, 67, 'before_api', '前置接口', NULL, 'string', NULL, 'NO', 9, NULL, NULL, NULL, NULL, NULL),(2868, 67, 'after_api', '后置接口', NULL, 'string', NULL, 'NO', 10, NULL, NULL, NULL, NULL, NULL),(2869, 68, 'id', '主键', NULL, 'long', NULL, 'YES', 1, NULL, NULL, NULL, NULL, NULL),(2870, 68, 'flow_deploy_id', '流程部署id', NULL, 'long', NULL, 'YES', 2, NULL, NULL, NULL, NULL, NULL),(2871, 68, 'flow_id', '流程id', NULL, 'long', NULL, 'YES', 3, NULL, NULL, NULL, NULL, NULL),(2872, 68, 'ref_id', '关联id', NULL, 'long', NULL, 'YES', 4, NULL, NULL, NULL, NULL, NULL),(2873, 68, 'name', '流程实例名称', NULL, 'string', NULL, 'NO', 5, NULL, NULL, NULL, NULL, NULL),(2874, 68, 'start_time', '开始时间', NULL, 'date', 'yyyy-MM-dd HH:mm:ss', 'NO', 6, NULL, NULL, NULL, NULL, NULL),(2875, 68, 'end_time', '结束时间', NULL, 'date', 'yyyy-MM-dd HH:mm:ss', 'NO', 7, NULL, NULL, NULL, NULL, NULL),(2876, 68, 'current_task_id', '当前任务id', NULL, 'string', NULL, 'YES', 8, NULL, NULL, NULL, NULL, NULL),(2877, 68, 'current_task_name', '当前任务', NULL, 'string', NULL, 'NO', 9, NULL, NULL, NULL, NULL, NULL),(2878, 68, 'flow_code', '流程编码', NULL, 'string', NULL, 'NO', 10, NULL, NULL, NULL, NULL, NULL),(2879, 68, 'flow_name', '流程名称', NULL, 'string', NULL, 'NO', 11, NULL, NULL, NULL, NULL, NULL),(2880, 68, 'version', '流程版本', NULL, 'int', NULL, 'NO', 12, NULL, NULL, NULL, NULL, NULL),(2881, 68, 'create_user_id', '发起人id', NULL, 'long', NULL, 'YES', 13, NULL, NULL, NULL, NULL, NULL),(2882, 68, 'create_user_name', '发起人姓名', NULL, 'string', NULL, 'NO', 14, NULL, NULL, NULL, NULL, NULL),(2883, 68, 'enterprise_id', '企业id', NULL, 'long', NULL, 'YES', 15, NULL, NULL, NULL, NULL, NULL),(2884, 68, 'view_form', '查看表单', NULL, 'string', NULL, 'YES', 16, NULL, NULL, NULL, NULL, NULL),(3025, 48, 'id', '主键', NULL, 'long', NULL, 'YES', 1, NULL, NULL, NULL, NULL, NULL),(3026, 48, 'order_code', '订单号', NULL, 'string', NULL, 'NO', 2, NULL, NULL, NULL, NULL, NULL),(3027, 48, 'customer_manager_id', '客户经理id', NULL, 'long', NULL, 'YES', 3, NULL, NULL, NULL, NULL, NULL),(3028, 48, 'customer_manager_name', '客户经理', NULL, 'string', NULL, 'NO', 4, NULL, NULL, NULL, NULL, NULL),(3029, 48, 'designer_id', '设计师id', NULL, 'long', NULL, 'YES', 5, NULL, NULL, NULL, NULL, NULL),(3030, 48, 'designer_name', '设计师', NULL, 'string', NULL, 'NO', 6, NULL, NULL, NULL, NULL, NULL),(3031, 48, 'test_order_status', '订单状态', NULL, 'dic', 'testOrderStatus', 'NO', 7, NULL, NULL, NULL, NULL, NULL),(3032, 48, 'create_time', '创建时间', NULL, 'date', 'yyyy-MM-dd', 'NO', 8, NULL, NULL, NULL, NULL, NULL),(3033, 48, 'amount', '订单金额', NULL, 'double', NULL, 'NO', 9, NULL, NULL, NULL, NULL, NULL),(3034, 69, 'id', '主键', NULL, 'long', NULL, 'YES', 1, NULL, NULL, NULL, NULL, NULL),(3035, 69, 'flow_instance_id', '流程实例id', NULL, 'long', NULL, 'YES', 2, NULL, NULL, NULL, NULL, NULL),(3036, 69, 'flow_instance_name', '流程实例名称', 250, 'string', NULL, 'NO', 3, NULL, NULL, NULL, 'left', NULL),(3037, 69, 'task_name', '任务名称', 120, 'string', NULL, 'NO', 4, NULL, NULL, NULL, 'left', NULL),(3038, 69, 'task_id', '任务id', NULL, 'string', NULL, 'YES', 5, NULL, NULL, NULL, NULL, NULL),(3039, 69, 'start_time', '开始时间', 120, 'date', 'yyyy-MM-dd HH:mm:ss', 'NO', 6, NULL, NULL, NULL, NULL, NULL),(3040, 69, 'end_time', '结束时间', 120, 'date', 'yyyy-MM-dd HH:mm:ss', 'NO', 7, NULL, NULL, NULL, NULL, NULL),(3041, 69, 'edge_id', '流转id', NULL, 'string', NULL, 'YES', 8, NULL, NULL, NULL, NULL, NULL),(3042, 69, 'edge_name', '流转名称', 80, 'string', NULL, 'NO', 9, NULL, NULL, NULL, NULL, NULL),(3043, 69, 'candidate_user_ids', '候选人列表', NULL, 'string', NULL, 'YES', 10, NULL, NULL, NULL, NULL, NULL),(3044, 69, 'candidate_position_codes', '候选岗位列表', NULL, 'string', NULL, 'YES', 11, NULL, NULL, NULL, NULL, NULL),(3045, 69, 'audit_user_id', '审核人id', NULL, 'long', NULL, 'YES', 12, NULL, NULL, NULL, NULL, NULL),(3046, 69, 'audit_user_name', '审核人姓名', 80, 'string', NULL, 'NO', 13, NULL, NULL, NULL, NULL, NULL),(3047, 69, 'order_status', '单据状态', NULL, 'string', NULL, 'YES', 14, NULL, NULL, NULL, NULL, NULL),(3048, 69, 'order_status_name', '单据状态', 80, 'string', NULL, 'NO', 15, NULL, NULL, NULL, NULL, NULL),(3049, 69, 'order_status_dic', '状态字典', NULL, 'string', NULL, 'YES', 16, NULL, NULL, NULL, NULL, NULL),(3050, 69, 'table_name', '表名', NULL, 'string', NULL, 'YES', 17, NULL, NULL, NULL, NULL, NULL),(3051, 69, 'ref_id', '关联id', NULL, 'long', NULL, 'YES', 18, NULL, NULL, NULL, NULL, NULL),(3052, 69, 'flow_code', '流程编码', 80, 'string', NULL, 'NO', 19, NULL, NULL, NULL, NULL, NULL),(3053, 69, 'flow_name', '流程名称', 120, 'string', NULL, 'NO', 20, NULL, NULL, NULL, NULL, NULL),(3054, 69, 'audit_remark', '审核备注', 200, 'string', NULL, 'NO', 21, NULL, NULL, NULL, NULL, NULL),(3055, 69, 'audit_files', '审核附件', 200, 'file', NULL, 'NO', 22, NULL, NULL, NULL, NULL, NULL),(3056, 69, 'audit_imgs', '审核图片', 200, 'image', NULL, 'NO', 23, NULL, NULL, NULL, NULL, NULL),(3057, 69, 'enterprise_id', '企业id', NULL, 'long', NULL, 'YES', 24, NULL, NULL, NULL, NULL, NULL),(3058, 69, 'view_form', '查看表单', NULL, 'string', NULL, 'YES', 25, NULL, NULL, NULL, NULL, NULL),(3059, 69, 'pass', '是否通过', 60, 'dic', 'whether', 'NO', 26, NULL, NULL, NULL, NULL, NULL),(3060, 69, 'create_user_id', '创建人id', NULL, 'long', NULL, 'YES', 27, NULL, NULL, NULL, NULL, NULL),(3061, 69, 'create_user_name', '创建人姓名', 100, 'string', NULL, 'NO', 28, NULL, NULL, NULL, NULL, NULL);
UNLOCK TABLES;
COMMIT;
BEGIN;
LOCK TABLES `jqp`.`permission` WRITE;
DELETE FROM `jqp`.`permission`;
INSERT INTO `jqp`.`permission` (`id`,`code`,`name`,`permission_type`,`permission_value`,`component_type`,`muiti`,`remark`) VALUES (7, 'customerSource', '客户来源', 'page', 'customerSource', 'input-tree', 'YES', NULL),(8, 'decorationType', '装修类型', 'dic', 'decorationType', 'checkboxes', 'YES', NULL),(9, 'dept', '部门', 'dic', 'dept', 'radios', 'NO', NULL),(10, 'selfOrAll', '销售员', 'dic', 'selfOrAll', 'radios', 'NO', NULL);
UNLOCK TABLES;
COMMIT;
BEGIN;
LOCK TABLES `jqp`.`position` WRITE;
DELETE FROM `jqp`.`position`;
INSERT INTO `jqp`.`position` (`id`,`code`,`name`,`position_type`,`enterprise_id`) VALUES (3, 'test1', '测试1', '2', 3),(4, '测试固定岗位', '1111', '1', 4),(5, 'SalesUser', '销售员', '2', 4);
UNLOCK TABLES;
COMMIT;
BEGIN;
LOCK TABLES `jqp`.`position_menu` WRITE;
DELETE FROM `jqp`.`position_menu`;
INSERT INTO `jqp`.`position_menu` (`id`,`position_id`,`enterprise_id`,`menu_id`) VALUES (3, 4, 3, 17),(4, 4, 3, 19),(5, 4, 3, 8),(24, 4, 4, 8),(25, 4, 4, 10),(26, 4, 4, 11),(27, 4, 4, 13),(28, 4, 4, 14),(31, 4, 4, 83),(32, 4, 4, 84),(33, 4, 4, 85),(34, 4, 4, 86),(35, 4, 4, 77),(36, 4, 4, 78),(37, 4, 4, 79),(38, 4, 4, 80),(39, 4, 4, 81),(40, 4, 4, 82),(41, 4, 4, 55),(42, 4, 4, 56),(43, 4, 4, 57),(44, 4, 4, 58),(45, 4, 4, 59),(46, 4, 4, 60),(47, 4, 4, 61),(48, 4, 4, 62),(49, 4, 4, 63),(50, 4, 4, 64),(51, 4, 4, 65),(52, 4, 4, 66),(53, 4, 4, 67),(54, 4, 4, 68),(55, 4, 4, 69),(56, 4, 4, 70),(57, 4, 4, 71),(58, 4, 4, 72),(59, 4, 4, 73),(60, 4, 4, 74),(61, 4, 4, 75),(62, 4, 4, 76),(82, 5, 4, 8),(83, 5, 4, 10),(84, 5, 4, 11),(85, 5, 4, 14),(87, 5, 4, 105),(88, 5, 4, 159),(91, 5, 4, 83),(92, 5, 4, 84),(93, 5, 4, 85),(94, 5, 4, 86),(95, 5, 4, 134),(96, 5, 4, 135),(97, 5, 4, 136),(98, 5, 4, 137),(99, 5, 4, 152),(100, 5, 4, 153),(101, 5, 4, 154),(102, 5, 4, 155),(103, 5, 4, 156),(104, 5, 4, 157),(105, 5, 4, 158),(106, 5, 4, 77),(107, 5, 4, 78),(108, 5, 4, 79),(109, 5, 4, 80),(110, 5, 4, 81),(111, 5, 4, 82),(112, 5, 4, 94),(113, 5, 4, 95),(114, 5, 4, 96),(122, 5, 4, 113),(123, 5, 4, 114),(124, 5, 4, 115),(125, 5, 4, 116),(126, 5, 4, 138),(127, 5, 4, 139),(128, 5, 4, 140),(129, 5, 4, 144),(130, 5, 4, 145),(131, 5, 4, 146),(132, 5, 4, 52),(133, 5, 4, 53),(134, 5, 4, 54),(135, 5, 4, 148),(136, 5, 4, 55),(137, 5, 4, 56),(138, 5, 4, 57),(139, 5, 4, 58),(140, 5, 4, 59),(141, 5, 4, 60),(142, 5, 4, 61),(143, 5, 4, 62),(144, 5, 4, 63),(145, 5, 4, 64),(146, 5, 4, 92),(147, 5, 4, 141),(148, 5, 4, 65),(149, 5, 4, 66),(150, 5, 4, 67),(151, 5, 4, 68),(152, 5, 4, 69),(153, 5, 4, 70),(154, 5, 4, 89),(155, 5, 4, 90),(156, 5, 4, 93),(157, 5, 4, 142),(158, 5, 4, 71),(159, 5, 4, 72),(160, 5, 4, 73),(161, 5, 4, 74),(162, 5, 4, 75),(163, 5, 4, 76),(164, 5, 4, 149),(165, 5, 4, 150),(166, 5, 4, 151);
UNLOCK TABLES;
COMMIT;
BEGIN;
LOCK TABLES `jqp`.`position_permission` WRITE;
DELETE FROM `jqp`.`position_permission`;
INSERT INTO `jqp`.`position_permission` (`id`,`position_id`,`enterprise_id`,`permission_id`,`config_value`) VALUES (18, 5, 4, 7, '4'),(19, 5, 4, 7, '5'),(20, 5, 4, 7, '6'),(23, 5, 4, 10, 'self'),(26, 5, 4, 9, 'manageDeptAndChild'),(28, 5, 4, 8, '3'),(29, 5, 4, 8, '1');
UNLOCK TABLES;
COMMIT;
BEGIN;
LOCK TABLES `jqp`.`serial_number` WRITE;
DELETE FROM `jqp`.`serial_number`;
INSERT INTO `jqp`.`serial_number` (`id`,`code`,`name`,`prefix`,`date_format`,`cur_date`,`cur_serial`,`serial_lenth`) VALUES (1, 'dateSerial', '日期序号', 'S', 'yyyyMMdd', '20230515', 5, 6);
UNLOCK TABLES;
COMMIT;
BEGIN;
LOCK TABLES `jqp`.`sql_api` WRITE;
DELETE FROM `jqp`.`sql_api`;
INSERT INTO `jqp`.`sql_api` (`id`,`name`,`code`,`sql_api_prefix`,`content`,`sql_api_type`) VALUES (4, '测试页面详情', 'testPage', '/api/public,/admin/api', '{\"type\":\"array\",\"sql\":\"page\",\"props\":[{\"type\":\"array\",\"sql\":\"pageQueryFields\",\"args\":[{\"label\":\"页面id\",\"name\":\"pageId\",\"value\":\"${page.id}\"}],\"name\":\"queryFields\"},{\"type\":\"array\",\"sql\":\"pageResultFields\",\"args\":[{\"label\":\"页面id\",\"name\":\"pageId\",\"value\":\"${page.id}\"}],\"name\":\"resultFields\"}],\"name\":\"page\"}', 'query');
UNLOCK TABLES;
COMMIT;
BEGIN;
LOCK TABLES `jqp`.`sql_info` WRITE;
DELETE FROM `jqp`.`sql_info`;
INSERT INTO `jqp`.`sql_info` (`id`,`code`,`name`,`sql_info`,`sql_type`,`ref_sql_codes`) VALUES (1, 'test', '测试', 'select * from dic where 1=1 and dic_name = :dicName $testRef', 'query', 'testRef'),(2, 'testRef', '测试关联', '#if($dicCode) and dic_code like :dicCode #end', 'part', ''),(4, 'page', '页面', 'select * from page where id = :id', 'query', ''),(5, 'pageQueryFields', '页面查询字段', 'select * from page_query_field where page_id = :pageId order by seq', 'query', ''),(6, 'pageResultFields', '页面结果', 'select * from page_result_field where page_id = :pageId order by seq asc', 'query', '');
UNLOCK TABLES;
COMMIT;
BEGIN;
LOCK TABLES `jqp`.`sql_param` WRITE;
DELETE FROM `jqp`.`sql_param`;
INSERT INTO `jqp`.`sql_param` (`id`,`sql_info_id`,`seq`,`name`,`label`,`must`,`param_type`,`format`,`default_value`) VALUES (5, 2, 1, 'dicCode', '字典编号', 'YES', 'string', NULL, NULL),(6, 1, 1, 'dicCode', '字典编号', 'YES', 'string', NULL, NULL),(7, 1, 2, 'dicName', '字典名称', 'YES', 'string', NULL, NULL),(8, 4, 1, 'id', 'id', 'YES', 'long', NULL, NULL),(9, 5, 1, 'pageId', '页面id', 'YES', 'long', NULL, NULL),(10, 6, 1, 'pageId', '页面id', 'YES', 'int', NULL, NULL);
UNLOCK TABLES;
COMMIT;
BEGIN;
LOCK TABLES `jqp`.`sql_result` WRITE;
DELETE FROM `jqp`.`sql_result`;
INSERT INTO `jqp`.`sql_result` (`id`,`sql_info_id`,`field`,`label`,`type`,`format`,`seq`) VALUES (1, 1, 'id', '主键', 'long', NULL, 1),(13, 1, 'dic_code', '字典编号', 'string', NULL, 2),(14, 1, 'dic_name', '字典名称', 'string', NULL, 3),(15, 4, 'id', '主键', 'long', NULL, 1),(16, 4, 'code', '编码', 'string', NULL, 2),(17, 4, 'query_sql', '查询sql', 'string', NULL, 3),(18, 4, 'page_type', '页面类型', 'string', NULL, 4),(19, 4, 'order_by', '排序', 'string', NULL, 5),(20, 4, 'js', 'js脚本', 'string', NULL, 6),(21, 4, 'name', '名称', 'string', NULL, 7),(22, 4, 'label_field', '名称字段', 'string', NULL, 8),(23, 4, 'value_field', '值字段', 'string', NULL, 9),(24, 4, 'width', '宽度', 'int', NULL, 10),(25, 4, 'before_api', '前置接口', 'string', NULL, 11),(26, 4, 'open_page', '是否开启分页', 'string', NULL, 12),(27, 5, 'id', '主键', 'long', NULL, 1),(28, 5, 'page_id', '页面id', 'long', NULL, 2),(29, 5, 'field', '字段', 'string', NULL, 3),(30, 5, 'label', '标签', 'string', NULL, 4),(31, 5, 'value', '默认值', 'string', NULL, 5),(32, 5, 'opt', '操作符', 'string', NULL, 6),(33, 5, 'hidden', '是否隐藏', 'string', NULL, 7),(34, 5, 'must', '是否必填', 'string', NULL, 8),(35, 5, 'type', '类型', 'string', NULL, 9),(36, 5, 'format', '格式化', 'string', NULL, 10),(37, 5, 'date_express', '日期表达式', 'string', NULL, 11),(38, 5, 'option_sql', '选项查询sql', 'string', NULL, 12),(39, 5, 'seq', '序号', 'long', NULL, 13),(40, 5, 'width', '宽度', 'int', NULL, 14),(41, 5, 'component_type', '组件类型', 'string', NULL, 15),(42, 5, 'multi', '是否多选', 'string', NULL, 16),(43, 5, 'ref', '是否关联字段', 'string', NULL, 17),(44, 5, 'label_remark', '标签提示', 'string', NULL, 18),(45, 6, 'id', '主键', 'long', NULL, 1),(46, 6, 'page_id', '页面id', 'long', NULL, 2),(47, 6, 'field', '字段', 'string', NULL, 3),(48, 6, 'label', '注释', 'string', NULL, 4),(49, 6, 'width', '宽度', 'int', NULL, 5),(50, 6, 'type', '类型', 'string', NULL, 6),(51, 6, 'format', '格式化', 'string', NULL, 7),(52, 6, 'hidden', '是否隐藏', 'string', NULL, 8),(53, 6, 'seq', '序号', 'int', NULL, 9);
UNLOCK TABLES;
COMMIT;
BEGIN;
LOCK TABLES `jqp`.`sys_file` WRITE;
DELETE FROM `jqp`.`sys_file`;
INSERT INTO `jqp`.`sys_file` (`id`,`file_name`,`suffix`,`size`,`path`,`upload_time`,`content_type`) VALUES (1, '8c320f09f6cf14ceb9ae281049384541.jpg', 'jpg', 84866, '/2022/01/27/a75d3a499d69438d83619d6aed29b016.jpg', '2022-01-27 15:00:38', 'image/jpeg'),(2, '7f8d521bf999e2d14c6bf1e9b952daf2.jpg', 'jpg', 73726, '/2022/01/27/9c1eeb84379449ae9a31619b1ff32b9a.jpg', '2022-01-27 15:02:55', 'image/jpeg'),(3, '43e6a11ac1db1d2c63509d2f9ae704e9.jpeg', 'jpeg', 31014, '/2022/01/27/2d2993a8cad1401ebead021396d2539c.jpeg', '2022-01-27 15:04:48', 'image/jpeg'),(4, 'b68c9f5e7aed7e50e508445681dcf2e4.jpeg', 'jpeg', 32828, '/2022/01/27/5715b098da8b4749a2486681c34ac322.jpeg', '2022-01-27 15:08:49', 'image/jpeg'),(5, '43e6a11ac1db1d2c63509d2f9ae704e9.jpeg', 'jpeg', 31014, '/2022/01/27/865e557131da4997b59411487a7170e6.jpeg', '2022-01-27 15:10:58', 'image/jpeg'),(6, 'b68c9f5e7aed7e50e508445681dcf2e4.jpeg', 'jpeg', 32828, '/2022/01/27/553640d7b6824f7b80da14266936eeca.jpeg', '2022-01-27 15:24:20', 'image/jpeg'),(7, '43e6a11ac1db1d2c63509d2f9ae704e9.jpeg', 'jpeg', 31014, '/2022/01/27/f74988d8d87d4f46b9dc0800d25fb9e4.jpeg', '2022-01-27 15:52:25', 'image/jpeg'),(8, 'b68c9f5e7aed7e50e508445681dcf2e4.jpeg', 'jpeg', 32828, '/2022/01/27/a8217f37ee7846d296168d4f80ceecd8.jpeg', '2022-01-27 15:52:25', 'image/jpeg'),(9, 'b68c9f5e7aed7e50e508445681dcf2e4.jpeg', 'jpeg', 32828, '/2022/01/27/258eab344c3c439fb7a5bbf538251723.jpeg', '2022-01-27 16:04:56', 'image/jpeg'),(10, '博洛尼合同印章.png', 'png', 17399, '/2022/01/27/042277584cc644bb96f86e8b76ebf352.png', '2022-01-27 16:05:28', 'image/png'),(11, 'svn服务器.docx', 'docx', 201459, '/2022/01/27/6783de565b5f4212a8b96899c1bb98ef.docx', '2022-01-27 16:07:27', 'application/vnd.openxmlformats-officedocument.wordprocessingml.document'),(12, '43e6a11ac1db1d2c63509d2f9ae704e9.jpeg', 'jpeg', 31014, '/2022/01/27/1e1930be37554b92971b291381d96fab.jpeg', '2022-01-27 16:10:02', 'image/jpeg'),(13, 'b68c9f5e7aed7e50e508445681dcf2e4.jpeg', 'jpeg', 32828, '/2022/02/11/a0689d94f70340e392be52c61a611b69.jpeg', '2022-02-11 10:17:44', 'image/jpeg'),(14, '43e6a11ac1db1d2c63509d2f9ae704e9.jpeg', 'jpeg', 31014, '/2022/02/11/aa375cb40b5c41448fb5ee679da99134.jpeg', '2022-02-11 10:17:50', 'image/jpeg'),(15, '43e6a11ac1db1d2c63509d2f9ae704e9.jpeg', 'jpeg', 31014, '/2022/02/11/f2ed09f6362c48c8b65751f57dcc2578.jpeg', '2022-02-11 10:19:29', 'image/jpeg'),(16, '43e6a11ac1db1d2c63509d2f9ae704e9.jpeg', 'jpeg', 31014, '/2022/02/11/b8fb201b4aea4288a96131f522ad1ab6.jpeg', '2022-02-11 10:20:17', 'image/jpeg'),(17, 'b68c9f5e7aed7e50e508445681dcf2e4.jpeg', 'jpeg', 32828, '/2022/02/11/02b5e1ff0d5f4d879d8452db3b197670.jpeg', '2022-02-11 10:27:52', 'image/jpeg'),(18, '43e6a11ac1db1d2c63509d2f9ae704e9.jpeg', 'jpeg', 31014, '/2022/02/11/c5cfbc67f9d64cd3809c505709266826.jpeg', '2022-02-11 10:28:07', 'image/jpeg'),(19, '43e6a11ac1db1d2c63509d2f9ae704e9.jpeg', 'jpeg', 31014, '/2022/02/11/55e3e8c8662f4d868adcb127d01efceb.jpeg', '2022-02-11 10:37:22', 'image/jpeg'),(20, 'b68c9f5e7aed7e50e508445681dcf2e4.jpeg', 'jpeg', 32828, '/2022/02/11/ae10cf6e39f2499abf15fcec79712691.jpeg', '2022-02-11 14:27:12', 'image/jpeg'),(21, 'b68c9f5e7aed7e50e508445681dcf2e4.jpeg', 'jpeg', 32828, '/2022/02/15/7772af1b9c5743a7b9f0cfd0e0eebf9e.jpeg', '2022-02-15 09:32:59', 'image/jpeg'),(22, '43e6a11ac1db1d2c63509d2f9ae704e9.jpeg', 'jpeg', 31014, '/2022/02/16/863d5ea203d849eaaebf5ad71682a09a.jpeg', '2022-02-16 10:55:12', 'image/jpeg'),(23, '43e6a11ac1db1d2c63509d2f9ae704e9.jpeg', 'jpeg', 31014, '/2022/02/16/cdd7b19d896b4942b443a41485240705.jpeg', '2022-02-16 10:55:32', 'image/jpeg'),(24, 'b68c9f5e7aed7e50e508445681dcf2e4.jpeg', 'jpeg', 32828, '/2022/02/16/8a0da8afe3ef4af197da50877dfaf257.jpeg', '2022-02-16 10:55:32', 'image/jpeg'),(25, '43e6a11ac1db1d2c63509d2f9ae704e9.jpeg', 'jpeg', 31014, '/2022/02/22/a92ebf47579b496a806ae9b04b3245af.jpeg', '2022-02-22 11:47:35', 'image/jpeg'),(26, 'b68c9f5e7aed7e50e508445681dcf2e4.jpeg', 'jpeg', 32828, '/2022/02/22/e94c38ed917a49479129c10ed97edac2.jpeg', '2022-02-22 11:47:35', 'image/jpeg'),(27, '策略用户权重.xlsx', 'xlsx', 10911, '/2022/02/22/e759a3cb3e6f42dbb4a5eed47b505e38.xlsx', '2022-02-22 11:47:57', 'application/vnd.openxmlformats-officedocument.spreadsheetml.sheet'),(28, '策略用户权重测试.xlsx', 'xlsx', 10364, '/2022/02/22/1d33a07eaa054bed8bb5522df90bc1d4.xlsx', '2022-02-22 11:47:57', 'application/vnd.openxmlformats-officedocument.spreadsheetml.sheet'),(29, 'b68c9f5e7aed7e50e508445681dcf2e4.jpeg', 'jpeg', 32828, '/2022/02/22/d04b4023b5c04de08eb863821f50905f.jpeg', '2022-02-22 11:52:22', 'image/jpeg'),(30, '43e6a11ac1db1d2c63509d2f9ae704e9.jpeg', 'jpeg', 31014, '/2022/02/22/b139e57691e7453f887b1357d9cadf51.jpeg', '2022-02-22 12:25:10', 'image/jpeg'),(31, '20220112strategyUserWeightList.xls', 'xls', 5120, '/2022/02/22/facc669473e74d02a12eebbff24d83de.xls', '2022-02-22 12:25:15', 'application/vnd.ms-excel'),(32, '43e6a11ac1db1d2c63509d2f9ae704e9.jpeg', 'jpeg', 31014, '/2022/02/24/d8d51c513f9e42d8aafe664865983dfe.jpeg', '2022-02-24 16:43:18', 'image/jpeg'),(33, 'b68c9f5e7aed7e50e508445681dcf2e4.jpeg', 'jpeg', 32828, '/2022/02/24/5802a6750ac8445784f9a1e2afda14a4.jpeg', '2022-02-24 16:43:19', 'image/jpeg'),(34, '43e6a11ac1db1d2c63509d2f9ae704e9.jpeg', 'jpeg', 31014, '/2022/02/24/e53c19212f8e480ba7613d48655d9661.jpeg', '2022-02-24 16:43:22', 'image/jpeg'),(35, 'b68c9f5e7aed7e50e508445681dcf2e4.jpeg', 'jpeg', 32828, '/2022/02/24/935ae4f66e5640d98b83825d43467b0e.jpeg', '2022-02-24 16:43:22', 'image/jpeg'),(36, '1.png', 'png', 502349, '/2022/03/04/25735a9a899c4a5d936965d31d189e1f.png', '2022-03-04 17:22:58', 'image/png'),(37, 'hyz', '', 887, '/2022/03/04/ecec536e4c8044d0a992a13e47c77b11', '2022-03-04 17:23:06', 'application/octet-stream'),(38, 'hyz2', '', 1700, '/2022/03/04/dfd8996abf24406e90a4745b5a72c497', '2022-03-04 17:23:07', 'application/octet-stream'),(39, '1.png', 'png', 502349, '/2022/03/04/57dfcaad35ea45c5ac35cbdc4e7b3c0b.png', '2022-03-04 17:34:39', 'image/png'),(40, '1.png', 'png', 502349, '/2022/03/07/b30013791efe4259bd4d4f7390059231.png', '2022-03-07 10:30:04', 'image/png'),(41, 'dd.jpeg', 'jpeg', 31014, '/2022/08/19/aee7dd53edf64138ba1b5d29af0ab0c2.jpeg', '2022-08-19 15:12:32', 'image/jpeg'),(42, 'dd.jpeg', 'jpeg', 31014, '/2022/08/25/4a23fc3dd8c34f37b614d3426d5bf0da.jpeg', '2022-08-25 15:09:02', 'image/jpeg'),(43, 'dd.jpeg', 'jpeg', 31014, '/2022/08/25/b47b07675d0544feb3cc813f2ddf48b3.jpeg', '2022-08-25 15:09:17', 'image/jpeg'),(44, 'b68c9f5e7aed7e50e508445681dcf2e4.jpeg', 'jpeg', 32828, '/2022/08/25/ea54a1eb9cac49bd825478451ad87e93.jpeg', '2022-08-25 15:10:08', 'image/jpeg'),(45, 'dd.jpeg', 'jpeg', 31014, '/2022/08/25/b5a318930cea448f8fe8a8f0e3425565.jpeg', '2022-08-25 15:10:28', 'image/jpeg'),(46, 'dd.jpeg', 'jpeg', 31014, '/2022/08/25/b4a2f873f0e8496797ef6d6050fa9b23.jpeg', '2022-08-25 15:10:38', 'image/jpeg'),(47, 'b68c9f5e7aed7e50e508445681dcf2e4.jpeg', 'jpeg', 32828, '/2023/02/09/6d4fdd0520fc4103965e2fff571868d9.jpeg', '2023-02-09 16:50:50', 'image/jpeg'),(48, 'b68c9f5e7aed7e50e508445681dcf2e4.jpeg', 'jpeg', 32828, '/2023/02/09/2853ad887cf74cde9421db48bf46f591.jpeg', '2023-02-09 16:58:58', 'image/jpeg'),(49, 'dd.jpeg', 'jpeg', 31014, '/2023/05/15/3400533653584f2c867d9b95bfe76f50.jpeg', '2023-05-15 16:33:59', 'image/jpeg'),(50, 'dd.jpeg', 'jpeg', 31014, '/2023/05/15/a401f20d9fe44fe08695b20f768399c4.jpeg', '2023-05-15 16:34:01', 'image/jpeg');
UNLOCK TABLES;
COMMIT;
BEGIN;
LOCK TABLES `jqp`.`sys_menu` WRITE;
DELETE FROM `jqp`.`sys_menu`;
INSERT INTO `jqp`.`sys_menu` (`id`,`parent_id`,`menu_code`,`menu_name`,`menu_type`,`url`,`seq`,`icon`,`whether_button`) VALUES (7, NULL, '02', '系统管理', '1', NULL, 20, 'mdi-settings', 'NO'),(8, 177, '0101', '数据库表', '1', '/page/static/sys/tableInfo', 10, NULL, 'NO'),(10, 177, '0102', '列表管理', '1', '/page/static/sys/page', 20, NULL, 'NO'),(11, 177, '0103', '表单管理', '1', '/page/static/sys/form', 30, NULL, 'NO'),(12, 7, '0201', '菜单管理', '1', '/crud/menu', 10, NULL, 'NO'),(13, 7, '0202', '数据字典', '1', '/crud/dic', 20, NULL, 'NO'),(14, 177, '0104', 'magic-api', '1', '/magic/web/index.html', 40, NULL, 'NO'),(15, 7, '0203', '系统配置', '1', '/crud/config', 30, NULL, 'NO'),(16, NULL, '03', '人员组织', '1', NULL, 30, 'mdi-home', 'NO'),(17, 16, '0301', '超级管理员', '1', '/crud/user', 10, NULL, 'NO'),(18, 7, '0204', '序号管理', '1', '/crud/serialNumber', 40, NULL, 'NO'),(19, 16, '0302', '企业管理', '1', '/crud/enterprise', 20, NULL, 'NO'),(21, 16, '0303', '岗位管理', '1', '/crud/position', 30, NULL, 'NO'),(22, 16, '0304', '固定岗位', '1', '/crud/positionFixed', 40, NULL, 'NO'),(24, 16, '0305', '部门', '1', '/crud/dept', 50, NULL, 'NO'),(25, 16, '0306', '企业用户', '1', '/crud/enterpriseUser', 60, NULL, 'NO'),(52, 17, '030101', '用户列表-新增', '1', NULL, 10, NULL, 'YES'),(53, 17, '030102', '用户列表-编辑', '1', NULL, 20, NULL, 'YES'),(54, 17, '030103', '用户列表-删除', '1', NULL, 30, NULL, 'YES'),(55, 19, '030201', '企业列表-新增', '1', NULL, 10, NULL, 'YES'),(56, 19, '030202', '企业负责人列表-新增', '1', NULL, 20, NULL, 'YES'),(57, 19, '030203', '企业负责人列表-删除', '1', NULL, 30, NULL, 'YES'),(58, 19, '030204', '企业列表-编辑', '1', NULL, 40, NULL, 'YES'),(59, 19, '030205', '企业列表-企业菜单', '1', NULL, 50, NULL, 'YES'),(60, 19, '030206', '企业列表-删除', '1', NULL, 60, NULL, 'YES'),(61, 21, '030301', '岗位列表-新增', '1', NULL, 10, NULL, 'YES'),(62, 21, '030302', '岗位列表-编辑', '1', NULL, 20, NULL, 'YES'),(63, 21, '030303', '岗位列表-删除', '1', NULL, 30, NULL, 'YES'),(64, 21, '030304', '岗位列表-岗位菜单', '1', NULL, 40, NULL, 'YES'),(65, 22, '030401', '固定岗位-新增', '1', NULL, 10, NULL, 'YES'),(66, 22, '030402', '固定岗位-编辑', '1', NULL, 20, NULL, 'YES'),(67, 22, '030403', '固定岗位-删除', '1', NULL, 30, NULL, 'YES'),(68, 24, '030501', '部门列表-新增', '1', NULL, 10, NULL, 'YES'),(69, 24, '030502', '部门列表-编辑', '1', NULL, 20, NULL, 'YES'),(70, 24, '030503', '部门列表-删除', '1', NULL, 30, NULL, 'YES'),(71, 25, '030601', '企业用户-新增', '1', NULL, 10, NULL, 'YES'),(72, 25, '030602', '用户岗位-新增', '1', NULL, 20, NULL, 'YES'),(73, 25, '030603', '用户岗位-删除', '1', NULL, 30, NULL, 'YES'),(74, 25, '030604', '企业用户-编辑', '1', NULL, 40, NULL, 'YES'),(75, 25, '030605', '企业用户-删除', '1', NULL, 50, NULL, 'YES'),(76, 25, '030606', '企业用户-关联其他企业用户', '1', NULL, 60, NULL, 'YES'),(77, 15, '020301', '系统配置-新增', '1', NULL, 10, NULL, 'YES'),(78, 15, '020302', '系统配置-编辑', '1', NULL, 20, NULL, 'YES'),(79, 15, '020303', '系统配置-删除', '1', NULL, 30, NULL, 'YES'),(80, 18, '020401', '序号列表-新增', '1', NULL, 10, NULL, 'YES'),(81, 18, '020402', '序号列表-编辑', '1', NULL, 20, NULL, 'YES'),(82, 18, '020403', '序号列表-删除', '1', NULL, 30, NULL, 'YES'),(83, 12, '020101', '菜单管理-删除', '1', NULL, 10, NULL, 'YES'),(84, 12, '020102', '菜单管理-新增', '1', NULL, 20, NULL, 'YES'),(85, 12, '020103', '菜单管理-编辑', '1', NULL, 30, NULL, 'YES'),(86, 12, '020104', '菜单管理-初始化按钮', '1', NULL, 40, NULL, 'YES'),(89, 24, '030504', '部门负责人-新增', '1', NULL, 40, NULL, 'YES'),(90, 24, '030505', '部门负责人-删除', '1', NULL, 50, NULL, 'YES'),(91, 7, '0205', '权限定义', '1', '/crud/permission', 50, NULL, 'NO'),(92, 21, '030305', '岗位列表-数据权限', '1', NULL, 50, NULL, 'YES'),(93, 24, '030506', '部门列表-数据权限', '1', NULL, 60, NULL, 'YES'),(94, 91, '020501', '权限列表-新增', '1', NULL, 10, NULL, 'YES'),(95, 91, '020502', '权限列表-编辑', '1', NULL, 20, NULL, 'YES'),(96, 91, '020503', '权限列表-删除', '1', NULL, 30, NULL, 'YES'),(98, 99, '0401', '客户来源', '1', '/crud/customerSource', 10, NULL, 'NO'),(99, NULL, '04', 'CRM客户', '1', NULL, 40, 'mdi-account-multiple', 'NO'),(100, 99, '0402', '客户管理', '1', '/crud/customer', 20, NULL, 'NO'),(104, 7, '0206', '定时任务', '1', '/crud/timerTask', 60, NULL, 'NO'),(105, 7, '0207', '动态任务', '1', '/crud/dynamicTask', 70, NULL, 'NO'),(113, 104, '020601', '定时任务列表-新增', '1', NULL, 10, NULL, 'YES'),(114, 104, '020602', '定时任务列表-编辑', '1', NULL, 20, NULL, 'YES'),(115, 104, '020603', '定时任务列表-删除', '1', NULL, 30, NULL, 'YES'),(116, 104, '020604', '定时任务列表-执行记录', '1', NULL, 40, NULL, 'YES'),(117, 98, '040101', '客户来源列表-新增', '1', NULL, 10, NULL, 'YES'),(118, 98, '040102', '客户来源列表-编辑', '1', NULL, 20, NULL, 'YES'),(119, 98, '040103', '客户来源列表-删除', '1', NULL, 30, NULL, 'YES'),(120, 100, '040201', '客户列表-新增', '1', NULL, 10, NULL, 'YES'),(121, 100, '040202', '客户列表-编辑', '1', NULL, 20, NULL, 'YES'),(122, 100, '040203', '客户列表-删除', '1', NULL, 30, NULL, 'YES'),(123, 100, '040204', '客户列表-提交', '1', NULL, 40, NULL, 'YES'),(124, 100, '040205', '客户列表-审核记录', '1', NULL, 50, NULL, 'YES'),(125, 100, '040206', '客户列表-主管审核', '1', NULL, 60, NULL, 'YES'),(126, 100, '040207', '客户主管审核-审核', '1', NULL, 70, NULL, 'YES'),(127, 100, '040208', '客户主管审核表单-审核通过', '1', NULL, 80, NULL, 'YES'),(128, 100, '040209', '客户主管审核表单-审核不通过', '1', NULL, 90, NULL, 'YES'),(129, 100, '040210', '客户列表-财务审核', '1', NULL, 100, NULL, 'YES'),(130, 100, '040211', '客户财务审核表单-审核通过', '1', NULL, 110, NULL, 'YES'),(131, 100, '040212', '客户财务审核表单-审核不通过', '1', NULL, 120, NULL, 'YES'),(133, 7, '0208', '系统url', '1', '/crud/menuUrlAll', 80, NULL, 'NO'),(134, 12, '020105', '菜单管理-菜单url', '1', NULL, 50, NULL, 'YES'),(135, 12, '020106', '菜单url列表-新增', '1', NULL, 60, NULL, 'YES'),(136, 12, '020107', '菜单url列表-编辑', '1', NULL, 70, NULL, 'YES'),(137, 12, '020108', '菜单url列表-删除', '1', NULL, 80, NULL, 'YES'),(138, 133, '020801', '全部url-新增', '1', NULL, 10, NULL, 'YES'),(139, 133, '020802', '全部url-编辑', '1', NULL, 20, NULL, 'YES'),(140, 133, '020803', '全部url-删除', '1', NULL, 30, NULL, 'YES'),(141, 21, '030306', '岗位数据权限-配置', '1', NULL, 60, NULL, 'YES'),(142, 24, '030507', '部门数据权限-配置', '1', NULL, 70, NULL, 'YES'),(143, 177, '0108', '日志配置', '1', '/crud/logTable', 80, NULL, 'NO'),(144, 143, '010801', '记录日志的表列表-新增', '1', NULL, 10, NULL, 'YES'),(145, 143, '010802', '记录日志的表列表-编辑', '1', NULL, 20, NULL, 'YES'),(146, 143, '010803', '记录日志的表列表-删除', '1', NULL, 30, NULL, 'YES'),(147, 100, '040213', '客户列表-操作日志', '1', NULL, 130, NULL, 'YES'),(148, 17, '030104', '用户列表-重置密码', '1', NULL, 40, NULL, 'YES'),(149, 25, '030607', '企业用户-重置密码', '1', NULL, 70, NULL, 'YES'),(150, 25, '030608', '企业用户-数据权限', '1', NULL, 80, NULL, 'YES'),(151, 25, '030609', '用户数据权限-配置', '1', NULL, 90, NULL, 'YES'),(152, 13, '020201', '字典-新建', '1', NULL, 10, NULL, 'YES'),(153, 13, '020202', '字典明细-新建', '1', NULL, 20, NULL, 'YES'),(154, 13, '020203', '字典明细-编辑', '1', NULL, 30, NULL, 'YES'),(155, 13, '020204', '字典明细-删除', '1', NULL, 40, NULL, 'YES'),(156, 13, '020205', '字典-编辑', '1', NULL, 50, NULL, 'YES'),(157, 13, '020206', '字典-删除', '1', NULL, 60, NULL, 'YES'),(158, 13, '020207', '字典-查看', '1', NULL, 70, NULL, 'YES'),(159, 7, '0209', '操作日志', '1', '/crud/optionLog', 90, NULL, 'NO'),(160, 159, '020901', '操作日志-操作日志', '1', NULL, 10, NULL, 'YES'),(161, NULL, '05', '工作流', '1', NULL, 50, 'mdi-rotate-3d', 'NO'),(162, 161, '0501', '流程管理', '1', '/crud/activity', 10, NULL, 'NO'),(163, 161, '0502', '部署管理', '1', '/crud/deployment', 20, NULL, 'NO'),(164, 161, '0503', '流程实例', '1', '/crud/processInstance', 30, NULL, 'NO'),(165, 161, '0504', '流程任务', '1', '/crud/activityTask', 40, NULL, 'NO'),(166, 161, '0505', '测试订单', '1', '/crud/testOrder', 50, NULL, 'NO'),(167, 99, '0403', '文章', '1', '/crud/article', 30, NULL, 'NO'),(169, NULL, '06', '图表', '1', NULL, 60, 'mdi-chart-line-stacked', 'NO'),(170, 169, '0601', '图表管理', '1', '/crud/chart', 10, NULL, 'NO'),(171, 169, '0602', '图表测试数据1', '1', '/crud/chartTestData1', 20, NULL, 'NO'),(172, 161, '0506', '我的任务', '1', '/crud/myActivityTask', 60, NULL, 'NO'),(173, 177, '0106', '数据监听', '1', '/crud/dataListener', 60, NULL, 'NO'),(174, 177, '0105', '自定义页面', '1', '/crud/customPage', 50, NULL, 'NO'),(175, 177, '0107', '导入配置', '1', '/crud/dataImportTemplate', 70, NULL, 'NO'),(176, 7, '0210', '测试导入', '1', '/crud/testDataImport', 100, NULL, 'NO'),(177, NULL, '01', '开发管理', '1', NULL, 10, 'mdi-code-tags', 'NO'),(178, 177, '0109', 'sql语句', '1', '/crud/sqlInfo', 90, NULL, 'NO'),(181, 177, '0110', 'sql接口', '1', '/crud/sqlApi', 100, NULL, 'NO'),(182, NULL, '07', '前后端分离', '1', NULL, 70, 'mdi-code-tags', 'NO'),(183, 182, '0701', '前端页面', '1', 'custom', 10, NULL, 'NO'),(184, 182, '0702', '第三方链接', '1', 'http://www.baidu.com', 20, NULL, 'NO'),(185, 182, '0703', '多级页面', '1', 'test/custom', 30, NULL, 'NO'),(186, 177, '0111', '图标管理', '1', '/crud/icon', 110, NULL, 'NO'),(187, 177, '0112', '模板管理', '1', '/crud/template', 112, NULL, 'NO'),(189, 177, '0113', '系统日志', '1', '/admin/log.html', 130, NULL, 'NO'),(190, 191, '0801', '流程管理', '1', '/crud/flow', 10, NULL, 'NO'),(191, NULL, '08', '新工作流', '1', NULL, 80, NULL, 'NO'),(192, 191, '0802', '流程部署', '1', '/crud/flowDeploy', 20, NULL, 'NO'),(193, 191, '0803', '流程实例', '1', '/crud/flowInstance', 30, NULL, 'NO'),(194, 191, '0804', '流程任务', '1', '/crud/flowInstanceTask', 40, NULL, 'NO');
UNLOCK TABLES;
COMMIT;
BEGIN;
LOCK TABLES `jqp`.`t_order` WRITE;
DELETE FROM `jqp`.`t_order`;
UNLOCK TABLES;
COMMIT;
BEGIN;
LOCK TABLES `jqp`.`template` WRITE;
DELETE FROM `jqp`.`template`;
INSERT INTO `jqp`.`template` (`id`,`code`,`name`,`seq`,`parent_id`,`content`,`params`,`template_type`) VALUES (1, 'test', '测试', 10, NULL, 'saazzz11 \r\n${name}  \r\n## 测试\r\n#parse(\'test2\')\r\n<html>\r\n    aaa\r\n</html>\r\n', '{\r\n    \"name\":\"张三\",\r\n    \"age\":18\r\n}', 'html'),(2, 'test2', '测试abc', 10, 1, '- 测试2:${age}', '{\r\n    \"name\":\"张三11\",\r\n    \"age\":18\r\n}', 'javascript'),(3, 'page', '页面', 20, NULL, NULL, '{\"name\":\"\",\"perPage\":2147483647,\"page\":1}', 'text'),(4, 'index', '首页', 10, 3, '<html>\r\n    <head>\r\n        #parse(\"pageHeader\")\r\n    </head>\r\n    <body>\r\n        <h1>测试 ${params.abc}</h1>\r\n\r\n        #foreach($gender in $genderList)\r\n            <div>值:${gender.value},标签:${gender.label}</div>\r\n        #end\r\n    </body>\r\n</html>', '{\"name\":\"\",\"perPage\":2147483647,\"page\":1}', 'html'),(5, 'pageHeader', '页面头部', 20, 3, '<title>测试头部</title>\r\n', '{\"name\":\"\",\"perPage\":2147483647,\"page\":1}', 'html');
UNLOCK TABLES;
COMMIT;
BEGIN;
LOCK TABLES `jqp`.`test_data_import` WRITE;
DELETE FROM `jqp`.`test_data_import`;
INSERT INTO `jqp`.`test_data_import` (`id`,`user_id`,`enterprise_id`,`birthday`,`age`,`gender`) VALUES (1, 3, 4, '2001-05-06 00:00:00', 20, '2');
UNLOCK TABLES;
COMMIT;
BEGIN;
LOCK TABLES `jqp`.`test_order` WRITE;
DELETE FROM `jqp`.`test_order`;
INSERT INTO `jqp`.`test_order` (`id`,`order_code`,`customer_manager_id`,`designer_id`,`test_order_status`,`create_time`,`amount`) VALUES (1, 'S20220304000013', 2, 3, '3', '2022-03-04 14:50:55', NULL),(2, 'S20220304000019', 2, 3, '3', '2022-03-04 17:33:53', NULL),(3, 'S20220304000020', 3, 2, '3', '2022-03-04 17:56:35', NULL),(4, 'S20220304000021', 3, 3, '2', '2022-03-04 17:57:24', NULL),(5, 'S20220307000001', 2, 3, '3', '2022-03-07 09:10:35', NULL),(6, 'S20220429000001', 2, 3, '3', '2022-04-29 09:34:19', NULL),(7, 'S20230329000001', 3, 2, '3', '2023-03-29 09:09:20', NULL),(8, 'S20230511000001', 2, 3, '2', '2023-05-11 16:22:43', NULL),(9, 'S20230512000001', 2, 3, '3', '2023-05-12 09:40:08', NULL),(10, 'S20230512000002', 2, 3, '4', '2023-05-12 15:51:19', NULL),(11, 'S20230512000003', 2, 3, '4', '2023-05-12 16:11:41', NULL),(12, 'S20230512000004', 3, 2, '4', '2023-05-12 16:13:55', NULL),(13, 'S20230512000005', 2, 3, '4', '2023-05-12 16:16:01', NULL),(14, 'S20230512000006', 3, 3, '3', '2023-05-12 16:24:18', NULL),(15, 'S20230512000007', 2, 3, '3', '2023-05-12 16:53:29', 30.50),(17, 'S20230515000003', 2, 3, '2', '2023-05-15 15:13:05', 5.00),(18, 'S20230515000004', 2, 3, '5', '2023-05-15 15:24:06', 5.00),(19, 'S20230515000005', 2, 3, '4', '2023-05-15 16:32:20', 15.00);
UNLOCK TABLES;
COMMIT;
BEGIN;
LOCK TABLES `jqp`.`timer_task` WRITE;
DELETE FROM `jqp`.`timer_task`;
INSERT INTO `jqp`.`timer_task` (`id`,`name`,`api`,`scheduling_pattern`,`data_status`,`params`) VALUES (1, '测试定时任务', '/timerTask/testTimerTask', '0 6 16 1/1 * ?', '2', '{\r\n    \"name\":\"123\"\r\n}');
UNLOCK TABLES;
COMMIT;
BEGIN;
LOCK TABLES `jqp`.`timer_task_record` WRITE;
DELETE FROM `jqp`.`timer_task_record`;
INSERT INTO `jqp`.`timer_task_record` (`id`,`timer_task_id`,`timer_task_record_status`,`start_time`,`end_time`,`params`,`msg`) VALUES (1, 1, '执行失败', '2022-02-22 15:58:00', '2022-02-22 15:58:00', '{\r\n    \r\n}', '系统内部出现错误'),(2, 1, '执行失败', '2022-02-22 16:02:00', '2022-02-22 16:02:00', '{\r\n    \"name\":\"123\"\r\n}', '系统内部出现错误'),(3, 1, '执行成功', '2022-02-22 16:06:00', '2022-02-22 16:06:00', '{\r\n    \"name\":\"123\"\r\n}', NULL);
UNLOCK TABLES;
COMMIT;
BEGIN;
LOCK TABLES `jqp`.`user` WRITE;
DELETE FROM `jqp`.`user`;
INSERT INTO `jqp`.`user` (`id`,`user_code`,`name`,`mobile`,`password`,`salt`,`create_time`,`update_time`,`avatar`,`user_type`,`user_status`,`other_files`) VALUES (1, 'admin', '管理员', '', '2233f31a7f40ae62e68d59bc653625b2', '98ded42e-8bb5-4ece-93b9-932fda72805b', '2022-01-27 15:03:35', '2023-04-04 08:52:15', '/admin/download/44/b68c9f5e7aed7e50e508445681dcf2e4.jpeg', 'admin', '1', '/admin/download/9/b68c9f5e7aed7e50e508445681dcf2e4.jpeg'),(2, 'test01', '测试', '', '3652e13f0230e7a3a559e730f2af083e', '276deb73-103a-43a2-93cc-7905dd207c6e', '2022-02-11 14:27:05', '2023-03-31 14:29:56', '/admin/download/43/dd.jpeg', 'common', '1', ''),(3, '010101', '123123', '', '0276f5a3a11614755d9dda7ed9834ad2', '9496afa3-4b0c-4926-a0fa-dff39bae6b0e', '2022-02-16 10:55:36', '2023-04-04 08:52:19', '/admin/download/42/dd.jpeg', 'common', '2', '/admin/download/23/43e6a11ac1db1d2c63509d2f9ae704e9.jpeg');
UNLOCK TABLES;
COMMIT;
BEGIN;
LOCK TABLES `jqp`.`user_permission` WRITE;
DELETE FROM `jqp`.`user_permission`;
INSERT INTO `jqp`.`user_permission` (`id`,`enterprise_user_id`,`permission_id`,`config_value`) VALUES (1, 2, 10, 'self'),(2, 2, 9, 'dept'),(3, 2, 7, '3'),(4, 2, 7, '5'),(5, 2, 7, '6'),(11, 2, 8, '3'),(12, 2, 8, '2');
UNLOCK TABLES;
COMMIT;
